-- --------------------------------------------------------
-- Hôte :                        localhost
-- Version du serveur:           5.7.19 - MySQL Community Server (GPL)
-- SE du serveur:                Win64
-- HeidiSQL Version:             9.4.0.5125
-- --------------------------------------------------------

/*!40101 SET @OLD_CHARACTER_SET_CLIENT=@@CHARACTER_SET_CLIENT */;
/*!40101 SET NAMES utf8 */;
/*!50503 SET NAMES utf8mb4 */;
/*!40014 SET @OLD_FOREIGN_KEY_CHECKS=@@FOREIGN_KEY_CHECKS, FOREIGN_KEY_CHECKS=0 */;
/*!40101 SET @OLD_SQL_MODE=@@SQL_MODE, SQL_MODE='NO_AUTO_VALUE_ON_ZERO' */;

-- Export de la structure de la table lafactorysem. admin
DROP TABLE IF EXISTS `admin`;
CREATE TABLE IF NOT EXISTS `admin` (
  `admin_id` int(10) unsigned NOT NULL AUTO_INCREMENT,
  `first_name` varchar(191) NOT NULL,
  `last_name` varchar(191) NOT NULL,
  `email` varchar(191) NOT NULL,
  `password` varchar(191) NOT NULL,
  `is_active` tinyint(4) NOT NULL,
  `profile_image` varchar(191) DEFAULT NULL,
  `remember_token` varchar(191) DEFAULT NULL,
  `created_by` int(11) DEFAULT NULL,
  `created_at` timestamp NULL DEFAULT NULL,
  `updated_at` timestamp NULL DEFAULT NULL,
  `role_id` int(11) DEFAULT NULL,
  `type` int(11) NOT NULL,
  PRIMARY KEY (`admin_id`),
  UNIQUE KEY `admin_email_unique` (`email`),
  KEY `idx_role_id` (`role_id`),
  KEY `idx_created_at` (`created_at`),
  KEY `idx_updated_at` (`updated_at`),
  KEY `idx_is_active` (`is_active`)
) ENGINE=InnoDB AUTO_INCREMENT=49 DEFAULT CHARSET=utf8;

-- Export de données de la table lafactorysem.admin : ~4 rows (environ)
DELETE FROM `admin`;
/*!40000 ALTER TABLE `admin` DISABLE KEYS */;
INSERT INTO `admin` (`admin_id`, `first_name`, `last_name`, `email`, `password`, `is_active`, `profile_image`, `remember_token`, `created_by`, `created_at`, `updated_at`, `role_id`, `type`) VALUES
	(38, 'Super', 'Admin', 'super@admin.com', '$2y$10$8z6u.D6qO7b0L3QKz/swAu4eLYS8KNba.QS2N/Omwj1op9dF0NCnG', 1, '2018-08-16-16-34-00-1a-main-photo-facebook-blank-face-blank.jpg', 'gHXjaE7nEX539iXQPoDHDHyP4whWMQS7TlMhFoOHOMkkAgz06zYf53jMfCE0', 38, '2018-04-05 16:46:34', '2018-08-16 18:34:00', 1, 1),
	(39, 'Full', 'Subscribe', 'full@subscribe.com', '$2y$10$Erez7Q6D6u9qaNxoRZtp9.ZlDi5uRByeiqPgjYvAwS68BpD/qhW1O', 1, '2018-08-16-16-02-11-1a-main-photo-facebook-blank-face-blank.jpg', 'iK4qhAC7NrAYYhxuZNlfdNb7JTw8cnBWTjHVBeXcLuf4Zqp40wm5eItIuhNn', 38, '2018-04-05 16:46:34', '2018-08-17 08:48:50', 5, 2),
	(47, 'Simple', 'Admin', 'simple@admin.com', '$2y$10$D1aVzg2yvQxOkgq6JoA.Du1cG0HzxOjkDLa2i78ckTeLhoOO81bL.', 1, '2018-08-16-16-34-10-1a-main-photo-facebook-blank-face-blank.jpg', '4mQ2w882w2zyuyMBZVljSFLx0yoII8GjVUjH3xIAStKZvMpnssudA1dMsa60', 38, '2018-08-15 20:14:43', '2018-08-16 18:34:10', 7, 1),
	(48, 'bonjour', 'bonjour', 'bonjour@gmail.com', '$2y$10$iSBM7ZCOrCoBolUpDkXlveBsLQlJeC9U6Zbo.jSBI2xUL8nCXktce', 1, NULL, NULL, 38, '2018-08-17 09:10:52', '2018-08-17 09:10:52', 5, 2);
/*!40000 ALTER TABLE `admin` ENABLE KEYS */;

-- Export de la structure de la table lafactorysem. admin_role
DROP TABLE IF EXISTS `admin_role`;
CREATE TABLE IF NOT EXISTS `admin_role` (
  `admin_role_id` int(10) unsigned NOT NULL AUTO_INCREMENT,
  `role_name` varchar(191) NOT NULL,
  `type` int(11) NOT NULL,
  PRIMARY KEY (`admin_role_id`)
) ENGINE=InnoDB AUTO_INCREMENT=8 DEFAULT CHARSET=utf8;

-- Export de données de la table lafactorysem.admin_role : ~3 rows (environ)
DELETE FROM `admin_role`;
/*!40000 ALTER TABLE `admin_role` DISABLE KEYS */;
INSERT INTO `admin_role` (`admin_role_id`, `role_name`, `type`) VALUES
	(1, 'Super Admin', 1),
	(5, 'Partner Full Access', 2),
	(7, 'Simple Admin', 1);
/*!40000 ALTER TABLE `admin_role` ENABLE KEYS */;

-- Export de la structure de la table lafactorysem. blog_category
DROP TABLE IF EXISTS `blog_category`;
CREATE TABLE IF NOT EXISTS `blog_category` (
  `blog_category_id` int(10) unsigned NOT NULL AUTO_INCREMENT,
  `english_name` varchar(191) NOT NULL,
  `french_name` varchar(191) DEFAULT NULL,
  `is_active` blob NOT NULL,
  `is_home_page` blob NOT NULL,
  `created_by` int(10) unsigned DEFAULT NULL,
  `created_at` timestamp NULL DEFAULT NULL,
  `updated_at` timestamp NULL DEFAULT NULL,
  PRIMARY KEY (`blog_category_id`),
  KEY `idx_created_by` (`created_by`),
  KEY `idx_created_at` (`created_at`),
  KEY `idx_updated_at` (`updated_at`)
) ENGINE=InnoDB AUTO_INCREMENT=7 DEFAULT CHARSET=utf8;

-- Export de données de la table lafactorysem.blog_category : ~0 rows (environ)
DELETE FROM `blog_category`;
/*!40000 ALTER TABLE `blog_category` DISABLE KEYS */;
INSERT INTO `blog_category` (`blog_category_id`, `english_name`, `french_name`, `is_active`, `is_home_page`, `created_by`, `created_at`, `updated_at`) VALUES
	(5, 'Local discoveries', 'Découvertes locales', _binary 0x31, _binary 0x31, 2, '2017-08-28 08:16:16', '2017-08-28 08:16:16');
/*!40000 ALTER TABLE `blog_category` ENABLE KEYS */;

-- Export de la structure de la table lafactorysem. blog_post
DROP TABLE IF EXISTS `blog_post`;
CREATE TABLE IF NOT EXISTS `blog_post` (
  `blog_post_id` int(10) unsigned NOT NULL AUTO_INCREMENT,
  `english_title` varchar(191) NOT NULL,
  `french_title` varchar(191) DEFAULT NULL,
  `english_article` longtext,
  `french_article` longtext,
  `blog_category_id` int(10) unsigned DEFAULT NULL,
  `banner_image` varchar(191) DEFAULT NULL,
  `created_by` int(10) unsigned DEFAULT NULL,
  `is_active` tinyint(4) NOT NULL,
  `is_popular` tinyint(4) NOT NULL,
  `en_meta_title` varchar(191) DEFAULT NULL,
  `fr_meta_title` varchar(191) DEFAULT NULL,
  `en_meta_description` text,
  `fr_meta_description` text,
  `en_meta_keywords` text,
  `fr_meta_keywords` text,
  `en_og_title` varchar(191) DEFAULT NULL,
  `fr_og_title` varchar(191) DEFAULT NULL,
  `en_og_description` text,
  `fr_og_description` text,
  `created_at` timestamp NULL DEFAULT NULL,
  `updated_at` timestamp NULL DEFAULT NULL,
  `publish_date` date DEFAULT NULL,
  PRIMARY KEY (`blog_post_id`),
  KEY `idx_blog_category_id` (`blog_category_id`),
  KEY `idx_created_by` (`created_by`),
  KEY `idx_updated_at` (`updated_at`),
  KEY `idx_created_at` (`created_at`),
  KEY `idx_is_active` (`is_active`),
  KEY `idx_is_popular` (`is_popular`)
) ENGINE=InnoDB AUTO_INCREMENT=8 DEFAULT CHARSET=utf8;

-- Export de données de la table lafactorysem.blog_post : ~3 rows (environ)
DELETE FROM `blog_post`;
/*!40000 ALTER TABLE `blog_post` DISABLE KEYS */;
INSERT INTO `blog_post` (`blog_post_id`, `english_title`, `french_title`, `english_article`, `french_article`, `blog_category_id`, `banner_image`, `created_by`, `is_active`, `is_popular`, `en_meta_title`, `fr_meta_title`, `en_meta_description`, `fr_meta_description`, `en_meta_keywords`, `fr_meta_keywords`, `en_og_title`, `fr_og_title`, `en_og_description`, `fr_og_description`, `created_at`, `updated_at`, `publish_date`) VALUES
	(3, 'Evive - Cubes de smoothies', 'Evive - Cubes de smoothies', '<p><em>This post is not available in english for the moment.&nbsp;</em></p>\r\n\r\n<p><em>French version below:</em></p>\r\n\r\n<p>&nbsp;</p>\r\n\r\n<p>R&eacute;cemment, nous discutions des fa&ccedil;ons d&rsquo;avoir &agrave; la fois une bonne alimentation et de gagner du temps le matin. En fouillant sur internet, nous avons d&eacute;couvert la compagnie Evive.</p>\r\n\r\n<p>Cette compagnie produit des cubes de smoothie congel&eacute;es. Il s&rsquo;agit en fait de pur&eacute;e de fruits, de l&eacute;gumes et de super aliments.</p>\r\n\r\n<p><img alt="" height="189" src="https://www.alternateeve.com/upload/redactor_upload_images/1504051766_12027825_1496145894035199_4838804955488600807_n%20copie.jpg" style="float:right" title="" width="190" /></p>\r\n\r\n<p>&nbsp;</p>\r\n\r\n<p>Il suffit de prendre une portion de cubes, vous les mettez dans un r&eacute;cipient, vous ajoutez le liquide de votre choix, vous attendez 15-20 min et vous brasser. &nbsp;C&rsquo;est parfait pour les gens press&eacute;s ou pour ceux qui pr&eacute;f&egrave;rent prendre leur petit-d&eacute;jeuner&nbsp;au travail. &nbsp;</p>\r\n\r\n<p>C&rsquo;&eacute;tait la premi&egrave;re fois que nous voyions une id&eacute;e semblable alors que les smoothies sont plut&ocirc;t &agrave; la mode depuis quelques ann&eacute;es. Nous avons donc contact&eacute; l&rsquo;&eacute;quipe d&rsquo;Evive afin qu&rsquo;ils nous parlent de leurs produits et qu&rsquo;ils nous racontent comment l&rsquo;entreprise est n&eacute;e.</p>\r\n\r\n<p>&nbsp;</p>\r\n\r\n<p><img alt="" height="274" src="https://www.alternateeve.com/upload/redactor_upload_images/1504053575_IMG_20170511_120011 copie.jpg" title="" width="205" /></p>\r\n\r\n<p>L&rsquo;id&eacute;e de lancer des smoothies en cubes sur le march&eacute; est venu pendant les ann&eacute;es d&rsquo;universit&eacute; de la fondatrice Claudia Poulin. L&rsquo;alimentation &eacute;tait un sujet tr&egrave;s important pour elle. Elle voulait manger sainement et une des fa&ccedil;on d&rsquo;y arriver &eacute;tait de se faire des smoothies. Avec son conjoint, Dominic Dub&eacute;, ils ont eu l&rsquo;id&eacute;e des cubes afin de partager une fa&ccedil;on rapide de bien s&rsquo;alimenter avec un grand nombre de personnes. Selon eux, leur formule offre aux gens une fa&ccedil;on simple et rapide de bien manger, ce qui leur permet &eacute;galement de profiter de la vie. De l&agrave; provient leur slogan : &ldquo;Evive ta vie/More from life&rdquo;.</p>\r\n\r\n<p>&nbsp;</p>\r\n\r\n<p>Partager leur vision de la sant&eacute; est un &eacute;l&eacute;ment cl&eacute; de leurs id&eacute;es. Les valeurs tel que le bien-&ecirc;tre, le partage et l&rsquo;harmonie ont une place centrale dans leur compagnie.</p>\r\n\r\n<p>&nbsp;</p>\r\n\r\n<p>Claudia et Dominic souhaiteraient faire passer le message suivant avec leur compagnie:</p>\r\n\r\n<p>&ldquo;FAST FOOD DOESN&#39;T MEAN JUNK FOOD. Notre produit offre un fa&ccedil;on &quot;fast food&quot;, sans &ecirc;tre n&eacute;faste pour la sant&eacute;, c&#39;est m&ecirc;me b&eacute;n&eacute;fique &ldquo; - Claudia Poulin</p>\r\n\r\n<p><img alt="" height="140" src="https://www.alternateeve.com/upload/redactor_upload_images/1504053647_unnamed copie.jpg" title="" width="212" /></p>\r\n\r\n<p>Les smoothies d&rsquo;Evive sont fait avec des ingr&eacute;dients biologiques. Ils sont pr&eacute;par&eacute;s au Qu&eacute;bec et lorsque possible, la compagnie&nbsp;utilise des produits locaux. &nbsp;Trois recettes de smoothies sont pr&eacute;sentement disponibles : Le guerrier (framboises, fraises, betterave, graines de chia), le touk-touk (mangue, ananas, abricot, noix de coco) et le yogi (banane, &eacute;pinard, poire, kale, graine de chanvre). Des prot&eacute;ines v&eacute;g&eacute;tales ont &eacute;t&eacute; ajout&eacute; &agrave; chacune des recettes &agrave; la demande des clients.</p>\r\n\r\n<p>&nbsp;</p>\r\n\r\n<p>En allant sur le site internet de la compagnie&nbsp;<a href="http://www.evivesmoothie.com/" target="_blank">Evive</a>, vous trouverez la liste compl&egrave;te des ingr&eacute;dients et &eacute;galement les points de ventes.</p>\r\n\r\n<p>&nbsp;</p>\r\n\r\n<p>Bon smoothie!</p>\r\n\r\n<p>&nbsp;</p>', '<p>R&eacute;cemment, nous discutions des fa&ccedil;ons d&rsquo;avoir &agrave; la fois une bonne alimentation et de gagner du temps le matin. En fouillant sur internet, nous avons d&eacute;couvert la compagnie Evive.</p>\r\n\r\n<p>Cette compagnie produit des cubes de smoothie congel&eacute;es. Il s&rsquo;agit en fait de pur&eacute;e de fruits, de l&eacute;gumes et de super aliments.</p>\r\n\r\n<p><img alt="" height="189" src="https://www.alternateeve.com/upload/redactor_upload_images/1504051766_12027825_1496145894035199_4838804955488600807_n%20copie.jpg" style="float:right" title="" width="190" /></p>\r\n\r\n<p>Il suffit de prendre une portion de cubes, vous les mettez dans un r&eacute;cipient, vous ajoutez le liquide de votre choix, vous attendez 15-20 min et vous brasser. &nbsp;C&rsquo;est parfait pour les gens press&eacute;s ou pour ceux qui pr&eacute;f&egrave;rent prendre leur petit-d&eacute;jeuner&nbsp;au travail. &nbsp;</p>\r\n\r\n<p>C&rsquo;&eacute;tait la premi&egrave;re fois que nous voyions une id&eacute;e semblable alors que les smoothies sont plut&ocirc;t &agrave; la mode depuis quelques ann&eacute;es. Nous avons donc contact&eacute; l&rsquo;&eacute;quipe d&rsquo;Evive afin qu&rsquo;ils nous parlent de leurs produits et qu&rsquo;ils nous racontent comment l&rsquo;entreprise est n&eacute;e.</p>\r\n\r\n<p>&nbsp;</p>\r\n\r\n<p><img alt="" height="274" src="https://www.alternateeve.com/upload/redactor_upload_images/1504053575_IMG_20170511_120011%20copie.jpg" title="" width="205" /></p>\r\n\r\n<p>L&rsquo;id&eacute;e de lancer des smoothies en cubes sur le march&eacute; est venu pendant les ann&eacute;es d&rsquo;universit&eacute; de la fondatrice Claudia Poulin. L&rsquo;alimentation &eacute;tait un sujet tr&egrave;s important pour elle. Elle voulait manger sainement et une des fa&ccedil;on d&rsquo;y arriver &eacute;tait de se faire des smoothies. Avec son conjoint, Dominic Dub&eacute;, ils ont eu l&rsquo;id&eacute;e des cubes afin de partager une fa&ccedil;on rapide de bien s&rsquo;alimenter avec un grand nombre de personnes. Selon eux, leur formule offre aux gens une fa&ccedil;on simple et rapide de bien manger, ce qui leur permet &eacute;galement de profiter de la vie. De l&agrave; provient leur slogan : &ldquo;Evive ta vie/More from life&rdquo;.</p>\r\n\r\n<p>&nbsp;</p>\r\n\r\n<p>Partager leur vision de la sant&eacute; est un &eacute;l&eacute;ment cl&eacute; de leurs id&eacute;es. Les valeurs tel que le bien-&ecirc;tre, le partage et l&rsquo;harmonie ont une place centrale dans leur compagnie.</p>\r\n\r\n<p>&nbsp;</p>\r\n\r\n<p>Claudia et Dominic souhaiteraient faire passer le message suivant avec leur compagnie:</p>\r\n\r\n<p>&ldquo;FAST FOOD DOESN&#39;T MEAN JUNK FOOD. Notre produit offre un fa&ccedil;on &quot;fast food&quot;, sans &ecirc;tre n&eacute;faste pour la sant&eacute;, c&#39;est m&ecirc;me b&eacute;n&eacute;fique &ldquo; - Claudia Poulin</p>\r\n\r\n<p><img alt="" height="140" src="https://www.alternateeve.com/upload/redactor_upload_images/1504053647_unnamed%20copie.jpg" title="" width="212" /></p>\r\n\r\n<p>Les smoothies d&rsquo;Evive sont fait avec des ingr&eacute;dients biologiques. Ils sont pr&eacute;par&eacute;s au Qu&eacute;bec et lorsque possible, la compagnie&nbsp;utilise des produits locaux. &nbsp;Trois recettes de smoothies sont pr&eacute;sentement disponibles : Le guerrier (framboises, fraises, betterave, graines de chia), le touk-touk (mangue, ananas, abricot, noix de coco) et le yogi (banane, &eacute;pinard, poire, kale, graine de chanvre). Des prot&eacute;ines v&eacute;g&eacute;tales ont &eacute;t&eacute; ajout&eacute; &agrave; chacune des recettes &agrave; la demande des clients.</p>\r\n\r\n<p>&nbsp;</p>\r\n\r\n<p>En allant sur le site internet de la compagnie&nbsp;<a href="http://www.evivesmoothie.com/" target="_blank">Evive</a>, vous trouverez la liste compl&egrave;te des ingr&eacute;dients et &eacute;galement les points de ventes.</p>\r\n\r\n<p>&nbsp;</p>\r\n\r\n<p>Bon smoothie!</p>\r\n\r\n<p>&nbsp;</p>', 5, '2017-12-14-15-49-07-2017-08-30-00-19-33-18268404_1784018018581317_3005372520109564707_n copie.jpg', 2, 1, 1, 'Evive - Cubes de smoothies', 'Evive - Cubes de smoothies', 'Récemment, nous discutions des façons d’avoir à la fois une bonne alimentation et de gagner du temps le matin. En fouillant sur internet, nous avons découvert la compagnie Evive.', 'Récemment, nous discutions des façons d’avoir à la fois une bonne alimentation et de gagner du temps le matin. En fouillant sur internet, nous avons découvert la compagnie Evive.', 'Evive smoothies', 'Evive smoothies', 'Evive - Cubes de smoothies', 'Evive - Cubes de smoothies', 'Récemment, nous discutions des façons d’avoir à la fois une bonne alimentation et de gagner du temps le matin. En fouillant sur internet, nous avons découvert la compagnie Evive.', 'Récemment, nous discutions des façons d’avoir à la fois une bonne alimentation et de gagner du temps le matin. En fouillant sur internet, nous avons découvert la compagnie Evive.', '2017-06-09 03:13:56', '2017-12-15 00:49:07', '2017-07-01'),
	(5, 'Sarah dans la lune - Écodesign mode', 'Sarah dans la lune - Écodesign mode', '<p><em>This post is not available in english for the moment.&nbsp;</em></p>\r\n\r\n<p><em>French version below:</em></p>\r\n\r\n<p>&nbsp;</p>\r\n\r\n<p>Pour notre premier article, nous sommes all&eacute;s &agrave; la rencontre de Sarah dans la lune, alias Sarah Girouard.&nbsp;</p>\r\n\r\n<p>&nbsp;</p>\r\n\r\n<p><span style="font-size:18px"><img alt="" height="318" src="http://142.44.142.26/upload/redactor_upload_images/1503880392_IMG_2072.JPG" title="" width="239" /></span></p>\r\n\r\n<p>&nbsp;</p>\r\n\r\n<p>Sur son&nbsp;<a href="https://sarahdanslalune.com/" target="_blank">site internet,</a>&nbsp;la jeune cr&eacute;atrice montr&eacute;alaise vous propose des articles utilitaires et de modes fait avec des cravates recycl&eacute;es qu&rsquo;elle d&eacute;niche dans des friperies. Elle cr&eacute;e des fanny packs, des &eacute;tuis &agrave; maquillage et des noeuds papillons avec ses trouvailles. D&rsquo;ailleurs, elle peut cr&eacute;er jusqu&rsquo;&agrave; quatre items avec une seule cravate!</p>\r\n\r\n<p>&nbsp;</p>\r\n\r\n<p>L&rsquo;id&eacute;e de cr&eacute;er son entreprise d&rsquo;&eacute;co-design lui est venu en janvier 2016. Rapidement, elle sort sa premi&egrave;re collection au mois de mai suivant. Le recyclage de mat&eacute;riel est r&eacute;ellement le centre de son projet. Les cravates moins jolies servent de doublure et elle se sert de boutons r&eacute;cup&eacute;r&eacute;s sur ses cr&eacute;ations.</p>\r\n\r\n<p>&nbsp;</p>\r\n\r\n<p>Lorsqu&rsquo;elle pense au futur, Sarah aimerait cr&eacute;er un site internet o&ugrave; les personnes peuvent personnaliser et commander un produit selon les tissus et mat&eacute;riaux disponibles. Elle souhaiterait &eacute;galement agrandir son &eacute;quipe afin d&rsquo;avoir du personnel qui s&rsquo;occuperait du c&ocirc;t&eacute; administratif et de la communication.</p>\r\n\r\n<p>&nbsp;&nbsp;</p>\r\n\r\n<p>Si votre curiosit&eacute; a &eacute;t&eacute; piqu&eacute;e, vous pouvez trouver les produits de Sarah dans la lune sur son site internet ou &agrave; la boutique L&rsquo;empreinte coop&eacute;rative au vieux Montr&eacute;al sur la rue Saint-Paul. Elle participera &eacute;galement &agrave; &nbsp;la&nbsp;<a href="https://www.facebook.com/events/443885182627548/" target="_blank">&ldquo;Vente priv&eacute;e et soir&eacute;e de personnalisation mode&rdquo;</a><a href="https://www.facebook.com/events/443885182627548/" target="_blank">&nbsp;</a>organis&eacute;e par l&rsquo;Avenue du Mont-Royal le 3 mai prochain &agrave; la boutique Adam &amp; &Egrave;ve o&ugrave; vous pourrez fabriquer des boucles pour cheveux et des noeuds papillons avec elle.</p>\r\n\r\n<p>&nbsp;</p>\r\n\r\n<p>&nbsp;</p>\r\n\r\n<p>&nbsp;</p>\r\n\r\n<p>&nbsp;</p>\r\n\r\n<p>&nbsp;</p>\r\n\r\n<p>&nbsp;</p>\r\n\r\n<p>Bon magasinage!</p>\r\n\r\n<p>&nbsp;</p>\r\n\r\n<p>&nbsp;</p>\r\n\r\n<p>&nbsp;</p>\r\n\r\n<p style="text-align:center">&nbsp;&nbsp;&nbsp;<img alt="" height="294" src="http://142.44.142.26/upload/redactor_upload_images/1503877109_aa.JPG" width="221" />&nbsp;.&nbsp;<img alt="" height="294" src="http://142.44.142.26/upload/redactor_upload_images/1503877109_a.JPG" width="225" /></p>\r\n\r\n<p>&nbsp;</p>\r\n\r\n<p>&nbsp;</p>\r\n\r\n<p><img alt="" height="324" src="http://142.44.142.26/upload/redactor_upload_images/1503877109_14910491_10154120801556588_410466007101138986_n.jpg" title="" width="323" /></p>\r\n\r\n<p>&nbsp;</p>\r\n\r\n<p>&nbsp;</p>\r\n\r\n<p>Vous pouvez aussi d&eacute;couvrir ses cr&eacute;ations sur sa page&nbsp;<a href="https://www.facebook.com/sarahdanslalune/" target="_blank">Facebook</a></p>\r\n\r\n<p>&nbsp;</p>', '<p>Pour notre premier article, nous sommes all&eacute;s &agrave; la rencontre de Sarah dans la lune, alias Sarah Girouard.&nbsp;</p>\r\n\r\n<p>&nbsp;</p>\r\n\r\n<p><span style="font-size:18px"><img alt="" height="318" src="http://142.44.142.26/upload/redactor_upload_images/1503880392_IMG_2072.JPG" title="" width="239" /></span></p>\r\n\r\n<p>&nbsp;</p>\r\n\r\n<p>Sur son&nbsp;<a href="https://sarahdanslalune.com/" target="_blank">site internet,</a>&nbsp;la jeune cr&eacute;atrice montr&eacute;alaise vous propose des articles utilitaires et de modes fait avec des cravates recycl&eacute;es qu&rsquo;elle d&eacute;niche dans des friperies. Elle cr&eacute;e des fanny packs, des &eacute;tuis &agrave; maquillage et des noeuds papillons avec ses trouvailles. D&rsquo;ailleurs, elle peut cr&eacute;er jusqu&rsquo;&agrave; quatre items avec une seule cravate!</p>\r\n\r\n<p>&nbsp;</p>\r\n\r\n<p>L&rsquo;id&eacute;e de cr&eacute;er son entreprise d&rsquo;&eacute;co-design lui est venu en janvier 2016. Rapidement, elle sort sa premi&egrave;re collection au mois de mai suivant. Le recyclage de mat&eacute;riel est r&eacute;ellement le centre de son projet. Les cravates moins jolies servent de doublure et elle se sert de boutons r&eacute;cup&eacute;r&eacute;s sur ses cr&eacute;ations.</p>\r\n\r\n<p>&nbsp;</p>\r\n\r\n<p>Lorsqu&rsquo;elle pense au futur, Sarah aimerait cr&eacute;er un site internet o&ugrave; les personnes peuvent personnaliser et commander un produit selon les tissus et mat&eacute;riaux disponibles. Elle souhaiterait &eacute;galement agrandir son &eacute;quipe afin d&rsquo;avoir du personnel qui s&rsquo;occuperait du c&ocirc;t&eacute; administratif et de la communication.</p>\r\n\r\n<p>&nbsp;&nbsp;</p>\r\n\r\n<p>Si votre curiosit&eacute; a &eacute;t&eacute; piqu&eacute;e, vous pouvez trouver les produits de Sarah dans la lune sur son site internet ou &agrave; la boutique L&rsquo;empreinte coop&eacute;rative au vieux Montr&eacute;al sur la rue Saint-Paul. Elle participera &eacute;galement &agrave; &nbsp;la&nbsp;<a href="https://www.facebook.com/events/443885182627548/" target="_blank">&ldquo;Vente priv&eacute;e et soir&eacute;e de personnalisation mode&rdquo;</a><a href="https://www.facebook.com/events/443885182627548/" target="_blank">&nbsp;</a>organis&eacute;e par l&rsquo;Avenue du Mont-Royal le 3 mai prochain &agrave; la boutique Adam &amp; &Egrave;ve o&ugrave; vous pourrez fabriquer des boucles pour cheveux et des noeuds papillons avec elle.</p>\r\n\r\n<p><br />\r\nBon magasinage!</p>\r\n\r\n<p>&nbsp;</p>\r\n\r\n<p><img alt="" height="294" src="http://142.44.142.26/upload/redactor_upload_images/1503877109_IMG_2072.JPG" title="" width="219" />&nbsp;.&nbsp;<img alt="" height="294" src="http://142.44.142.26/upload/redactor_upload_images/1503877109_aa.JPG" width="221" />&nbsp;. <img alt="" height="294" src="http://142.44.142.26/upload/redactor_upload_images/1503877109_a.JPG" width="225" /></p>\r\n\r\n<p>&nbsp;</p>\r\n\r\n<p><img alt="" height="324" src="http://142.44.142.26/upload/redactor_upload_images/1503877109_14910491_10154120801556588_410466007101138986_n.jpg" title="" width="323" /></p>\r\n\r\n<p>&nbsp;</p>\r\n\r\n<p>Vous pouvez aussi d&eacute;couvrir ses cr&eacute;ations sur sa page&nbsp;<a href="https://www.facebook.com/sarahdanslalune/" target="_blank">Facebook</a></p>\r\n\r\n<p>&nbsp;</p>', 5, '2017-12-14-15-48-58-2017-08-30-01-42-38-1 960x640.jpg', 19, 1, 1, 'Sarah dans la lune - Écodesign mode', 'Sarah dans la lune - Écodesign mode', 'Sarah dans la lune - Écodesign mode', 'Sarah dans la lune - Écodesign mode', 'Sarah dans la lune - Écodesign mode', 'Sarah dans la lune - Écodesign mode', 'Test OG title EN Sarah dans la lune', 'Test OG title FR Sarah dans la lune', 'test OG description Sarah dans la lune EN- Écodesign mode', 'test OG description Sarah dans la lune FR- Écodesign mode', '2017-08-28 08:26:49', '2017-12-15 00:48:58', '2017-06-01'),
	(6, 'Dans le sac', 'Dans le sac', '<p><em>This post is not available in english for the moment.&nbsp;</em></p>\r\n\r\n<p><em>French version below:</em></p>\r\n\r\n<p>&nbsp;</p>\r\n\r\n<p>Avec l&rsquo;ouverture r&eacute;cente d&rsquo;&eacute;piceries z&eacute;ro d&eacute;chet &agrave; Montr&eacute;al, on constate un int&eacute;r&ecirc;t au quotidien pour l&rsquo;&eacute;cologie et l&rsquo;anti-gaspillage. Faire ses courses en vrac? &Ccedil;a nous tente, mais &ccedil;a demande quand m&ecirc;me un peu d&rsquo;organisation. &Agrave; ce sujet, on &nbsp;a d&eacute;couvert Dans le sac, une jeune entreprise montr&eacute;alaise qui a eu l&rsquo;id&eacute;e de sacs en coton r&eacute;utilisables. Vraiment pratique pour faire son &eacute;picerie vrac sans prise de t&ecirc;te!</p>\r\n\r\n<p>&nbsp;</p>\r\n\r\n<p><img alt="" height="227" src="https://static.wixstatic.com/media/97fca0_ebe2da736a00433080739bf8f615ee86~mv2.png/v1/fill/w_202,h_185,al_c,usm_0.66_1.00_0.01/97fca0_ebe2da736a00433080739bf8f615ee86~mv2.png" style="float:right" title="" width="248" /></p>\r\n\r\n<h4>Comment &ccedil;a a commenc&eacute;.</h4>\r\n\r\n<p>&nbsp;</p>\r\n\r\n<p>C&rsquo;est en s&rsquo;int&eacute;ressant au mouvement z&eacute;ro d&eacute;chet que St&eacute;phanie et Laurie, qui vont souvent&nbsp;acheter du pain en boulangerie, commencent &agrave; utiliser une taie d&rsquo;oreiller pour &eacute;viter l&rsquo;usage d&rsquo;un nouveau sac &agrave; chaque fois. Elles se rendent compte qu&rsquo;il y a un r&eacute;el besoin et cherchent une solution plus esth&eacute;tique. Les deux amies d&eacute;cident alors de coudre leurs propres sacs &agrave; pain r&eacute;utilisables en coton. C&rsquo;est rapidement un succ&egrave;s et les premiers sacs se vendent en quelques jours. Dans le sac est n&eacute;.</p>\r\n\r\n<p>&nbsp;</p>\r\n\r\n<h4>&nbsp;</h4>\r\n\r\n<h4>Dans le sac propose un collection de sacs r&eacute;utilisables 100% coton fabriqu&eacute;s &agrave; Montr&eacute;al.</h4>\r\n\r\n<p>&nbsp;</p>\r\n\r\n<p><img alt="" height="221" src="https://static.wixstatic.com/media/97fca0_5928cb00775a4294b5b29ec00e21a3af~mv2.png/v1/fill/w_183,h_183,al_c,usm_0.66_1.00_0.01/97fca0_5928cb00775a4294b5b29ec00e21a3af~mv2.png" style="float:left" title="" width="221" />&nbsp;Les sacs sont adapt&eacute;s &agrave; des usages vari&eacute;s; que ce soit le sac &agrave; pain classique pour vos sorties &agrave; la boulangerie, le sac &agrave; baguette (qui permet m&ecirc;me de transporter votre tapis de yoga si jamais !), ou les sacs &agrave; vrac en grand et petit format pour transporter votre &eacute;picerie : fruits, c&eacute;r&eacute;ales, noix, lentilles...&nbsp; &nbsp; &nbsp; &nbsp; &nbsp; &nbsp; &nbsp; &nbsp; &nbsp; &nbsp; &nbsp; &nbsp; &nbsp; &nbsp; &nbsp; &nbsp;</p>\r\n\r\n<p>En plus d&rsquo;&ecirc;tre multi-usages et faciles &agrave; transporter, on aime particuli&egrave;rement le charme du tissu en coton et le design minimaliste&nbsp;des sacs.</p>\r\n\r\n<p>&nbsp;</p>\r\n\r\n<p>&nbsp;</p>\r\n\r\n<p>&nbsp;</p>\r\n\r\n<h4>Et apr&egrave;s ?</h4>\r\n\r\n<p>&nbsp;</p>\r\n\r\n<p>Chez Dans le sac, &ldquo;un simple geste peut faire une grande diff&eacute;rence&rdquo;. Pour la suite, St&eacute;phanie et Laurie veulent continuer d&rsquo;&eacute;largir la gamme de leurs produits et introduire de la nouveaut&eacute;, toujours avec l&rsquo;id&eacute;e de remplacer un objet jetable du quotidien par un autre durable, r&eacute;utilisable et multifonctionnel. De notre c&ocirc;t&eacute;, on compte bien suivre &ccedil;a de pr&egrave;s !</p>\r\n\r\n<p>&nbsp;</p>\r\n\r\n<p>Pour s&rsquo;en procurer, c&rsquo;est possible directement avec leur&nbsp;<a href="http://danslesac.co/" target="_blank">boutique</a>&nbsp;en ligne ou chez l&rsquo;un des d&eacute;taillants partenaires.</p>\r\n\r\n<p><br />\r\n<img alt="" height="468" src="https://www.alternateeve.com/upload/redactor_upload_images/1504060012_18767229_10213334955627855_62947741_o%20(1).jpg" title="" width="624" /></p>\r\n\r\n<p>&nbsp;</p>\r\n\r\n<p>&nbsp;</p>', '<p>Avec l&rsquo;ouverture r&eacute;cente d&rsquo;&eacute;piceries z&eacute;ro d&eacute;chet &agrave; Montr&eacute;al, on constate un int&eacute;r&ecirc;t au quotidien pour l&rsquo;&eacute;cologie et l&rsquo;anti-gaspillage. Faire ses courses en vrac? &Ccedil;a nous tente, mais &ccedil;a demande quand m&ecirc;me un peu d&rsquo;organisation. &Agrave; ce sujet, on &nbsp;a d&eacute;couvert Dans le sac, une jeune entreprise montr&eacute;alaise qui a eu l&rsquo;id&eacute;e de sacs en coton r&eacute;utilisables. Vraiment pratique pour faire son &eacute;picerie vrac sans prise de t&ecirc;te!</p>\r\n\r\n<p>&nbsp;</p>\r\n\r\n<p><img alt="" height="227" src="https://static.wixstatic.com/media/97fca0_ebe2da736a00433080739bf8f615ee86~mv2.png/v1/fill/w_202,h_185,al_c,usm_0.66_1.00_0.01/97fca0_ebe2da736a00433080739bf8f615ee86~mv2.png" style="float:right" title="" width="248" /></p>\r\n\r\n<h4>Comment &ccedil;a a commenc&eacute;.</h4>\r\n\r\n<p>&nbsp;</p>\r\n\r\n<p>C&rsquo;est en s&rsquo;int&eacute;ressant au mouvement z&eacute;ro d&eacute;chet que St&eacute;phanie et Laurie, qui vont souvent&nbsp;acheter du pain en boulangerie, commencent &agrave; utiliser une taie d&rsquo;oreiller pour &eacute;viter l&rsquo;usage d&rsquo;un nouveau sac &agrave; chaque fois. Elles se rendent compte qu&rsquo;il y a un r&eacute;el besoin et cherchent une solution plus esth&eacute;tique. Les deux amies d&eacute;cident alors de coudre leurs propres sacs &agrave; pain r&eacute;utilisables en coton. C&rsquo;est rapidement un succ&egrave;s et les premiers sacs se vendent en quelques jours. Dans le sac est n&eacute;.</p>\r\n\r\n<p>&nbsp;</p>\r\n\r\n<p>&nbsp;</p>\r\n\r\n<h4>Dans le sac propose un collection de sacs r&eacute;utilisables 100% coton fabriqu&eacute;s &agrave; Montr&eacute;al.</h4>\r\n\r\n<p>&nbsp;</p>\r\n\r\n<p><img alt="" height="221" src="https://static.wixstatic.com/media/97fca0_5928cb00775a4294b5b29ec00e21a3af~mv2.png/v1/fill/w_183,h_183,al_c,usm_0.66_1.00_0.01/97fca0_5928cb00775a4294b5b29ec00e21a3af~mv2.png" style="float:left" title="" width="221" />&nbsp;Les sacs sont adapt&eacute;s &agrave; des usages vari&eacute;s; que ce soit le sac &agrave; pain classique pour vos sorties &agrave; la boulangerie, le sac &agrave; baguette (qui permet m&ecirc;me de transporter votre tapis de yoga si jamais !), ou les sacs &agrave; vrac en grand et petit format pour transporter votre &eacute;picerie : fruits, c&eacute;r&eacute;ales, noix, lentilles...&nbsp; &nbsp; &nbsp; &nbsp; &nbsp; &nbsp; &nbsp; &nbsp; &nbsp; &nbsp; &nbsp; &nbsp; &nbsp; &nbsp; &nbsp; &nbsp;</p>\r\n\r\n<p>En plus d&rsquo;&ecirc;tre multi-usages et faciles &agrave; transporter, on aime particuli&egrave;rement le charme du tissu en coton et le design minimaliste&nbsp;des sacs.</p>\r\n\r\n<p>&nbsp;</p>\r\n\r\n<p>&nbsp;</p>\r\n\r\n<p>&nbsp;</p>\r\n\r\n<h4>Et apr&egrave;s ?</h4>\r\n\r\n<p>&nbsp;</p>\r\n\r\n<p>Chez Dans le sac, &ldquo;un simple geste peut faire une grande diff&eacute;rence&rdquo;. Pour la suite, St&eacute;phanie et Laurie veulent continuer d&rsquo;&eacute;largir la gamme de leurs produits et introduire de la nouveaut&eacute;, toujours avec l&rsquo;id&eacute;e de remplacer un objet jetable du quotidien par un autre durable, r&eacute;utilisable et multifonctionnel. De notre c&ocirc;t&eacute;, on compte bien suivre &ccedil;a de pr&egrave;s !</p>\r\n\r\n<p>&nbsp;</p>\r\n\r\n<p>Pour s&rsquo;en procurer, c&rsquo;est possible directement avec leur&nbsp;<a href="http://danslesac.co/" target="_blank">boutique</a>&nbsp;en ligne ou chez l&rsquo;un des d&eacute;taillants partenaires.</p>\r\n\r\n<p>&nbsp;</p>\r\n\r\n<p><img alt="" height="468" src="https://www.alternateeve.com/upload/redactor_upload_images/1504060012_18767229_10213334955627855_62947741_o (1).jpg" title="" width="624" /></p>\r\n\r\n<p>&nbsp;</p>\r\n\r\n<p>&nbsp;</p>', 5, '2017-12-14-15-48-49-2017-08-30-02-19-51-danslesac.jpg', 5, 1, 1, 'Dans le sac', 'Dans le sac', 'Avec l’ouverture récente d’épiceries zéro déchet à Montréal, on constate un intérêt au quotidien pour l’écologie et l’anti-gaspillage. Faire ses courses en vrac? Ça nous tente, mais ça demande quand même un peu d’organisation. À ce sujet, on  a découvert Dans le sac, une jeune entreprise montréalaise qui a eu l’idée de sacs en coton réutilisables.', 'Avec l’ouverture récente d’épiceries zéro déchet à Montréal, on constate un intérêt au quotidien pour l’écologie et l’anti-gaspillage. Faire ses courses en vrac? Ça nous tente, mais ça demande quand même un peu d’organisation. À ce sujet, on  a découvert Dans le sac, une jeune entreprise montréalaise qui a eu l’idée de sacs en coton réutilisables.', 'Dans le sac zero dechets ecologie', 'Dans le sac zero dechets ecologie', 'Dans le sac', 'Dans le sac', 'Avec l’ouverture récente d’épiceries zéro déchet à Montréal, on constate un intérêt au quotidien pour l’écologie et l’anti-gaspillage. Faire ses courses en vrac? Ça nous tente, mais ça demande quand même un peu d’organisation. À ce sujet, on  a découvert Dans le sac, une jeune entreprise montréalaise qui a eu l’idée de sacs en coton réutilisables.', 'Avec l’ouverture récente d’épiceries zéro déchet à Montréal, on constate un intérêt au quotidien pour l’écologie et l’anti-gaspillage. Faire ses courses en vrac? Ça nous tente, mais ça demande quand même un peu d’organisation. À ce sujet, on  a découvert Dans le sac, une jeune entreprise montréalaise qui a eu l’idée de sacs en coton réutilisables.', '2017-08-30 11:19:51', '2017-12-15 00:48:49', '2017-08-01');
/*!40000 ALTER TABLE `blog_post` ENABLE KEYS */;

-- Export de la structure de la table lafactorysem. blog_post_to_tag
DROP TABLE IF EXISTS `blog_post_to_tag`;
CREATE TABLE IF NOT EXISTS `blog_post_to_tag` (
  `blog_post_id` int(10) unsigned NOT NULL,
  `blog_tag_id` int(10) unsigned NOT NULL,
  KEY `idx_blog_post_id` (`blog_post_id`),
  KEY `idx_blog_tag_id` (`blog_tag_id`)
) ENGINE=InnoDB DEFAULT CHARSET=utf8mb4 COLLATE=utf8mb4_unicode_ci;

-- Export de données de la table lafactorysem.blog_post_to_tag : ~10 rows (environ)
DELETE FROM `blog_post_to_tag`;
/*!40000 ALTER TABLE `blog_post_to_tag` DISABLE KEYS */;
INSERT INTO `blog_post_to_tag` (`blog_post_id`, `blog_tag_id`) VALUES
	(6, 8),
	(6, 14),
	(6, 15),
	(5, 6),
	(5, 7),
	(5, 8),
	(5, 14),
	(3, 9),
	(3, 12),
	(3, 14);
/*!40000 ALTER TABLE `blog_post_to_tag` ENABLE KEYS */;

-- Export de la structure de la table lafactorysem. blog_tag
DROP TABLE IF EXISTS `blog_tag`;
CREATE TABLE IF NOT EXISTS `blog_tag` (
  `blog_tag_id` int(10) unsigned NOT NULL AUTO_INCREMENT,
  `tag_name` varchar(191) NOT NULL,
  PRIMARY KEY (`blog_tag_id`)
) ENGINE=InnoDB AUTO_INCREMENT=16 DEFAULT CHARSET=utf8;

-- Export de données de la table lafactorysem.blog_tag : ~15 rows (environ)
DELETE FROM `blog_tag`;
/*!40000 ALTER TABLE `blog_tag` DISABLE KEYS */;
INSERT INTO `blog_tag` (`blog_tag_id`, `tag_name`) VALUES
	(1, 'promotion'),
	(2, 'Beauty'),
	(3, 'test blog'),
	(4, 'related'),
	(5, 'tag'),
	(6, 'Mode'),
	(7, 'Éco-design'),
	(8, 'Montréal'),
	(9, 'Cuisine'),
	(10, 'Smoothie'),
	(11, 'Recette'),
	(12, 'Santé'),
	(13, 'Zéro Déchets'),
	(14, 'Lifestyle'),
	(15, 'Zéro déchet');
/*!40000 ALTER TABLE `blog_tag` ENABLE KEYS */;

-- Export de la structure de la table lafactorysem. faqs
DROP TABLE IF EXISTS `faqs`;
CREATE TABLE IF NOT EXISTS `faqs` (
  `id` int(10) unsigned NOT NULL AUTO_INCREMENT,
  `english_question` text NOT NULL,
  `french_question` text,
  `english_answer` longtext NOT NULL,
  `french_answer` longtext,
  `status` blob NOT NULL,
  `type` tinyint(4) DEFAULT NULL,
  `created_at` timestamp NULL DEFAULT NULL,
  `updated_at` timestamp NULL DEFAULT NULL,
  PRIMARY KEY (`id`)
) ENGINE=InnoDB AUTO_INCREMENT=6 DEFAULT CHARSET=utf8;

-- Export de données de la table lafactorysem.faqs : ~5 rows (environ)
DELETE FROM `faqs`;
/*!40000 ALTER TABLE `faqs` DISABLE KEYS */;
INSERT INTO `faqs` (`id`, `english_question`, `french_question`, `english_answer`, `french_answer`, `status`, `type`, `created_at`, `updated_at`) VALUES
	(1, 'This is test question', 'This is test question', 'This is test answer\r\n                                                            lorem en\r\nloren english', 'This is test answer\r\n                                                                  lorem en\r\nloren french', _binary 0x31, 1, '2017-06-24 14:52:33', '2017-06-27 08:47:31'),
	(2, 'Test3question en', 'Test 3question fr', 'Test 3 text', 'text  Test 3 fr', _binary 0x31, 1, '2017-06-24 15:03:21', '2017-06-27 08:48:06'),
	(3, 'test test 2 en', 'test test 2 fr', 'Réponse                                         ré                   en', 'Réponse fre                                                            fr', _binary 0x31, 1, '2017-06-27 08:48:54', '2017-06-27 08:48:54'),
	(4, 'This is test question for business', 'This is test question for business', 'This is test question for business', 'This is test question for business', _binary 0x31, 2, '2017-06-29 17:25:32', '2017-06-29 17:25:32'),
	(5, 'question FAQ marchant 2 english', 'question FAQ marchant 2 french', 'question FAQ marchant 2 english', 'question FAQ marchant 2 french', _binary 0x31, 2, '2017-06-30 10:33:36', '2017-06-30 10:33:36');
/*!40000 ALTER TABLE `faqs` ENABLE KEYS */;

-- Export de la structure de la table lafactorysem. language
DROP TABLE IF EXISTS `language`;
CREATE TABLE IF NOT EXISTS `language` (
  `language_id` int(10) unsigned NOT NULL AUTO_INCREMENT,
  `language_name` varchar(191) NOT NULL,
  `language_code` varchar(50) NOT NULL,
  PRIMARY KEY (`language_id`)
) ENGINE=InnoDB AUTO_INCREMENT=3 DEFAULT CHARSET=utf8;

-- Export de données de la table lafactorysem.language : ~2 rows (environ)
DELETE FROM `language`;
/*!40000 ALTER TABLE `language` DISABLE KEYS */;
INSERT INTO `language` (`language_id`, `language_name`, `language_code`) VALUES
	(1, 'English', 'en'),
	(2, 'French', 'fr');
/*!40000 ALTER TABLE `language` ENABLE KEYS */;

-- Export de la structure de la table lafactorysem. link_adjustment
DROP TABLE IF EXISTS `link_adjustment`;
CREATE TABLE IF NOT EXISTS `link_adjustment` (
  `link_adjustment_id` int(10) unsigned NOT NULL AUTO_INCREMENT,
  `user_id` int(10) unsigned NOT NULL,
  `link` varchar(191) NOT NULL,
  `description` text,
  `created_by` int(10) unsigned DEFAULT NULL,
  `created_at` timestamp NULL DEFAULT NULL,
  `updated_at` timestamp NULL DEFAULT NULL,
  PRIMARY KEY (`link_adjustment_id`),
  KEY `idx_user_id` (`user_id`),
  KEY `idx_created_by` (`created_by`)
) ENGINE=InnoDB AUTO_INCREMENT=3 DEFAULT CHARSET=utf8;

-- Export de données de la table lafactorysem.link_adjustment : ~2 rows (environ)
DELETE FROM `link_adjustment`;
/*!40000 ALTER TABLE `link_adjustment` DISABLE KEYS */;
INSERT INTO `link_adjustment` (`link_adjustment_id`, `user_id`, `link`, `description`, `created_by`, `created_at`, `updated_at`) VALUES
	(1, 19, 'www.alternateeve.com', 'Une description du lien', NULL, NULL, NULL),
	(2, 19, 'http://localhost.com', 'Un bref description du lien', NULL, NULL, NULL);
/*!40000 ALTER TABLE `link_adjustment` ENABLE KEYS */;

-- Export de la structure de la table lafactorysem. migrations
DROP TABLE IF EXISTS `migrations`;
CREATE TABLE IF NOT EXISTS `migrations` (
  `id` int(10) unsigned NOT NULL AUTO_INCREMENT,
  `migration` varchar(191) COLLATE utf8mb4_unicode_ci NOT NULL,
  `batch` int(11) NOT NULL,
  PRIMARY KEY (`id`)
) ENGINE=MyISAM AUTO_INCREMENT=131 DEFAULT CHARSET=utf8mb4 COLLATE=utf8mb4_unicode_ci;

-- Export de données de la table lafactorysem.migrations : 130 rows
DELETE FROM `migrations`;
/*!40000 ALTER TABLE `migrations` DISABLE KEYS */;
INSERT INTO `migrations` (`id`, `migration`, `batch`) VALUES
	(1, '2014_10_12_100000_create_password_resets_table', 1),
	(2, '2017_04_16_025659_create_admin_table', 1),
	(3, '2017_05_05_063230_user_role', 1),
	(4, '2017_05_07_000000_create_users_table', 1),
	(5, '2017_05_08_082959_create_attribute_table', 1),
	(6, '2017_05_08_083632_create_attribute_option_table', 1),
	(7, '2017_05_08_083952_create_attribute_set_table', 1),
	(8, '2017_05_08_084226_create_attribute_set_to_attribute_table', 1),
	(9, '2017_05_08_085044_create_banner_table', 1),
	(10, '2017_05_08_085437_create_brand_table', 1),
	(11, '2017_05_08_085906_create_brand_category_table', 1),
	(12, '2017_05_08_090155_create_brand_to_brand_category_table', 1),
	(13, '2017_05_08_090512_create_brand_tag_table', 1),
	(14, '2017_05_08_090633_create_brand_request_tag_table', 1),
	(15, '2017_05_08_091315_create_category_table', 1),
	(16, '2017_05_08_091744_create_countries_table', 1),
	(17, '2017_05_08_091843_create_email_template_table', 1),
	(18, '2017_05_08_092150_create_email_template_variables_table', 1),
	(19, '2017_05_08_092315_create_language_table', 1),
	(20, '2017_05_08_092423_create_link_adjustment_table', 1),
	(21, '2017_05_08_092723_create_order_table', 1),
	(22, '2017_05_08_093553_create_order_billing_table', 1),
	(23, '2017_05_08_094012_create_order_item_table', 1),
	(24, '2017_05_08_100719_create_page_table', 1),
	(25, '2017_05_08_110508_create_product_table', 1),
	(26, '2017_05_08_111053_create_product_attribute_value_table', 1),
	(27, '2017_05_08_111607_create_product_category_table', 1),
	(28, '2017_05_08_111910_create_product_image_table', 1),
	(29, '2017_05_08_112141_create_product_price_adjustment_table', 1),
	(30, '2017_05_08_112442_create_product_rating_table', 1),
	(31, '2017_05_08_115205_create_tag_table', 1),
	(32, '2017_05_08_115442_create_product_tag_table', 1),
	(33, '2017_05_08_115633_create_product_video_table', 1),
	(34, '2017_05_08_115814_create_regions_table', 1),
	(35, '2017_05_08_120029_create_request_brand_table', 1),
	(36, '2017_05_08_120206_create_store_table', 1),
	(37, '2017_05_08_120547_create_store_brands_table', 1),
	(38, '2017_05_08_120746_create_store_users_table', 1),
	(39, '2017_05_08_121014_create_sys_url_rewrite_table', 1),
	(40, '2017_05_08_121232_create_user_address_table', 1),
	(41, '2017_05_08_121512_create_order_item_attribute_table', 1),
	(42, '2017_05_08_122507_create_order_item_coupon_table', 1),
	(43, '2017_05_08_122809_create_order_status_table', 1),
	(44, '2017_05_08_123354_create_order_transaction_table', 1),
	(45, '2017_05_11_130030_add_sub_banner_column_banner_table', 1),
	(46, '2017_05_12_150316_create_special_product_table', 1),
	(47, '2017_05_13_080130_create_product_translation_table', 1),
	(48, '2017_05_13_080659_create_attribute_translation_table', 1),
	(49, '2017_05_13_081126_create_attribute_option_translation_table', 1),
	(50, '2017_05_13_081622_create_category_translation_table', 1),
	(51, '2017_05_13_082027_create_email_template_translation_table', 1),
	(52, '2017_05_13_082529_create_page_translation_table', 1),
	(53, '2017_05_15_023859_create_admin_role_table', 1),
	(54, '2017_05_15_023950_create_permission_table', 1),
	(55, '2017_05_15_024048_create_role_permission_table', 1),
	(56, '2017_05_15_024424_add_role_id_admin_table', 1),
	(57, '2017_05_15_101355_create_brand_category_to_tag_table', 1),
	(58, '2017_05_16_105626_add_route_column_in_permission_table', 2),
	(59, '2017_05_18_120338_add_social_media_column_user_table', 3),
	(60, '2017_05_21_081600_add_brand_id_to_product', 4),
	(61, '2017_05_21_084231_create_order_status_history_table', 4),
	(62, '2017_05_21_111922_update_order_table', 4),
	(63, '2017_05_22_013113_add_nullable_column_rating_table', 4),
	(64, '2017_05_22_045336_update_brand_table', 4),
	(65, '2017_05_22_045902_create_brand_to_brand_tag_table', 4),
	(66, '2017_05_27_091437_add_category_sort_order', 5),
	(67, '2017_05_31_094426_create_blog_category_table', 6),
	(68, '2017_05_31_094805_create_blog_post_table', 6),
	(69, '2017_05_31_095415_create_blog_tag_table', 6),
	(70, '2017_05_31_095801_create_blog_post_to_tag_table', 6),
	(71, '2017_05_31_144604_update_column_in_users_table', 6),
	(72, '2017_06_08_081226_add_display_home_page_blog_setting', 7),
	(73, '2017_06_08_085257_add_blog_url_support', 7),
	(74, '2017_06_08_095430_create_related_post_table', 8),
	(75, '2017_06_09_145805_add_french_banner_in_banner_table', 9),
	(76, '2017_06_12_122632_add_banner_url', 10),
	(77, '2017_06_13_111853_add_publish_date_blog', 10),
	(78, '2017_06_15_155620_create_order_item_request_table', 11),
	(79, '2017_06_20_042812_add_column_in_order_item_table', 11),
	(80, '2017_06_20_122612_add_is_type_in_order_table', 11),
	(81, '2017_06_21_165116_update_message_column_request_table', 12),
	(82, '2017_06_23_190157_create_faqs_table', 13),
	(83, '2017_06_25_154403_add_status_id_order_item', 14),
	(84, '2017_06_26_120020_update_column_in_order_item', 15),
	(85, '2017_06_28_164534_add_type_in_faqs', 16),
	(86, '2017_06_29_091257_add_sms_content_email', 17),
	(87, '2017_06_28_104408_create_affiliate_product_table', 18),
	(88, '2017_07_01_130926_update_email_template', 18),
	(89, '2017_07_05_061333_update_order_item_request', 19),
	(90, '2017_07_07_062525_create-epartner_media_table', 20),
	(91, '2017_07_09_051422_update_product_affiliate_table', 20),
	(92, '2017_07_09_183735_create_invoices_table', 20),
	(93, '2017_07_09_183955_create_invoice_items_table', 20),
	(94, '2017_07_10_063525_add_stripe_id_user', 20),
	(95, '2017_07_11_074411_create_wishlists_table', 21),
	(96, '2017_07_13_174802_add_columns_order_item_request', 21),
	(97, '2017_07_17_084921_add_title_product_image', 22),
	(98, '2017_07_21_090856_add_url_order_item', 23),
	(99, '2017_08_05_100136_create_setting_table', 24),
	(100, '2017_08_09_120603_add_meta_in_product', 25),
	(101, '2017_08_10_074743_add_meta_page', 25),
	(102, '2017_08_10_083053_add_meta_blog_post', 25),
	(103, '2017_08_16_175007_add_payment_type_order', 26),
	(104, '2017_08_20_132423_add_expiry_date_coupon', 27),
	(105, '2017_09_15_081704_add_is_cancel_item_request', 28),
	(106, '2017_10_16_090509_update_product_table_column', 29),
	(107, '2017_10_16_090656_create_table_product_status', 29),
	(108, '2017_10_19_070104_update_product_table_add_column_modified_by', 30),
	(109, '2017_12_11_043436_update_brand_table_add_column_order_brand', 31),
	(110, '2017_12_30_074727_update_attribute_option_add_column_attribute_num', 32),
	(111, '2017_12_30_110617_update_attribute_option_translation_add_column_attribute_translation_numero', 32),
	(112, '2018_02_28_093103_update_brand_tag_add_column_tag_name_french', 33),
	(113, '2018_03_11_170653_create_table_customer', 34),
	(114, '2018_03_05_091001_create_table_code_promo_table', 35),
	(115, '2018_03_12_133522_update_table_users_store', 35),
	(116, '2018_03_12_145327_update_table_users', 35),
	(117, '2018_03_12_172147_update_table_store_date_creation_nullable', 35),
	(118, '2018_03_13_223244_create_table_ecasement', 36),
	(119, '2018_03_21_083324_update_column_user_address_set_zip_to_null', 37),
	(120, '2018_03_21_084115_update_order_item_set_zip_code_to_null', 37),
	(121, '2018_03_30_100131_create_table_stripe_account', 37),
	(122, '2018_04_18_104254_ticket_priority_status_category_table', 37),
	(123, '2018_04_19_080010_update_ticketit_statuses_add_column_is_default', 37),
	(124, '2018_04_19_093441_create_table_ticket', 37),
	(125, '2018_04_23_135357_update_table_comment_tickets', 37),
	(126, '2018_04_25_060713_update_table_user', 37),
	(127, '2018_04_25_134953_update_table_status_categories_priority', 37),
	(128, '2018_05_03_132640_update_table_ticketit_category', 38),
	(129, '2018_08_15_140142_update_table_admin_add_type', 39),
	(130, '2018_08_15_174146_upadate_table_role_manager', 40);
/*!40000 ALTER TABLE `migrations` ENABLE KEYS */;

-- Export de la structure de la table lafactorysem. order_status
DROP TABLE IF EXISTS `order_status`;
CREATE TABLE IF NOT EXISTS `order_status` (
  `order_status_id` int(10) unsigned NOT NULL AUTO_INCREMENT,
  `status_name` varchar(191) NOT NULL,
  `customer_status` varchar(191) DEFAULT NULL,
  `sort_order` int(11) DEFAULT NULL,
  `is_default` blob,
  `created_by` int(10) unsigned DEFAULT NULL,
  `created_at` timestamp NULL DEFAULT NULL,
  `updated_at` timestamp NULL DEFAULT NULL,
  PRIMARY KEY (`order_status_id`),
  KEY `idx_created_by` (`created_by`),
  KEY `idx_sort_order` (`sort_order`)
) ENGINE=InnoDB AUTO_INCREMENT=9 DEFAULT CHARSET=utf8;

-- Export de données de la table lafactorysem.order_status : ~6 rows (environ)
DELETE FROM `order_status`;
/*!40000 ALTER TABLE `order_status` DISABLE KEYS */;
INSERT INTO `order_status` (`order_status_id`, `status_name`, `customer_status`, `sort_order`, `is_default`, `created_by`, `created_at`, `updated_at`) VALUES
	(1, 'Ordered', 'Ordered', 1, _binary 0x31, NULL, '2017-05-23 01:03:43', '2017-05-23 01:03:43'),
	(2, 'Replied', 'Replied', 2, _binary 0x30, NULL, '2017-05-23 01:03:43', '2017-05-23 01:03:43'),
	(3, 'Negative', 'Negative', 3, _binary 0x30, NULL, NULL, NULL),
	(4, 'Selected', 'Selected', 4, _binary 0x30, NULL, NULL, NULL),
	(5, 'Finished', 'Finished', 0, _binary 0x30, NULL, NULL, '2018-08-17 08:52:57'),
	(6, 'Canceled', 'Canceled', 0, _binary 0x30, 1, '2017-09-16 02:20:54', '2017-09-16 02:20:54');
/*!40000 ALTER TABLE `order_status` ENABLE KEYS */;

-- Export de la structure de la table lafactorysem. page
DROP TABLE IF EXISTS `page`;
CREATE TABLE IF NOT EXISTS `page` (
  `page_id` int(10) unsigned NOT NULL AUTO_INCREMENT,
  `status` blob NOT NULL,
  `layout` int(11) NOT NULL,
  `created_by` int(10) unsigned DEFAULT NULL,
  `created_at` timestamp NULL DEFAULT NULL,
  `updated_at` timestamp NULL DEFAULT NULL,
  PRIMARY KEY (`page_id`),
  KEY `idx_created_by` (`created_by`)
) ENGINE=InnoDB AUTO_INCREMENT=14 DEFAULT CHARSET=utf8;

-- Export de données de la table lafactorysem.page : ~13 rows (environ)
DELETE FROM `page`;
/*!40000 ALTER TABLE `page` DISABLE KEYS */;
INSERT INTO `page` (`page_id`, `status`, `layout`, `created_by`, `created_at`, `updated_at`) VALUES
	(1, _binary 0x31, 1, 2, NULL, NULL),
	(2, _binary 0x31, 1, 2, NULL, NULL),
	(3, _binary 0x31, 1, 2, NULL, NULL),
	(4, _binary 0x31, 1, 2, NULL, NULL),
	(5, _binary 0x31, 1, 2, NULL, NULL),
	(6, _binary 0x31, 1, 2, NULL, NULL),
	(7, _binary 0x31, 1, 2, NULL, NULL),
	(8, _binary 0x31, 1, 2, NULL, NULL),
	(9, _binary 0x31, 1, 2, NULL, NULL),
	(10, _binary 0x31, 1, 2, NULL, NULL),
	(11, _binary 0x30, 1, 2, NULL, NULL),
	(12, _binary 0x31, 1, 38, NULL, NULL),
	(13, _binary 0x31, 1, 38, NULL, NULL);
/*!40000 ALTER TABLE `page` ENABLE KEYS */;

-- Export de la structure de la table lafactorysem. page_translation
DROP TABLE IF EXISTS `page_translation`;
CREATE TABLE IF NOT EXISTS `page_translation` (
  `page_translation_id` int(10) unsigned NOT NULL AUTO_INCREMENT,
  `page_id` int(10) unsigned NOT NULL,
  `page_title` varchar(191) CHARACTER SET utf8mb4 COLLATE utf8mb4_unicode_ci DEFAULT NULL,
  `content_heading` varchar(191) CHARACTER SET utf8mb4 COLLATE utf8mb4_unicode_ci DEFAULT NULL,
  `content` text CHARACTER SET utf8mb4 COLLATE utf8mb4_unicode_ci,
  `meta_title` varchar(191) CHARACTER SET utf8mb4 COLLATE utf8mb4_unicode_ci DEFAULT NULL,
  `meta_description` text CHARACTER SET utf8mb4 COLLATE utf8mb4_unicode_ci,
  `meta_keywords` text CHARACTER SET utf8mb4 COLLATE utf8mb4_unicode_ci,
  `og_title` varchar(191) CHARACTER SET utf8mb4 COLLATE utf8mb4_unicode_ci DEFAULT NULL,
  `og_description` text CHARACTER SET utf8mb4 COLLATE utf8mb4_unicode_ci,
  `language_id` int(10) unsigned NOT NULL,
  PRIMARY KEY (`page_translation_id`),
  KEY `idx_page_id` (`page_id`),
  KEY `idx_language_id` (`language_id`)
) ENGINE=InnoDB AUTO_INCREMENT=27 DEFAULT CHARSET=utf8;

-- Export de données de la table lafactorysem.page_translation : ~26 rows (environ)
DELETE FROM `page_translation`;
/*!40000 ALTER TABLE `page_translation` DISABLE KEYS */;
INSERT INTO `page_translation` (`page_translation_id`, `page_id`, `page_title`, `content_heading`, `content`, `meta_title`, `meta_description`, `meta_keywords`, `og_title`, `og_description`, `language_id`) VALUES
	(1, 1, 'How it work', 'How it work', '<p>How it work page</p>\r\n\r\n<p>&nbsp;</p>\r\n\r\n<p>Bacon ipsum dolor amet doner pork belly turducken salami. Filet mignon ham hock turducken boudin shoulder corned beef pastrami frankfurter bacon leberkas flank beef ribs beef brisket. Meatloaf tongue fatback beef ribs ground round meatball sirloin pork belly. Shank brisket meatball strip steak bresaola prosciutto turducken, frankfurter salami ribeye ham hock filet mignon. Ground round spare ribs short ribs, biltong shoulder chuck ham andouille. Tongue ball tip filet mignon, leberkas pork chop bresaola meatball flank tail shoulder porchetta swine.</p>\r\n\r\n<p>Pancetta bacon capicola, filet mignon sirloin pig prosciutto tail swine turducken alcatra ribeye. Filet mignon tongue turkey, leberkas porchetta salami burgdoggen pork loin strip steak alcatra chuck shankle</p>\r\n\r\n<p><span style="font-size:12px"><img alt="canada" height="158" src="http://139.59.68.192/alternateeve/public/upload/redactor_upload_images/1500312375_Flag_of_Canada_(Pantone).jpg" title="canada" width="316" /></span></p>\r\n\r\n<p>prosciutto. Boudin venison filet mignon short loin chuck shank jerky andouille ribeye. Jerky bacon alcatra meatloaf andouille tenderloin, prosciutto shankle. Bacon chicken fatback venison, flank filet mignon pork belly spare ribs shoulder chuck alcatra jerky meatloaf tri-tip meatball.</p>\r\n\r\n<p>Pig porchetta sirloin t-bone corned beef fatback. Cupim picanha pig burgdoggen. Shankle beef short ribs, shank short loin venison leberkas jowl tenderloin alcatra andouille. Pork chop tail sausage, meatloaf jowl shank tenderloin leberkas rump cupim short loin capicola frankfurter turducken.</p>\r\n\r\n<p>&nbsp;</p>\r\n\r\n<p>&nbsp;</p>\r\n\r\n<p>&nbsp;</p>\r\n\r\n<p><img alt="c\'est l\'apéro" height="425" src="http://139.59.68.192/alternateeve/public/upload/redactor_upload_images/1500248773_19399298_10155518750503130_1183290084116385214_n.jpg" title="c\'est l\'apéro" width="314" /></p>\r\n\r\n<p>extincteur au ricard jaune sur un mur rouge</p>\r\n\r\n<p>Meatloaf brisket chicken landjaeger hamburger salami turkey ribeye doner andouille. Bacon leberkas spare ribs alcatra. Pastrami pork flank shank, chuck biltong pork chop porchetta kielbasa landjaeger shoulder sausage boudin brisket jerky. Tri-tip bresaola pork chop drumstick. Ground round pancetta bresaola, pork chop swine turkey tongue leberkas jowl tail turducken chicken pork loin. Salami picanha drumstick pastrami bresaola fatback beef ribs tri-tip venison burgdoggen turkey flank hamburger pork loin. Alcatra doner andouille, shank ham hock pork belly swine burgdoggen.</p>\r\n\r\n<p>Doner andouille pork belly t-bone, ribeye cupim meatball kevin pig tongue chuck swine burgdoggen short ribs. Pork porchetta salami t-bone pork loin, meatball pork belly cow pancetta shank. Spare ribs turducken pork short ribs pork loin fatback tail brisket. Shoulder pork chop beef ribs shankle bresaola pork loin pastrami. T-bone sausage leberkas drumstick hamburger ball tip burgdoggen. Tongue alcatra spare ribs, bacon shankle kevin beef tenderloin burgdoggen pig pork loin salami. Bacon chuck turkey ground round.</p>\r\n\r\n<p>Picanha shankle leberkas tail corned beef, pork loin pancetta jowl ham pork boudin jerky beef ribs. Porchetta doner picanha hamburger pork biltong rump shoulder jowl pastrami jerky salami filet mignon kielbasa tenderloin. Filet mignon swine sirloin meatloaf. Ground round meatloaf bresaola spare ribs hamburger porchetta turkey.</p>\r\n\r\n<p>Short ribs tenderloin frankfurter salami, pork belly andouille alcatra filet mignon short loin ground round biltong venison ham hock capicola. Jowl capicola tongue jerky, strip steak flank tail ground round drumstick. Tri-tip chuck chicken turkey. Tri-tip prosciutto t-bone sausage strip steak drumstick. Ham flank leberkas kielbasa, burgdoggen chicken sirloin boudin turducken pork belly shankle. Kielbasa flank leberkas doner strip steak prosciutto jowl spare ribs landjaeger picanha. Jowl brisket burgdoggen andouille beef.</p>\r\n\r\n<p>&nbsp;</p>', NULL, NULL, NULL, NULL, NULL, 1),
	(2, 1, 'Fonctionnement', 'Fonctionnement', '<p style="margin-left:0cm; margin-right:0cm">&nbsp;</p>\r\n\r\n<p style="margin-left:0cm; margin-right:0cm"><span style="font-size:11pt"><span style="font-family:Calibri,sans-serif"><span style="font-size:10.0pt">Acheter localement et moins cher sur Alternateeve est plut&ocirc;t simple. </span></span></span></p>\r\n\r\n<p style="margin-left:0cm; margin-right:0cm"><span style="font-size:11pt"><span style="font-family:Calibri,sans-serif"><span style="font-size:10.0pt">Vous avez deux options :</span></span></span></p>\r\n\r\n<p style="margin-left:0cm; margin-right:0cm">&nbsp;</p>\r\n\r\n<p style="margin-left:0cm; margin-right:0cm"><span style="font-size:11pt"><span style="font-family:Calibri,sans-serif"><strong><span style="font-size:14.0pt">Vous pouvez utiliser notre catalogue de produits en ligne. </span></strong></span></span></p>\r\n\r\n<p style="margin-left:0cm; margin-right:0cm"><span style="font-size:11pt"><span style="font-family:Calibri,sans-serif"><span style="font-size:10.0pt">Nous avons r&eacute;pertori&eacute; et class&eacute; pour vous des milliers de produits que vous pourrez trouver chez un commer&ccedil;ant local au prix le plus bas de l&#39;internet. </span></span></span></p>\r\n\r\n<p style="margin-left:0cm; margin-right:0cm">&nbsp;</p>\r\n\r\n<p style="margin-left:0cm; margin-right:0cm"><span style="font-size:11pt"><span style="font-family:Calibri,sans-serif"><strong><span style="font-size:14.0pt">Vous savez pr&eacute;cis&eacute;ment ce que vous voulez mais il n&#39;est pas dans notre catalogue ?</span></strong> </span></span></p>\r\n\r\n<p style="margin-left:0cm; margin-right:0cm"><span style="font-size:11pt"><span style="font-family:Calibri,sans-serif"><span style="font-size:10.0pt">Parfait, nous pouvons le trouver ! </span></span></span></p>\r\n\r\n<p style="margin-left:0cm; margin-right:0cm"><span style="font-size:11pt"><span style="font-family:Calibri,sans-serif"><span style="font-size:10.0pt">Allez dans la section &quot;Demander un produit&quot;. Entrez le nom du produit dans la barre de recherche et nous nous chargeons de vous le trouver chez un commer&ccedil;ant pr&egrave;s de chez vous au prix le moins cher du web. </span></span></span></p>\r\n\r\n<p style="margin-left:0cm; margin-right:0cm">&nbsp;</p>\r\n\r\n<p style="margin-left:0cm; margin-right:0cm"><span style="font-size:11pt"><span style="font-family:Calibri,sans-serif"><strong><span style="font-size:14.0pt">Simplement&nbsp;</span></strong><span style="font-size:14.0pt">:</span></span></span></p>\r\n\r\n<ul style="list-style-type:disc; margin-left:40px">\r\n	<li><span style="font-size:11pt"><span style="font-family:Calibri,sans-serif"><span style="font-size:10.0pt">S&eacute;lectionnez votre item</span></span></span></li>\r\n	<li><span style="font-size:11pt"><span style="font-family:Calibri,sans-serif"><span style="font-size:10.0pt">D&eacute;terminez la zone g&eacute;ographique de recherche</span></span></span></li>\r\n	<li><span style="font-size:11pt"><span style="font-family:Calibri,sans-serif"><span style="font-size:10.0pt">Ajoutez&nbsp;&agrave; votre panier (Uniquement si vous utilisez le catalogue)</span></span></span></li>\r\n	<li><span style="font-size:11pt"><span style="font-family:Calibri,sans-serif"><span style="font-size:10.0pt">Validez votre commande</span></span></span></li>\r\n	<li><span style="font-size:11pt"><span style="font-family:Calibri,sans-serif"><span style="font-size:10.0pt">Recevez la r&eacute;ponse des commer&ccedil;ants</span></span></span></li>\r\n	<li><span style="font-size:11pt"><span style="font-family:Calibri,sans-serif"><span style="font-size:10.0pt">Choisissez un magasin</span></span></span></li>\r\n	<li><span style="font-size:11pt"><span style="font-family:Calibri,sans-serif"><span style="font-size:10.0pt">Imprimer le coupon</span></span></span></li>\r\n	<li><span style="font-size:11pt"><span style="font-family:Calibri,sans-serif"><span style="font-size:10.0pt">Donnez-le au commer&ccedil;ant en r&eacute;cup&eacute;rant votre achat. </span></span></span></li>\r\n</ul>\r\n\r\n<p>&nbsp;</p>\r\n\r\n<p>&nbsp;</p>', NULL, NULL, NULL, NULL, NULL, 2),
	(3, 2, 'Ask a product', 'Ask a product', '<p>Ask a product page<br></p>', NULL, NULL, NULL, NULL, NULL, 1),
	(4, 2, 'Demander un produit', 'Demander un produit', '<p>Page&nbsp;Demander un produit</p>', NULL, NULL, NULL, NULL, NULL, 2),
	(5, 3, 'Make money with us', 'Make money with us', '<p>Make money with us page<br></p>', NULL, NULL, NULL, NULL, NULL, 1),
	(6, 3, 'Vendre avec nous', 'Vendre avec nous', '<p>Page&nbsp;Vendre avec nous</p>', NULL, NULL, NULL, NULL, NULL, 2),
	(7, 4, 'Knowledge center', 'Knowledge center', '<p>Knowledge center page<br></p>', NULL, NULL, NULL, NULL, NULL, 1),
	(8, 4, 'Centre de connaissances', 'Centre de connaissances', '<p>Page&nbsp;Centre de connaissances</p>', NULL, NULL, NULL, NULL, NULL, 2),
	(9, 5, 'Fondation', 'Fondation', '<p>Fondation page<br></p>', NULL, NULL, NULL, NULL, NULL, 1),
	(10, 5, 'Fondation', 'Fondation', '<p>Page&nbsp;Fondation</p>', NULL, NULL, NULL, NULL, NULL, 2),
	(11, 6, 'News & Media', 'News & Media', '<p>News &amp; Media page<br></p>', NULL, NULL, NULL, NULL, NULL, 1),
	(12, 6, 'Nouvelles et Medias', 'Nouvelles et Medias', '<p>PAge&nbsp;Nouvelles et Medias</p>', NULL, NULL, NULL, NULL, NULL, 2),
	(13, 7, 'Investors', 'Investors', '<p>Investors page<br></p>', NULL, NULL, NULL, NULL, NULL, 1),
	(14, 7, 'Investisseurs', 'Investisseurs', '<p>Page&nbsp;Investisseurs</p>', NULL, NULL, NULL, NULL, NULL, 2),
	(15, 8, 'About us', 'About us', '<p>About us page<br></p>', NULL, NULL, NULL, NULL, NULL, 1),
	(16, 8, 'À propos', 'À propos', '<p>Page&nbsp;À propos</p>', NULL, NULL, NULL, NULL, NULL, 2),
	(17, 9, 'Terms & Conditions', 'Terms & Conditions', '<p>Terms &amp; Conditions page<br></p>', NULL, NULL, NULL, NULL, NULL, 1),
	(18, 9, 'Conditions d\'utilisation', 'Conditions d\'utilisation', '<p>Page&nbsp;Conditions d\'utilisation</p>', NULL, NULL, NULL, NULL, NULL, 2),
	(19, 10, 'Privacy & Cookies', 'Privacy & Cookies', '<p>Privacy &amp; Cookies page<br></p>', NULL, NULL, NULL, NULL, NULL, 1),
	(20, 10, 'Confidentialité et Cookies', 'Confidentialité et Cookies', '<p>Page&nbsp;Confidentialité et Cookies</p>', NULL, NULL, NULL, NULL, NULL, 2),
	(21, 11, 'Training', 'training', NULL, NULL, NULL, NULL, NULL, NULL, 1),
	(22, 11, 'Training', 'training', NULL, NULL, NULL, NULL, NULL, NULL, 2),
	(23, 12, 'Test Add page', 'Test Add page', '<p>S&#39;il fallait encore le dire...<br />\r\nNous avons crois&eacute; Riccardo Petrella lors des&nbsp;<a href="https://www.facebook.com/DialHumBxl/?fref=mentions">Dialogues en Humanit&eacute; Bruxelles</a>&nbsp;fin juin 2018 et nous n&#39;avons pas r&eacute;sist&eacute; &agrave; l&#39;envie de lui poser la question de la d&eacute;mocratie.<br />\r\nVous souhaitez soutenir une coop&eacute;rative de presse libre? C&#39;est ici:&nbsp;<a href="https://l.facebook.com/l.php?u=https%3A%2F%2Fpour.press%2Fabo&amp;h=AT0pN9xuf9VZ7EVh2IryeXjmjhQOewYTRjBL2ubSmh5Q26g-k935xFrKzSMQsV8zz0Tk6HVBDowuQftYXo0maYYldERU7ie-TeDNUYos7W0v-wpDcvF3pmfmBGYtAe6BqigJIAUDorr16_tYgYvqri-s" rel="noopener nofollow" target="_blank">https://pour.press/abo</a></p>', NULL, NULL, NULL, NULL, NULL, 1),
	(24, 12, 'fr', 'fr', '<p>fr</p>', 'fr', 'fr', 'fr', 'fr', 'fr', 2),
	(25, 13, 'Page de test', 'test', '<p>test test test</p>', NULL, NULL, NULL, NULL, NULL, 1),
	(26, 13, 'fr', 'fr', '<p>fr</p>', 'fr', 'fr', 'fr', 'fr', 'fr', 2);
/*!40000 ALTER TABLE `page_translation` ENABLE KEYS */;

-- Export de la structure de la table lafactorysem. password_resets
DROP TABLE IF EXISTS `password_resets`;
CREATE TABLE IF NOT EXISTS `password_resets` (
  `email` varchar(191) COLLATE utf8mb4_unicode_ci NOT NULL,
  `token` varchar(191) COLLATE utf8mb4_unicode_ci NOT NULL,
  `created_at` timestamp NULL DEFAULT NULL,
  KEY `password_resets_email_index` (`email`),
  KEY `password_resets_token_index` (`token`)
) ENGINE=MyISAM DEFAULT CHARSET=utf8mb4 COLLATE=utf8mb4_unicode_ci;

-- Export de données de la table lafactorysem.password_resets : 0 rows
DELETE FROM `password_resets`;
/*!40000 ALTER TABLE `password_resets` DISABLE KEYS */;
/*!40000 ALTER TABLE `password_resets` ENABLE KEYS */;

-- Export de la structure de la table lafactorysem. permission
DROP TABLE IF EXISTS `permission`;
CREATE TABLE IF NOT EXISTS `permission` (
  `permission_id` int(10) unsigned NOT NULL AUTO_INCREMENT,
  `module_name` varchar(191) NOT NULL,
  `parent_id` int(11) DEFAULT NULL,
  `route` varchar(191) DEFAULT NULL,
  PRIMARY KEY (`permission_id`)
) ENGINE=InnoDB AUTO_INCREMENT=66 DEFAULT CHARSET=utf8;

-- Export de données de la table lafactorysem.permission : ~35 rows (environ)
DELETE FROM `permission`;
/*!40000 ALTER TABLE `permission` DISABLE KEYS */;
INSERT INTO `permission` (`permission_id`, `module_name`, `parent_id`, `route`) VALUES
	(1, 'Dashboard', NULL, 'dashboard'),
	(3, 'Training + FAQ', NULL, NULL),
	(4, 'Account', NULL, NULL),
	(6, 'Statistics', NULL, NULL),
	(7, 'Sales', NULL, NULL),
	(15, 'Page Manager', 3, 'page.index,page.create,page.edit'),
	(16, 'Email/SMS Template', 39, 'email-template.index,email-template.create,email-template.edit'),
	(19, 'Partners', 4, 'customer.index,customer.create,customer.edit'),
	(21, 'Admin system', 4, 'administrator,add_administrator,edit_administrator'),
	(22, 'Role manager', 4, 'role.index,role.create,role.edit'),
	(26, 'Sales', 6, 'product_billed'),
	(29, 'Ongoing', 45, 'orders,orders_detail'),
	(30, 'Completed', 45, 'orders,orders_detail'),
	(31, 'Special Ask', 45, 'orders'),
	(32, 'Status Manager', 7, 'order-status.index,order-status.create,order-status.edit'),
	(33, 'Blog Management', NULL, NULL),
	(34, 'Blog Category', 33, 'blog-category.index,blog-category.create,blog-category.edit'),
	(35, 'Blog Post', 33, 'blog.index,blog.create,blog.edit'),
	(36, 'FAQ Manager', 3, 'faq.index,faq.create,faq.edit'),
	(39, 'System', NULL, ''),
	(44, 'Meta & OG', 39, 'setting_list,update_setting'),
	(45, 'All orders', 7, NULL),
	(48, 'Comm. & Tickets', NULL, NULL),
	(49, 'Ticket Priorities', 48, 'priorities.index,priorities.create,priorities.edit'),
	(51, 'Ticket Statuses', 48, 'statuses.index,statuses.create,statuses.edit'),
	(52, 'Tickets Lists', 48, 'tickets.index,tickets.create,tickets.edit,tickets.show'),
	(55, 'Subscribe Information', 4, 'customer_informations'),
	(56, 'Support + FAQ', NULL, ''),
	(58, 'Support', 56, 'tickets-subscribe,help-faq'),
	(59, 'FAQ', 56, 'faq'),
	(60, 'Keywords Trends', NULL, 'keywords-trends'),
	(61, 'Training', NULL, 'training'),
	(63, 'Profile', 4, 'profile'),
	(64, 'Sub Accounts', 4, 'sub-accounts'),
	(65, 'Ticket Categories', 48, 'categories.index,categories.create,categories.edit');
/*!40000 ALTER TABLE `permission` ENABLE KEYS */;

-- Export de la structure de la table lafactorysem. related_post
DROP TABLE IF EXISTS `related_post`;
CREATE TABLE IF NOT EXISTS `related_post` (
  `blog_post_id` int(10) unsigned NOT NULL,
  `related_post_id` int(10) unsigned NOT NULL,
  KEY `idx_blog_post_id` (`blog_post_id`),
  KEY `idx_related_post_id` (`related_post_id`)
) ENGINE=InnoDB DEFAULT CHARSET=utf8;

-- Export de données de la table lafactorysem.related_post : ~6 rows (environ)
DELETE FROM `related_post`;
/*!40000 ALTER TABLE `related_post` DISABLE KEYS */;
INSERT INTO `related_post` (`blog_post_id`, `related_post_id`) VALUES
	(6, 5),
	(6, 3),
	(5, 3),
	(5, 6),
	(3, 5),
	(3, 6);
/*!40000 ALTER TABLE `related_post` ENABLE KEYS */;

-- Export de la structure de la table lafactorysem. role_permission
DROP TABLE IF EXISTS `role_permission`;
CREATE TABLE IF NOT EXISTS `role_permission` (
  `permission_id` int(10) unsigned NOT NULL,
  `role_id` int(10) unsigned NOT NULL,
  KEY `idx_permission_id_id` (`permission_id`),
  KEY `idx_role_id_id` (`role_id`)
) ENGINE=InnoDB DEFAULT CHARSET=utf8;

-- Export de données de la table lafactorysem.role_permission : ~43 rows (environ)
DELETE FROM `role_permission`;
/*!40000 ALTER TABLE `role_permission` DISABLE KEYS */;
INSERT INTO `role_permission` (`permission_id`, `role_id`) VALUES
	(39, 6),
	(16, 6),
	(44, 6),
	(1, 7),
	(3, 7),
	(15, 7),
	(36, 7),
	(1, 1),
	(3, 1),
	(15, 1),
	(36, 1),
	(4, 1),
	(19, 1),
	(21, 1),
	(22, 1),
	(6, 1),
	(26, 1),
	(7, 1),
	(32, 1),
	(45, 1),
	(29, 1),
	(30, 1),
	(31, 1),
	(33, 1),
	(34, 1),
	(35, 1),
	(39, 1),
	(16, 1),
	(44, 1),
	(48, 1),
	(49, 1),
	(51, 1),
	(52, 1),
	(65, 1),
	(1, 5),
	(4, 5),
	(63, 5),
	(64, 5),
	(56, 5),
	(58, 5),
	(59, 5),
	(60, 5),
	(61, 5);
/*!40000 ALTER TABLE `role_permission` ENABLE KEYS */;

-- Export de la structure de la table lafactorysem. setting
DROP TABLE IF EXISTS `setting`;
CREATE TABLE IF NOT EXISTS `setting` (
  `id` int(10) unsigned NOT NULL AUTO_INCREMENT,
  `name` varchar(191) NOT NULL,
  `value` text NOT NULL,
  `language_id` enum('1','2') NOT NULL,
  `created_at` timestamp NULL DEFAULT NULL,
  `updated_at` timestamp NULL DEFAULT NULL,
  PRIMARY KEY (`id`)
) ENGINE=InnoDB AUTO_INCREMENT=11 DEFAULT CHARSET=utf8;

-- Export de données de la table lafactorysem.setting : ~10 rows (environ)
DELETE FROM `setting`;
/*!40000 ALTER TABLE `setting` DISABLE KEYS */;
INSERT INTO `setting` (`id`, `name`, `value`, `language_id`, `created_at`, `updated_at`) VALUES
	(1, 'Meta Title', 'LaFactorySEM', '1', '2017-08-09 02:43:27', '2018-08-16 18:35:06'),
	(2, 'Meta Description', 'LaFactorySEM', '1', '2017-08-09 02:43:27', '2018-08-16 18:35:06'),
	(3, 'Meta Keywords', 'LaFactorySEM', '1', '2017-08-09 02:43:27', '2018-08-16 18:35:06'),
	(4, 'OG Title', 'LaFactorySEM', '1', '2017-08-09 02:43:27', '2018-08-16 18:35:06'),
	(5, 'OG Description', 'LaFactorySEM', '1', '2017-08-09 02:43:27', '2018-08-16 18:35:06'),
	(6, 'Meta Title', 'LaFactorySEM', '2', '2017-08-09 02:43:27', '2018-08-16 18:35:06'),
	(7, 'Meta Description', 'LaFactorySEM', '2', '2017-08-09 02:43:27', '2018-08-16 18:35:06'),
	(8, 'Meta Keywords', 'LaFactorySEM', '2', '2017-08-09 02:43:27', '2018-08-16 18:35:06'),
	(9, 'OG Title', 'LaFactorySEM', '2', '2017-08-09 02:43:27', '2018-08-16 18:35:06'),
	(10, 'OG Description', 'LaFactorySEM', '2', '2017-08-09 02:43:27', '2018-08-16 18:35:06');
/*!40000 ALTER TABLE `setting` ENABLE KEYS */;

-- Export de la structure de la table lafactorysem. sys_url_rewrite
DROP TABLE IF EXISTS `sys_url_rewrite`;
CREATE TABLE IF NOT EXISTS `sys_url_rewrite` (
  `sys_url_rewrite_id` int(10) unsigned NOT NULL AUTO_INCREMENT,
  `request_url` varchar(191) NOT NULL,
  `target_url` varchar(191) NOT NULL,
  `type` enum('1','2','3','4') NOT NULL COMMENT '1 => Category, 2 => Product, 3 => Pages, 4 => Blog',
  `target_id` int(11) NOT NULL,
  PRIMARY KEY (`sys_url_rewrite_id`),
  KEY `idx_target_id` (`target_id`),
  KEY `idx_type` (`type`)
) ENGINE=InnoDB AUTO_INCREMENT=4384 DEFAULT CHARSET=utf8;

-- Export de données de la table lafactorysem.sys_url_rewrite : ~3 980 rows (environ)
DELETE FROM `sys_url_rewrite`;
/*!40000 ALTER TABLE `sys_url_rewrite` DISABLE KEYS */;
INSERT INTO `sys_url_rewrite` (`sys_url_rewrite_id`, `request_url`, `target_url`, `type`, `target_id`) VALUES
	(1, 'clothing-shoes-jewelry', 'clothing-shoes-jewelry', '1', 1),
	(2, 'sports-outdoors-equipment', 'sports-outdoors-equipment', '1', 2),
	(3, 'clothing-accessories', 'clothing-accessories', '1', 3),
	(4, 'electonics-software', 'electonics-software', '1', 4),
	(5, 'home-kitchen-pets-winter-17', 'home-kitchen-pets-winter-17', '1', 5),
	(6, 'toys-baby-winter-17', 'toys-baby-winter-17', '1', 6),
	(7, 'tools-patio-garden', 'tools-patio-garden', '1', 7),
	(8, 'automotive-winter-17', 'automotive-winter-17', '1', 8),
	(9, 'books-music-winter-17', 'books-music-winter-17', '1', 9),
	(15, 'shoes-accessories', 'shoes-accessories', '1', 10),
	(16, 'jewelry', 'jewelry', '1', 11),
	(17, 'watches', 'watches', '1', 12),
	(18, 'luggage-bags', 'luggage-bags', '1', 13),
	(19, 'exercise-fitness', 'exercise-fitness', '1', 14),
	(20, 'team-sport', 'team-sport', '1', 15),
	(21, 'sports-apparel', 'sports-apparel', '1', 16),
	(22, 'golf', 'golf', '1', 17),
	(23, 'leisure-sports-game-room', 'leisure-sports-game-room', '1', 18),
	(24, 'outdoor-gear', 'outdoor-gear', '1', 19),
	(25, 'hunting-fishing', 'hunting-fishing', '1', 20),
	(26, 'winter-sports', 'winter-sports', '1', 21),
	(27, 'action-sports', 'action-sports', '1', 22),
	(28, 'cycling', 'cycling', '1', 23),
	(29, 'boating-water-sports', 'boating-water-sports', '1', 24),
	(30, 'tires', 'tires', '1', 25),
	(31, 'automotive-accessories', 'automotive-accessories', '1', 26),
	(32, 'books-in-english', 'books-in-english', '1', 27),
	(33, 'books-in-french', 'books-in-french', '1', 28),
	(34, 'musical-instruments', 'musical-instruments', '1', 29),
	(35, 'nursery', 'nursery', '1', 30),
	(36, 'strollers-car-seats', 'strollers-car-seats', '1', 31),
	(37, 'baby-toddler-toys', 'baby-toddler-toys', '1', 32),
	(38, 'arts-crafts', 'arts-crafts', '1', 33),
	(39, 'building-toys', 'building-toys', '1', 34),
	(40, 'outdoor-play', 'outdoor-play', '1', 35),
	(41, 'games', 'games', '1', 36),
	(42, 'action-figures', 'action-figures', '1', 37),
	(43, 'furniture', 'furniture', '1', 38),
	(44, 'home-decoration', 'home-decoration', '1', 39),
	(45, 'arts-crafts-sewing', 'arts-crafts-sewing', '1', 40),
	(46, 'bedding', 'bedding', '1', 41),
	(47, 'vacuums-floorcare', 'vacuums-floorcare', '1', 42),
	(48, 'heating-cooling', 'heating-cooling', '1', 43),
	(49, 'storage-organization', 'storage-organization', '1', 44),
	(50, 'appliances', 'appliances', '1', 45),
	(51, 'small-appliances', 'small-appliances', '1', 46),
	(52, 'utensils-gadgets-barware', 'utensils-gadgets-barware', '1', 47),
	(53, 'cookware', 'cookware', '1', 48),
	(54, 'health-beauty-winter-17', 'health-beauty-winter-17', '1', 49),
	(55, 'beauty', 'beauty', '1', 50),
	(56, 'health-personal-care', 'health-personal-care', '1', 51),
	(57, 'baby-care', 'baby-care', '1', 52),
	(58, 'tools', 'tools', '1', 53),
	(59, 'gardening', 'gardening', '1', 54),
	(60, 'all-pets', 'all-pets', '1', 55),
	(61, 'outdoor-furniture-decor', 'outdoor-furniture-decor', '1', 56),
	(62, 'barbecues-grilling', 'barbecues-grilling', '1', 57),
	(63, 'lawn-mowers-outdoor-tools', 'lawn-mowers-outdoor-tools', '1', 58),
	(66, 'tv-video', 'tv-video', '1', 60),
	(67, 'all-audio-headphones', 'all-audio-headphones', '1', 61),
	(68, 'photo-video-optics', 'photo-video-optics', '1', 62),
	(69, 'cell-phone-accessories', 'cell-phone-accessories', '1', 63),
	(71, 'office-electronics', 'office-electronics', '1', 65),
	(72, 'car-electronics', 'car-electronics', '1', 66),
	(73, 'wearable-technology', 'wearable-technology', '1', 67),
	(74, 'smart-home', 'smart-home', '1', 68),
	(75, 'laptops', 'laptops', '1', 69),
	(76, 'tablets', 'tablets', '1', 70),
	(77, 'desktops-pc', 'desktops-pc', '1', 71),
	(78, 'hard-drive-storage', 'hard-drive-storage', '1', 72),
	(82, 'pc-tablet-accessories', 'pc-tablet-accessories', '1', 76),
	(83, 'pc-components', 'pc-components', '1', 77),
	(84, 'all-software', 'all-software', '1', 78),
	(86, 'men', 'men', '1', 79),
	(89, 'this-is-thetest-title', 'this-is-thetest-title', '4', 1),
	(90, 'test', 'test', '4', 2),
	(91, 'evive-cubes-de-smoothies', 'evive-cubes-de-smoothies', '4', 3),
	(92, 'blog-test-3', 'blog-test-3', '4', 4),
	(93, 'how-it-work', 'how-it-work', '3', 1),
	(94, 'ask-a-product', 'ask-a-product', '3', 2),
	(95, 'make-money-with-us', 'make-money-with-us', '3', 3),
	(96, 'knowledge-center', 'knowledge-center', '3', 4),
	(97, 'fondation', 'fondation', '3', 5),
	(98, 'news-media', 'news-media', '3', 6),
	(99, 'investors', 'investors', '3', 7),
	(100, 'about-us', 'about-us', '3', 8),
	(101, 'terms-conditions', 'terms-conditions', '3', 9),
	(102, 'privacy-cookies', 'privacy-cookies', '3', 10),
	(104, 'women', 'women', '1', 80),
	(105, 'boys', 'boys', '1', 81),
	(106, 'girls', 'girls', '1', 82),
	(107, 'babies-toddlers', 'babies-toddlers', '1', 83),
	(108, 'jackets-coats', 'jackets-coats', '1', 84),
	(109, 'cardigans-sweaters', 'cardigans-sweaters', '1', 85),
	(110, 'blazers-suits', 'blazers-suits', '1', 86),
	(112, 'shirts', 'shirts', '1', 88),
	(113, 'pants-jeans', 'pants-jeans', '1', 89),
	(114, 'shorts', 'shorts', '1', 90),
	(115, 'swimwear', 'swimwear', '1', 91),
	(118, 'socks-underwear', 'socks-underwear', '1', 94),
	(119, 'hats-accessories', 'hats-accessories', '1', 95),
	(120, 'jackets-coats', 'jackets-coats', '1', 96),
	(121, 'cardigans-sweaters', 'cardigans-sweaters', '1', 97),
	(122, 'blazers-suits', 'blazers-suits', '1', 98),
	(123, 'shirts', 'shirts', '1', 99),
	(126, 'pants-jeans', 'pants-jeans', '1', 102),
	(127, 'shorts', 'shorts', '1', 103),
	(129, 'swimwear', 'swimwear', '1', 105),
	(131, 'lingerie-underwear-socks', 'lingerie-underwear-socks', '1', 107),
	(132, 'hats-accessories', 'hats-accessories', '1', 108),
	(133, 'jackets-coats', 'jackets-coats', '1', 109),
	(134, 'jackets-coats', 'jackets-coats', '1', 110),
	(135, 'cardigans-sweaters', 'cardigans-sweaters', '1', 111),
	(136, 'cardigans-sweaters', 'cardigans-sweaters', '1', 112),
	(137, 'blazers-suits', 'blazers-suits', '1', 113),
	(138, 'blazers-suits', 'blazers-suits', '1', 114),
	(139, 'shirts', 'shirts', '1', 115),
	(140, 'shirts', 'shirts', '1', 116),
	(142, 'pants-jeans', 'pants-jeans', '1', 118),
	(143, 'pants-jeans', 'pants-jeans', '1', 119),
	(144, 'shorts', 'shorts', '1', 120),
	(145, 'shorts', 'shorts', '1', 121),
	(146, 'swimwear', 'swimwear', '1', 122),
	(147, 'swimwear', 'swimwear', '1', 123),
	(150, 'socks-underwear', 'socks-underwear', '1', 126),
	(151, 'socks-underwear', 'socks-underwear', '1', 127),
	(152, 'hats-accessories', 'hats-accessories', '1', 128),
	(153, 'hats-accessories', 'hats-accessories', '1', 129),
	(154, 'jackets-coats', 'jackets-coats', '1', 130),
	(155, 'cardigans-sweaters', 'cardigans-sweaters', '1', 131),
	(156, 'blazers-suits', 'blazers-suits', '1', 132),
	(157, 'shirts', 'shirts', '1', 133),
	(158, 'bodysuits-pajamas', 'bodysuits-pajamas', '1', 134),
	(159, 'dresses-skirts', 'dresses-skirts', '1', 135),
	(160, 'pants-jeans', 'pants-jeans', '1', 136),
	(161, 'shorts', 'shorts', '1', 137),
	(162, 'swimwear', 'swimwear', '1', 138),
	(163, 'sportswear', 'sportswear', '1', 139),
	(164, 'socks-underwear', 'socks-underwear', '1', 140),
	(165, 'hats-accessories', 'hats-accessories', '1', 141),
	(166, 'men', 'men', '1', 142),
	(167, 'women', 'women', '1', 143),
	(168, 'handbags', 'handbags', '1', 144),
	(169, 'sport', 'sport', '1', 145),
	(170, 'sport', 'sport', '1', 146),
	(171, 'sandals', 'sandals', '1', 147),
	(172, 'sandals', 'sandals', '1', 148),
	(173, 'sneakers', 'sneakers', '1', 149),
	(174, 'sneakers', 'sneakers', '1', 150),
	(175, 'boots', 'boots', '1', 151),
	(176, 'boots', 'boots', '1', 152),
	(177, 'loafers-boat-shoes', 'loafers-boat-shoes', '1', 153),
	(178, 'loafers-boat-shoes', 'loafers-boat-shoes', '1', 154),
	(179, 'slippers', 'slippers', '1', 155),
	(180, 'heels', 'heels', '1', 156),
	(181, 'flats-ballerinas', 'flats-ballerinas', '1', 157),
	(182, 'slippers', 'slippers', '1', 158),
	(183, 'clogs-mules', 'clogs-mules', '1', 159),
	(184, 'clogs-mules', 'clogs-mules', '1', 160),
	(185, 'oxfords', 'oxfords', '1', 161),
	(186, 'oxfords', 'oxfords', '1', 162),
	(187, 'safety-shoes', 'safety-shoes', '1', 163),
	(188, 'safety-shoes', 'safety-shoes', '1', 164),
	(189, 'tshirts', 'tshirts', '1', 165),
	(190, 'polos', 'polos', '1', 166),
	(191, 'tank-tops', 'tank-tops', '1', 167),
	(192, 'casual-buttondown-shirts', 'casual-buttondown-shirts', '1', 168),
	(194, 'dress-shirts', 'dress-shirts', '1', 170),
	(195, 'tshirts', 'tshirts', '1', 171),
	(196, 'polos', 'polos', '1', 172),
	(197, 'tank-tops', 'tank-tops', '1', 173),
	(199, 'casual', 'casual', '1', 175),
	(200, 'blouses-buttondown-shirts', 'blouses-buttondown-shirts', '1', 176),
	(201, 'rainwear', 'rainwear', '1', 177),
	(202, 'coats', 'coats', '1', 178),
	(203, 'insulated', 'insulated', '1', 179),
	(204, 'jackets-bombers', 'jackets-bombers', '1', 180),
	(205, 'leather-fauxleather', 'leather-fauxleather', '1', 181),
	(206, 'fleece', 'fleece', '1', 182),
	(207, 'parkas', 'parkas', '1', 183),
	(208, 'rainwear', 'rainwear', '1', 184),
	(209, 'coats', 'coats', '1', 185),
	(210, 'insulated', 'insulated', '1', 186),
	(211, 'jackets-bombers', 'jackets-bombers', '1', 187),
	(212, 'leather-fauxleather', 'leather-fauxleather', '1', 188),
	(213, 'fleece', 'fleece', '1', 189),
	(214, 'parkas', 'parkas', '1', 190),
	(215, 'blazers', 'blazers', '1', 191),
	(216, 'suits', 'suits', '1', 192),
	(217, 'tuxedos', 'tuxedos', '1', 193),
	(218, 'blazers', 'blazers', '1', 194),
	(219, 'suits', 'suits', '1', 195),
	(220, 'tuxedos', 'tuxedos', '1', 196),
	(221, 'hoodies', 'hoodies', '1', 197),
	(222, 'sweatshirts', 'sweatshirts', '1', 198),
	(223, 'pullovers', 'pullovers', '1', 199),
	(224, 'cardigans', 'cardigans', '1', 200),
	(225, 'polos', 'polos', '1', 201),
	(226, 'hoodies', 'hoodies', '1', 202),
	(227, 'sweatshirts', 'sweatshirts', '1', 203),
	(228, 'pullovers', 'pullovers', '1', 204),
	(229, 'cardigans', 'cardigans', '1', 205),
	(230, 'vests', 'vests', '1', 206),
	(231, 'dress-pants', 'dress-pants', '1', 207),
	(232, 'casual', 'casual', '1', 208),
	(233, 'dresses', 'dresses', '1', 209),
	(234, 'skirts', 'skirts', '1', 210),
	(235, 'casual', 'casual', '1', 211),
	(236, 'work', 'work', '1', 212),
	(237, 'dressy', 'dressy', '1', 213),
	(238, 'jeans', 'jeans', '1', 214),
	(239, 'casual', 'casual', '1', 215),
	(240, 'casual', 'casual', '1', 216),
	(241, 'work', 'work', '1', 217),
	(242, 'dressy', 'dressy', '1', 218),
	(243, 'dress-pants', 'dress-pants', '1', 219),
	(244, 'casual', 'casual', '1', 220),
	(245, 'jeans', 'jeans', '1', 221),
	(246, 'outdoor', 'outdoor', '1', 222),
	(247, 'one-pieces', 'one-pieces', '1', 223),
	(248, 'bikinis', 'bikinis', '1', 224),
	(249, 'coverups', 'coverups', '1', 225),
	(250, 'swim-shorts', 'swim-shorts', '1', 226),
	(251, 'socks', 'socks', '1', 227),
	(252, 'underwear', 'underwear', '1', 228),
	(253, 'bras', 'bras', '1', 229),
	(254, 'panties', 'panties', '1', 230),
	(255, 'socks', 'socks', '1', 231),
	(257, 'hats', 'hats', '1', 233),
	(258, 'scarves', 'scarves', '1', 234),
	(259, 'gloves', 'gloves', '1', 235),
	(260, 'belts', 'belts', '1', 236),
	(261, 'hats', 'hats', '1', 237),
	(262, 'scarves', 'scarves', '1', 238),
	(263, 'gloves', 'gloves', '1', 239),
	(264, 'belts', 'belts', '1', 240),
	(265, 'briefs', 'briefs', '1', 241),
	(266, 'board-shorts', 'board-shorts', '1', 242),
	(267, 'rashguards', 'rashguards', '1', 243),
	(268, 'backpacks', 'backpacks', '1', 244),
	(269, 'briefcases', 'briefcases', '1', 245),
	(270, 'luggage', 'luggage', '1', 246),
	(271, 'messenger-bags', 'messenger-bags', '1', 247),
	(272, 'sport-bags', 'sport-bags', '1', 248),
	(273, 'electronic-bags-and-cases', 'electronic-bags-and-cases', '1', 249),
	(274, 'umbrellas', 'umbrellas', '1', 250),
	(275, 'rainwear', 'rainwear', '1', 251),
	(276, 'coats', 'coats', '1', 252),
	(277, 'insulated', 'insulated', '1', 253),
	(278, 'leather-fauxleather', 'leather-fauxleather', '1', 254),
	(279, 'jackets-bombers', 'jackets-bombers', '1', 255),
	(280, 'fleece', 'fleece', '1', 256),
	(281, 'parkas', 'parkas', '1', 257),
	(282, 'hoodies', 'hoodies', '1', 258),
	(283, 'sweatshirts', 'sweatshirts', '1', 259),
	(284, 'pullovers', 'pullovers', '1', 260),
	(285, 'polos', 'polos', '1', 261),
	(286, 'cardigans', 'cardigans', '1', 262),
	(287, 'blazers', 'blazers', '1', 263),
	(288, 'suits', 'suits', '1', 264),
	(289, 'tuxedos', 'tuxedos', '1', 265),
	(290, 'tshirts', 'tshirts', '1', 266),
	(291, 'polos', 'polos', '1', 267),
	(292, 'tank-tops', 'tank-tops', '1', 268),
	(293, 'dress-shirts', 'dress-shirts', '1', 269),
	(294, 'dress-pants', 'dress-pants', '1', 270),
	(295, 'casual', 'casual', '1', 271),
	(296, 'jeans', 'jeans', '1', 272),
	(297, 'outdoor', 'outdoor', '1', 273),
	(298, 'briefs', 'briefs', '1', 274),
	(299, 'board-shorts', 'board-shorts', '1', 275),
	(300, 'rashguards', 'rashguards', '1', 276),
	(301, 'socks', 'socks', '1', 277),
	(302, 'underwear', 'underwear', '1', 278),
	(303, 'hats', 'hats', '1', 279),
	(304, 'scarves', 'scarves', '1', 280),
	(305, 'gloves', 'gloves', '1', 281),
	(306, 'belts', 'belts', '1', 282),
	(307, 'rainwear', 'rainwear', '1', 283),
	(308, 'coats', 'coats', '1', 284),
	(309, 'insulated', 'insulated', '1', 285),
	(310, 'jackets-bombers', 'jackets-bombers', '1', 286),
	(311, 'leather-fauxleather', 'leather-fauxleather', '1', 287),
	(312, 'fleece', 'fleece', '1', 288),
	(313, 'parkas', 'parkas', '1', 289),
	(314, 'hoodies', 'hoodies', '1', 290),
	(315, 'sweatshirts', 'sweatshirts', '1', 291),
	(316, 'pullovers', 'pullovers', '1', 292),
	(317, 'cardigans', 'cardigans', '1', 293),
	(318, 'vests', 'vests', '1', 294),
	(319, 'blazers', 'blazers', '1', 295),
	(320, 'suits', 'suits', '1', 296),
	(321, 'tuxedos', 'tuxedos', '1', 297),
	(322, 'tshirts', 'tshirts', '1', 298),
	(323, 'polos', 'polos', '1', 299),
	(324, 'tank-tops', 'tank-tops', '1', 300),
	(325, 'casual', 'casual', '1', 301),
	(326, 'blouses-buttondown-shirts', 'blouses-buttondown-shirts', '1', 302),
	(327, 'dresses', 'dresses', '1', 303),
	(328, 'skirts', 'skirts', '1', 304),
	(329, 'casual', 'casual', '1', 305),
	(330, 'dressy', 'dressy', '1', 306),
	(331, 'casual', 'casual', '1', 307),
	(332, 'dressy', 'dressy', '1', 308),
	(333, 'dress-pants', 'dress-pants', '1', 309),
	(334, 'casual', 'casual', '1', 310),
	(335, 'jeans', 'jeans', '1', 311),
	(336, 'outdoor', 'outdoor', '1', 312),
	(337, 'one-pieces', 'one-pieces', '1', 313),
	(338, 'bikinis', 'bikinis', '1', 314),
	(339, 'swim-shorts', 'swim-shorts', '1', 315),
	(340, 'coverups', 'coverups', '1', 316),
	(341, 'socks', 'socks', '1', 317),
	(342, 'panties', 'panties', '1', 318),
	(344, 'hats', 'hats', '1', 320),
	(345, 'scarves', 'scarves', '1', 321),
	(346, 'gloves', 'gloves', '1', 322),
	(347, 'belts', 'belts', '1', 323),
	(348, 'boys', 'boys', '1', 324),
	(349, 'girls', 'girls', '1', 325),
	(350, 'baby-toddlers', 'baby-toddlers', '1', 326),
	(351, 'running', 'running', '1', 327),
	(352, 'outdoor', 'outdoor', '1', 328),
	(353, 'yoga', 'yoga', '1', 329),
	(354, 'training', 'training', '1', 330),
	(355, 'golf', 'golf', '1', 331),
	(356, 'cycling', 'cycling', '1', 332),
	(357, 'running', 'running', '1', 333),
	(358, 'training', 'training', '1', 334),
	(359, 'outdoor', 'outdoor', '1', 335),
	(360, 'yoga', 'yoga', '1', 336),
	(361, 'golf', 'golf', '1', 337),
	(362, 'cycling', 'cycling', '1', 338),
	(364, 'synchilla-snapt-pants', 'synchilla-snapt-pants', '2', 12),
	(365, 'outdoor', 'outdoor', '1', 339),
	(366, 'sport', 'sport', '1', 340),
	(367, 'sandals', 'sandals', '1', 341),
	(368, 'sneakers', 'sneakers', '1', 342),
	(369, 'sneakers', 'sneakers', '1', 343),
	(370, 'boots', 'boots', '1', 344),
	(371, 'loafers-boat-shoes', 'loafers-boat-shoes', '1', 345),
	(372, 'oxfords', 'oxfords', '1', 346),
	(373, 'clogs-mules', 'clogs-mules', '1', 347),
	(374, 'slippers', 'slippers', '1', 348),
	(375, 'sport', 'sport', '1', 349),
	(376, 'sandals', 'sandals', '1', 350),
	(377, 'boots', 'boots', '1', 351),
	(378, 'loafers-boat-shoes', 'loafers-boat-shoes', '1', 352),
	(379, 'heels', 'heels', '1', 353),
	(380, 'flats-ballerinas', 'flats-ballerinas', '1', 354),
	(381, 'oxfords', 'oxfords', '1', 355),
	(382, 'clogs-mules', 'clogs-mules', '1', 356),
	(383, 'slippers', 'slippers', '1', 357),
	(384, 'men', 'men', '1', 358),
	(385, 'women', 'women', '1', 359),
	(386, 'luxury', 'luxury', '1', 360),
	(387, 'sport', 'sport', '1', 361),
	(388, 'luxury', 'luxury', '1', 362),
	(389, 'sport', 'sport', '1', 363),
	(390, 'men', 'men', '1', 364),
	(391, 'women', 'women', '1', 365),
	(392, 'necklaces', 'necklaces', '1', 366),
	(393, 'rings', 'rings', '1', 367),
	(394, 'bracelets', 'bracelets', '1', 368),
	(395, 'earrings', 'earrings', '1', 369),
	(396, 'necklaces', 'necklaces', '1', 370),
	(397, 'rings', 'rings', '1', 371),
	(398, 'bracelets', 'bracelets', '1', 372),
	(399, 'earrings', 'earrings', '1', 373),
	(400, 'houdini-jacket', 'houdini-jacket', '2', 13),
	(402, 'rainwear', 'rainwear', '1', 374),
	(403, 'cameras', 'cameras', '1', 375),
	(404, 'reflex-dslr', 'reflex-dslr', '1', 376),
	(405, 'compact-system-cameras', 'compact-system-cameras', '1', 377),
	(407, 'accessories', 'accessories', '1', 379),
	(408, 'bags-and-cases', 'bags-and-cases', '1', 380),
	(409, 'binoculars-and-scopes', 'binoculars-and-scopes', '1', 381),
	(410, 'video', 'video', '1', 382),
	(411, 'lenses-and-flashes', 'lenses-and-flashes', '1', 383),
	(412, 'lightning-and-studio', 'lightning-and-studio', '1', 384),
	(415, 'calculators', 'calculators', '1', 387),
	(416, 'telephones-and-accessories', 'telephones-and-accessories', '1', 388),
	(417, 'printers-scanners', 'printers-scanners', '1', 389),
	(418, 'tripods-and-monopods', 'tripods-and-monopods', '1', 390),
	(419, 'Surveillance', 'Surveillance', '1', 391),
	(420, 'underwater-video-photography', 'underwater-video-photography', '1', 392),
	(421, 'fax-machines', 'fax-machines', '1', 393),
	(422, 'copiers', 'copiers', '1', 394),
	(423, 'presentation-products', 'presentation-products', '1', 395),
	(425, 'camcorders', 'camcorders', '1', 397),
	(426, 'camcorder-accessories', 'camcorder-accessories', '1', 398),
	(427, 'camcorder-lenses', 'camcorder-lenses', '1', 399),
	(428, 'action-cam', 'action-cam', '1', 400),
	(429, 'printers', 'printers', '1', 401),
	(430, 'scanners', 'scanners', '1', 402),
	(431, 'allinone-printers', 'allinone-printers', '1', 403),
	(432, 'laser-printers', 'laser-printers', '1', 404),
	(433, 'inkjet-printers', 'inkjet-printers', '1', 405),
	(434, '3d-printers', '3d-printers', '1', 406),
	(435, 'photo-printers', 'photo-printers', '1', 407),
	(436, 'document-scanners', 'document-scanners', '1', 408),
	(437, 'scanners', 'scanners', '1', 409),
	(438, 'flatbed-scanners', 'flatbed-scanners', '1', 410),
	(439, 'slide-negative-scanners', 'slide-negative-scanners', '1', 411),
	(441, 'slide-projectors', 'slide-projectors', '1', 413),
	(442, 'surveillance-cameras', 'surveillance-cameras', '1', 414),
	(443, 'surveillance-accessories', 'surveillance-accessories', '1', 415),
	(444, 'baby-monitors', 'baby-monitors', '1', 416),
	(445, 'large-format-printers', 'large-format-printers', '1', 417),
	(446, 'sarah-dans-la-lune-ecodesign-mode', 'sarah-dans-la-lune-ecodesign-mode', '4', 5),
	(449, 'televisions', 'televisions', '1', 418),
	(450, 'led-tvs', 'led-tvs', '1', 419),
	(451, 'smart-tvs', 'smart-tvs', '1', 420),
	(452, '4k-ultra-hd-tvs', '4k-ultra-hd-tvs', '1', 421),
	(453, 'oled-tvs', 'oled-tvs', '1', 422),
	(454, 'accessories', 'accessories', '1', 423),
	(455, 'home-cinema-soundbars', 'home-cinema-soundbars', '1', 424),
	(456, 'home-cinema-systems', 'home-cinema-systems', '1', 425),
	(457, 'soundbars', 'soundbars', '1', 426),
	(458, 'home-cinema-receivers', 'home-cinema-receivers', '1', 427),
	(459, 'players', 'players', '1', 428),
	(460, 'bluray-players', 'bluray-players', '1', 429),
	(461, 'dvd-players', 'dvd-players', '1', 430),
	(462, 'home-cinema-speakers', 'home-cinema-speakers', '1', 431),
	(463, 'projectors', 'projectors', '1', 432),
	(464, 'headphones', 'headphones', '1', 433),
	(465, 'headphone-accessories', 'headphone-accessories', '1', 434),
	(466, 'inear-headphones', 'inear-headphones', '1', 435),
	(467, 'onear-headphones', 'onear-headphones', '1', 436),
	(468, 'aroundear-headphones', 'aroundear-headphones', '1', 437),
	(469, 'speakers', 'speakers', '1', 438),
	(470, 'floorstanding-speakers', 'floorstanding-speakers', '1', 439),
	(471, 'outdoor-speakers', 'outdoor-speakers', '1', 440),
	(472, 'mp3-players', 'mp3-players', '1', 441),
	(473, 'wireless-speakers', 'wireless-speakers', '1', 442),
	(474, 'portable-audio', 'portable-audio', '1', 443),
	(475, 'portable-speakers', 'portable-speakers', '1', 444),
	(476, 'accessories', 'accessories', '1', 445),
	(477, 'computer-speakers', 'computer-speakers', '1', 446),
	(478, 'portable-radios', 'portable-radios', '1', 447),
	(479, 'home-cinema-headphones', 'home-cinema-headphones', '1', 448),
	(480, 'audio-components', 'audio-components', '1', 449),
	(483, 'cd-players', 'cd-players', '1', 452),
	(484, 'turntables', 'turntables', '1', 453),
	(485, 'hifi-receivers', 'hifi-receivers', '1', 454),
	(486, 'audio-accessories', 'audio-accessories', '1', 455),
	(487, 'remote-controls', 'remote-controls', '1', 456),
	(488, 'cables', 'cables', '1', 457),
	(489, 'auto-marine-audio', 'auto-marine-audio', '1', 458),
	(490, 'incar-receivers-players', 'incar-receivers-players', '1', 459),
	(491, 'marine-receivers', 'marine-receivers', '1', 460),
	(492, 'amplifiers', 'amplifiers', '1', 461),
	(493, 'speakers-subwoofers', 'speakers-subwoofers', '1', 462),
	(494, 'dans-le-sac', 'dans-le-sac', '4', 6),
	(495, 'vixia-hf-r800-high-definition-camcorders', 'vixia-hf-r800-high-definition-camcorders', '2', 17),
	(496, 'trainers', 'trainers', '1', 463),
	(497, 'running', 'running', '1', 464),
	(499, 'trainers', 'trainers', '1', 466),
	(500, 'running', 'running', '1', 467),
	(501, 'cleats', 'cleats', '1', 468),
	(502, 'tennis', 'tennis', '1', 469),
	(503, 'weighlifting', 'weighlifting', '1', 470),
	(504, 'golf', 'golf', '1', 471),
	(505, 'basketball', 'basketball', '1', 472),
	(506, 'basketball', 'basketball', '1', 473),
	(507, 'tennis', 'tennis', '1', 474),
	(508, 'weightlifting', 'weightlifting', '1', 475),
	(509, 'golf', 'golf', '1', 476),
	(510, 'basketball', 'basketball', '1', 477),
	(511, 'tennis', 'tennis', '1', 478),
	(512, 'soccer', 'soccer', '1', 479),
	(513, 'weightlifting', 'weightlifting', '1', 480),
	(514, 'jerseys', 'jerseys', '1', 481),
	(515, 'compression', 'compression', '1', 482),
	(516, 'swimming', 'swimming', '1', 483),
	(517, 'compression', 'compression', '1', 484),
	(518, 'soccer', 'soccer', '1', 485),
	(519, 'basketball', 'basketball', '1', 486),
	(520, 'tennis', 'tennis', '1', 487),
	(521, 'swimming', 'swimming', '1', 488),
	(522, 'weightlifting', 'weightlifting', '1', 489),
	(523, 'jerseys', 'jerseys', '1', 490),
	(524, 'eos-rebel-t5', 'eos-rebel-t5', '2', 18),
	(525, 'canoscan-lide120', 'canoscan-lide120', '2', 19),
	(526, 'realis-wx520-pro-av-projector', 'realis-wx520-pro-av-projector', '2', 20),
	(532, 'caps', 'caps', '1', 496),
	(534, 'caps', 'caps', '1', 498),
	(536, 'caps', 'caps', '1', 500),
	(538, 'caps', 'caps', '1', 502),
	(540, 'dress-casual', 'dress-casual', '1', 504),
	(541, 'sport', 'sport', '1', 505),
	(542, 'dress-casual', 'dress-casual', '1', 506),
	(543, 'sport-socks', 'sport-socks', '1', 507),
	(544, 'dress-casual', 'dress-casual', '1', 508),
	(545, 'sport', 'sport', '1', 509),
	(546, 'dress-casual', 'dress-casual', '1', 510),
	(547, 'boxers', 'boxers', '1', 511),
	(548, 'briefs', 'briefs', '1', 512),
	(549, 'boxers', 'boxers', '1', 513),
	(550, 'briefs', 'briefs', '1', 514),
	(551, 'bikinis', 'bikinis', '1', 515),
	(552, 'shorts', 'shorts', '1', 516),
	(553, 'briefs', 'briefs', '1', 517),
	(554, 'gstrings-tangas', 'gstrings-tangas', '1', 518),
	(555, 'bikinis', 'bikinis', '1', 519),
	(556, 'briefs', 'briefs', '1', 520),
	(557, 'shorts', 'shorts', '1', 521),
	(558, 'gstrings-tangas', 'gstrings-tangas', '1', 522),
	(559, 'tights-and-leggings', 'tights-and-leggings', '1', 523),
	(560, 'tights-and-leggings', 'tights-and-leggings', '1', 524),
	(561, 'tights', 'tights', '1', 525),
	(562, 'leggings', 'leggings', '1', 526),
	(563, 'tights', 'tights', '1', 527),
	(564, 'leggings', 'leggings', '1', 528),
	(565, 'keymission-170', 'keymission-170', '2', 21),
	(566, 'pixma-ts6120', 'pixma-ts6120', '2', 22),
	(567, 'keymission-360', 'keymission-360', '2', 23),
	(569, 'd610-body-only', 'd610-body-only', '2', 25),
	(570, 'afs-dx-nikkor-1024mm-f3545g-ed', 'afs-dx-nikkor-1024mm-f3545g-ed', '2', 26),
	(571, 'home-cinema', 'home-cinema', '1', 529),
	(572, 'portable', 'portable', '1', 530),
	(573, 'medical', 'medical', '1', 531),
	(574, 'sport', 'sport', '1', 532),
	(575, 'sport', 'sport', '1', 533),
	(576, 'sport', 'sport', '1', 534),
	(577, 'casual', 'casual', '1', 535),
	(578, 'dress', 'dress', '1', 536),
	(579, 'sport', 'sport', '1', 537),
	(580, 'sport', 'sport', '1', 538),
	(581, 'sport', 'sport', '1', 539),
	(582, 'sport', 'sport', '1', 540),
	(583, 'sport', 'sport', '1', 541),
	(584, 'sport', 'sport', '1', 542),
	(585, 'casual', 'casual', '1', 543),
	(586, 'dress', 'dress', '1', 544),
	(587, 'sport', 'sport', '1', 545),
	(588, 'sport', 'sport', '1', 546),
	(589, 'electronic-viewfinder-evfdc2', 'electronic-viewfinder-evfdc2', '2', 27),
	(590, 'wireless-remote-control-bre1', 'wireless-remote-control-bre1', '2', 28),
	(591, 'selphy-cp1300', 'selphy-cp1300', '2', 29),
	(594, 'nikon-1-j5', 'nikon-1-j5', '2', 32),
	(595, 'pixma-ix6820', 'pixma-ix6820', '2', 33),
	(596, 'selphy-cp1200', 'selphy-cp1200', '2', 34),
	(597, 'keymission-80', 'keymission-80', '2', 35),
	(598, 'nikon-1-aw1', 'nikon-1-aw1', '2', 36),
	(599, 'nikon-1-v3-body-only', 'nikon-1-v3-body-only', '2', 37),
	(600, 'wireless-file-transmitter-wfte6a', 'wireless-file-transmitter-wfte6a', '2', 38),
	(601, 'connect-station-cs100', 'connect-station-cs100', '2', 39),
	(602, 'lvx300-portable-projector', 'lvx300-portable-projector', '2', 40),
	(603, 'lv8235-ust-short-throw-portable-projector', 'lv8235-ust-short-throw-portable-projector', '2', 41),
	(604, 'lvwx300st-short-throw-portable-projector', 'lvwx300st-short-throw-portable-projector', '2', 42),
	(605, 'd850-body-only', 'd850-body-only', '2', 43),
	(606, 'd7500-body-only', 'd7500-body-only', '2', 44),
	(608, 'pixma-ix6520', 'pixma-ix6520', '2', 46),
	(609, 'pixma-pro100', 'pixma-pro100', '2', 47),
	(610, 'nikon-1-sbn5-speedlight', 'nikon-1-sbn5-speedlight', '2', 48),
	(611, 'ld1000-led-movie-light', 'ld1000-led-movie-light', '2', 49),
	(612, 'camera-accessories', 'camera-accessories', '1', 547),
	(613, 'sbn10-underwater-speedlight', 'sbn10-underwater-speedlight', '2', 50),
	(614, 'nikon-1-sbn7-speedlight', 'nikon-1-sbn7-speedlight', '2', 51),
	(615, 'sb5000-af-speedlight', 'sb5000-af-speedlight', '2', 52),
	(616, 'sb500-af-speedlight', 'sb500-af-speedlight', '2', 53),
	(617, 'sb700-af-speedlight', 'sb700-af-speedlight', '2', 54),
	(618, 'sbr200-wireless-speedlight', 'sbr200-wireless-speedlight', '2', 55),
	(620, 'multifunction-copiers', 'multifunction-copiers', '1', 549),
	(621, 'fax-machines', 'fax-machines', '1', 550),
	(622, 'allinone-printers', 'allinone-printers', '1', 551),
	(623, 'laser-printers', 'laser-printers', '1', 552),
	(624, 'inkjet-printers', 'inkjet-printers', '1', 553),
	(625, 'portable-photo-printers', 'portable-photo-printers', '1', 554),
	(626, 'document-scanners', 'document-scanners', '1', 555),
	(627, 'flatbed-scanners', 'flatbed-scanners', '1', 556),
	(629, 'vixia-hf-g40', 'vixia-hf-g40', '2', 56),
	(631, 'sb300-af-speedlight', 'sb300-af-speedlight', '2', 58),
	(632, 'vixia-hf-g20', 'vixia-hf-g20', '2', 59),
	(633, 'vixia-mini-x', 'vixia-mini-x', '2', 60),
	(634, 'r1c1-wireless-closeup-speedlight-system', 'r1c1-wireless-closeup-speedlight-system', '2', 61),
	(635, 'su800-wireless-speedlight-commander', 'su800-wireless-speedlight-commander', '2', 62),
	(636, 'r1-wireless-closeup-speedlight-system', 'r1-wireless-closeup-speedlight-system', '2', 63),
	(638, 'jackets-coats', 'jackets-coats', '1', 559),
	(639, 'cardigans-sweaters', 'cardigans-sweaters', '1', 560),
	(640, 'blazers-suits', 'blazers-suits', '1', 561),
	(641, 'running', 'running', '1', 562),
	(642, 'training', 'training', '1', 563),
	(645, 'outdoor', 'outdoor', '1', 566),
	(646, 'training', 'training', '1', 567),
	(647, 'running', 'running', '1', 568),
	(648, 'compression', 'compression', '1', 569),
	(649, 'soccer', 'soccer', '1', 570),
	(650, 'basketball', 'basketball', '1', 571),
	(651, 'tennis', 'tennis', '1', 572),
	(652, 'outdoor', 'outdoor', '1', 573),
	(653, 'golf', 'golf', '1', 574),
	(654, 'cycling', 'cycling', '1', 575),
	(655, 'tennis', 'tennis', '1', 576),
	(656, 'golf', 'golf', '1', 577),
	(657, 'tennis', 'tennis', '1', 578),
	(658, 'golf', 'golf', '1', 579),
	(659, 'training', 'training', '1', 580),
	(660, 'running', 'running', '1', 581),
	(661, 'compression', 'compression', '1', 582),
	(662, 'yoga', 'yoga', '1', 583),
	(663, 'skisnowboard', 'skisnowboard', '1', 584),
	(664, 'golf', 'golf', '1', 585),
	(665, 'training', 'training', '1', 586),
	(666, 'running', 'running', '1', 587),
	(667, 'soccer', 'soccer', '1', 588),
	(668, 'compression', 'compression', '1', 589),
	(669, 'basketball', 'basketball', '1', 590),
	(670, 'tennis', 'tennis', '1', 591),
	(671, 'outdoor', 'outdoor', '1', 592),
	(672, 'yoga', 'yoga', '1', 593),
	(673, 'golf', 'golf', '1', 594),
	(674, 'cycling', 'cycling', '1', 595),
	(675, 'eos1d-x-mark-2', 'eos1d-x-mark-2', '2', 64),
	(676, 'eos-5ds-r', 'eos-5ds-r', '2', 65),
	(677, 'running', 'running', '1', 596),
	(678, 'training', 'training', '1', 597),
	(679, 'soccer', 'soccer', '1', 598),
	(680, 'basketball', 'basketball', '1', 599),
	(681, 'tennis', 'tennis', '1', 600),
	(682, 'outdoor', 'outdoor', '1', 601),
	(683, 'sport', 'sport', '1', 602),
	(684, 'training', 'training', '1', 603),
	(685, 'running', 'running', '1', 604),
	(686, 'outdoor', 'outdoor', '1', 605),
	(687, 'training', 'training', '1', 606),
	(688, 'running', 'running', '1', 607),
	(689, 'compression', 'compression', '1', 608),
	(690, 'soccer', 'soccer', '1', 609),
	(691, 'basketball', 'basketball', '1', 610),
	(692, 'tennis', 'tennis', '1', 611),
	(693, 'outdoor', 'outdoor', '1', 612),
	(694, 'golf', 'golf', '1', 613),
	(695, 'cycling', 'cycling', '1', 614),
	(696, 'training', 'training', '1', 615),
	(697, 'running', 'running', '1', 616),
	(698, 'compression', 'compression', '1', 617),
	(700, 'yoga', 'yoga', '1', 619),
	(701, 'golf', 'golf', '1', 620),
	(702, 'skisnowboard', 'skisnowboard', '1', 621),
	(703, 'training', 'training', '1', 622),
	(704, 'running', 'running', '1', 623),
	(705, 'compression', 'compression', '1', 624),
	(706, 'soccer', 'soccer', '1', 625),
	(707, 'basketball', 'basketball', '1', 626),
	(708, 'tennis', 'tennis', '1', 627),
	(709, 'outdoor', 'outdoor', '1', 628),
	(710, 'yoga', 'yoga', '1', 629),
	(711, 'golf', 'golf', '1', 630),
	(712, 'cycling', 'cycling', '1', 631),
	(713, 'training', 'training', '1', 632),
	(714, 'running', 'running', '1', 633),
	(715, 'soccer', 'soccer', '1', 634),
	(716, 'basketball', 'basketball', '1', 635),
	(717, 'tennis', 'tennis', '1', 636),
	(718, 'outdoor', 'outdoor', '1', 637),
	(719, 'weightlifting', 'weightlifting', '1', 638),
	(720, 'team-jerseys', 'team-jerseys', '1', 639),
	(721, 'eos-5d-mark-iv', 'eos-5d-mark-iv', '2', 66),
	(722, 'maxify-mb5420', 'maxify-mb5420', '2', 67),
	(723, 'maxify-mb5320', 'maxify-mb5320', '2', 68),
	(724, 'coolpix-w300', 'coolpix-w300', '2', 69),
	(725, 'maxify-mb5120', 'maxify-mb5120', '2', 70),
	(726, 'powershot-g1-x-mark-ii', 'powershot-g1-x-mark-ii', '2', 71),
	(727, 'powershot-g3-x', 'powershot-g3-x', '2', 72),
	(728, 'maxify-mb5020', 'maxify-mb5020', '2', 73),
	(729, 'coolpix-w100', 'coolpix-w100', '2', 74),
	(730, 'powershot-g5-x', 'powershot-g5-x', '2', 75),
	(732, 'coolpix-a300', 'coolpix-a300', '2', 77),
	(733, 'coolpix-p900', 'coolpix-p900', '2', 78),
	(734, 'd5600-body-only', 'd5600-body-only', '2', 79),
	(736, 'vixia-hf-r82', 'vixia-hf-r82', '2', 81),
	(739, 'pixma-mx492', 'pixma-mx492', '2', 84),
	(746, 'powershot-sx540-hs', 'powershot-sx540-hs', '2', 91),
	(750, 'coolpix-b500', 'coolpix-b500', '2', 95),
	(753, 'sportswear', 'sportswear', '1', 124),
	(754, 'sportswear', 'sportswear', '1', 125),
	(755, 'cameras', 'cameras', '1', 375),
	(756, 'reflex-dslr', 'reflex-dslr', '1', 376),
	(761, 'd810', 'd810', '2', 98),
	(766, 'eos-5d-mark-iii', 'eos-5d-mark-iii', '2', 103),
	(767, 'maxify-mb2720', 'maxify-mb2720', '2', 104),
	(768, 'maxify-mb2320', 'maxify-mb2320', '2', 105),
	(769, 'maxify-mb2120', 'maxify-mb2120', '2', 106),
	(770, 'powershot-g7-mark-ii', 'powershot-g7-mark-ii', '2', 107),
	(771, 'maxify-mb2020', 'maxify-mb2020', '2', 108),
	(772, 'training', 'training', '3', 11),
	(773, 'powershot-g9-x-mark-ii', 'powershot-g9-x-mark-ii', '2', 109),
	(774, 'powershot-g9-x', 'powershot-g9-x', '2', 110),
	(775, 'maxify-ib4120', 'maxify-ib4120', '2', 111),
	(776, 'minoh-tshirt', 'minoh-tshirt', '2', 112),
	(777, 'vixia-hf-r80', 'vixia-hf-r80', '2', 113),
	(778, 'pixma-mx472', 'pixma-mx472', '2', 114),
	(779, 'powershot-sx530-hs', 'powershot-sx530-hs', '2', 115),
	(780, 'coolpix-b700', 'coolpix-b700', '2', 116),
	(781, 'd750', 'd750', '2', 117),
	(782, 'powershot-sx60-hs', 'powershot-sx60-hs', '2', 118),
	(783, 'vixia-hf-r72', 'vixia-hf-r72', '2', 119),
	(785, 'office', 'office', '1', 640),
	(786, 'powershot-sx520-hs', 'powershot-sx520-hs', '2', 121),
	(787, 'coolpix-a900', 'coolpix-a900', '2', 122),
	(788, 'd5300', 'd5300', '2', 123),
	(789, 'vixia-gx10', 'vixia-gx10', '2', 124),
	(790, 'd5', 'd5', '2', 125),
	(791, 'd3300', 'd3300', '2', 126),
	(792, 'penguins-jersey-malkin-tee', 'penguins-jersey-malkin-tee', '2', 127),
	(793, 'capitals-jersey-ovechkin-tee', 'capitals-jersey-ovechkin-tee', '2', 128),
	(794, 'mod-trefoil-tee', 'mod-trefoil-tee', '2', 129),
	(795, 'graphic-tee', 'graphic-tee', '2', 130),
	(798, 'lide220', 'lide220', '2', 133),
	(799, 'd7100', 'd7100', '2', 134),
	(800, 'sb300-af', 'sb300-af', '2', 135),
	(801, 'd5-100th-anniversary-edition', 'd5-100th-anniversary-edition', '2', 136),
	(802, 'pixma-tr7520', 'pixma-tr7520', '2', 137),
	(803, 'xf305', 'xf305', '2', 138),
	(804, 'pixma-mx532', 'pixma-mx532', '2', 139),
	(805, 'pixma-mx922', 'pixma-mx922', '2', 140),
	(806, 'xf200', 'xf200', '2', 141),
	(807, 'pixma-mx722', 'pixma-mx722', '2', 142),
	(808, 'xf105', 'xf105', '2', 143),
	(809, 'jets-pro-locker-room-polo', 'jets-pro-locker-room-polo', '2', 144),
	(810, 'sonic-soccer-sweatshirt', 'sonic-soccer-sweatshirt', '2', 145),
	(812, 'xf100', 'xf100', '2', 147),
	(813, 'maxify-ib4020', 'maxify-ib4020', '2', 148),
	(814, 'powershot-sx730-hs', 'powershot-sx730-hs', '2', 149),
	(815, 'xa35', 'xa35', '2', 150),
	(816, 'xf400', 'xf400', '2', 151),
	(817, 'day-one-mesh-tank-top', 'day-one-mesh-tank-top', '2', 152),
	(818, 'df', 'df', '2', 153),
	(819, 'xa30', 'xa30', '2', 154),
	(820, 'xf405', 'xf405', '2', 155),
	(822, 'canadiens-jersey-tee-pacioretty', 'canadiens-jersey-tee-pacioretty', '2', 157),
	(823, 'sport-id-tee', 'sport-id-tee', '2', 158),
	(824, 'canadiens-pro-locker-room-polo', 'canadiens-pro-locker-room-polo', '2', 159),
	(825, 'blackhawks-jersey-teekane', 'blackhawks-jersey-teekane', '2', 160),
	(826, 'goalie-tee', 'goalie-tee', '2', 161),
	(827, 'senators-jersey-teekarlsson', 'senators-jersey-teekarlsson', '2', 162),
	(828, 'tee', 'tee', '2', 163),
	(829, 'canucks-jersey-teed-sedin', 'canucks-jersey-teed-sedin', '2', 164),
	(830, 'soccer', 'soccer', '1', 641),
	(832, 'basketball', 'basketball', '1', 643),
	(833, 'football', 'football', '1', 644),
	(834, 'baseball', 'baseball', '1', 645),
	(835, 'hockey', 'hockey', '1', 646),
	(836, 'volleyball', 'volleyball', '1', 647),
	(837, 'surf', 'surf', '1', 648),
	(838, 'sport-bras', 'sport-bras', '1', 649),
	(839, 'eyewear', 'eyewear', '1', 650),
	(843, 'optics', 'optics', '1', 654),
	(844, 'sunglasses', 'sunglasses', '1', 655),
	(846, 'sport-sunglasses', 'sport-sunglasses', '1', 657),
	(847, 'winter-sports', 'winter-sports', '1', 658),
	(848, 'optics', 'optics', '1', 659),
	(849, 'sunglasses', 'sunglasses', '1', 660),
	(850, 'sport-sunglasses', 'sport-sunglasses', '1', 661),
	(851, 'winter-sports-goggles', 'winter-sports-goggles', '1', 662),
	(860, 'helmets', 'helmets', '1', 671),
	(861, 'helmets', 'helmets', '1', 672),
	(862, 'blackhawks-jersey-teetoews', 'blackhawks-jersey-teetoews', '2', 165),
	(864, 'ultimate-long-tights', 'ultimate-long-tights', '2', 167),
	(865, 'essentials-linear-pants', 'essentials-linear-pants', '2', 168),
	(867, 'baseline-shoes', 'baseline-shoes', '2', 170),
	(868, 'd2m-heathered-tee', 'd2m-heathered-tee', '2', 171),
	(869, 'element-refresh-3-shoes', 'element-refresh-3-shoes', '2', 172),
	(870, 'tiro-15-drydye-jersey', 'tiro-15-drydye-jersey', '2', 173),
	(871, 'adilette-cloudfoam-plus-mono-slides', 'adilette-cloudfoam-plus-mono-slides', '2', 174),
	(872, 'arianna-cloudfoam-shoes', 'arianna-cloudfoam-shoes', '2', 175),
	(873, 'mana-bounce-2-shoes', 'mana-bounce-2-shoes', '2', 176),
	(875, 'speedbreaker-shorts', 'speedbreaker-shorts', '2', 178),
	(877, 'training-gear-up-knit-short', 'training-gear-up-knit-short', '2', 180),
	(878, 'techfit-graphic-print-capri', 'techfit-graphic-print-capri', '2', 181),
	(879, 'response-tee', 'response-tee', '2', 182),
	(880, 'cloudfoam-advantage-shoes', 'cloudfoam-advantage-shoes', '2', 183),
	(881, 'cloudfoam-lite-racer-shoes', 'cloudfoam-lite-racer-shoes', '2', 184),
	(882, 'training-gearup-tee', 'training-gearup-tee', '2', 185),
	(883, 'techfit-print-heather-tights', 'techfit-print-heather-tights', '2', 186),
	(884, 'pureboost-dpr-ltd-shoes', 'pureboost-dpr-ltd-shoes', '2', 187),
	(885, 'superstar-4g-slides', 'superstar-4g-slides', '2', 188),
	(886, 'x-tango-173-indoor-boots', 'x-tango-173-indoor-boots', '2', 189),
	(887, 'supernova-tko-long-tights', 'supernova-tko-long-tights', '2', 190),
	(888, 'ultraboost-uncaged-shoes', 'ultraboost-uncaged-shoes', '2', 191),
	(889, 'ace-163-primemesh-firm-ground-boots', 'ace-163-primemesh-firm-ground-boots', '2', 192),
	(890, 'techfit-climachill-bra', 'techfit-climachill-bra', '2', 193),
	(891, 'alphabounce-em-shoes', 'alphabounce-em-shoes', '2', 194),
	(892, 'techfit-base-fitted-tee', 'techfit-base-fitted-tee', '2', 195),
	(894, 'crazy-heat-shoes', 'crazy-heat-shoes', '2', 197),
	(895, 'prime-tank-top', 'prime-tank-top', '2', 198),
	(896, 'id-stadium-tee', 'id-stadium-tee', '2', 199),
	(897, 'sport-id-tee-junior', 'sport-id-tee-junior', '2', 200),
	(898, 'swat-short', 'swat-short', '2', 201),
	(899, 'cigarette-pants', 'cigarette-pants', '2', 202),
	(900, 'tiro-15-allweather-jacket', 'tiro-15-allweather-jacket', '2', 203),
	(901, 'tiro17-training-pants', 'tiro17-training-pants', '2', 204),
	(902, 'zne-pusle-hoodie', 'zne-pusle-hoodie', '2', 205),
	(904, 'freelift-never-done-tee', 'freelift-never-done-tee', '2', 207),
	(905, 'blouson-jacket', 'blouson-jacket', '2', 208),
	(906, 'eqt-pdx-classic-tee', 'eqt-pdx-classic-tee', '2', 209),
	(907, 'zne-striker-pants', 'zne-striker-pants', '2', 210),
	(908, 'curated-tee', 'curated-tee', '2', 211),
	(909, 'id-stadium-jacket', 'id-stadium-jacket', '2', 212),
	(910, 'sport-id-hoodie', 'sport-id-hoodie', '2', 213),
	(911, 'freelift-aeroknit-tee', 'freelift-aeroknit-tee', '2', 214),
	(912, 'supernova-tank-top', 'supernova-tank-top', '2', 215),
	(913, 'rumble-2-sackpack', 'rumble-2-sackpack', '2', 216),
	(914, 'speedbreaker-prime-shorts', 'speedbreaker-prime-shorts', '2', 217),
	(915, 'messi-163-indoor-shoes', 'messi-163-indoor-shoes', '2', 218),
	(916, 'supernova-tee', 'supernova-tee', '2', 219),
	(917, 'supernova-long-sleeve-tee', 'supernova-long-sleeve-tee', '2', 220),
	(918, '3stripes-pique-tee', '3stripes-pique-tee', '2', 221),
	(919, 'training-gradient-tee', 'training-gradient-tee', '2', 222),
	(920, 'wings-plus-horns-bonded-short', 'wings-plus-horns-bonded-short', '2', 223),
	(921, 'techfit-long-tights', 'techfit-long-tights', '2', 224),
	(922, 'day-one-running-shorts', 'day-one-running-shorts', '2', 225),
	(923, '3stripes-jacquard-jersey', '3stripes-jacquard-jersey', '2', 226),
	(924, 'minoh-shorts', 'minoh-shorts', '2', 227),
	(925, 'athletics-x-reigning-champ-tee', 'athletics-x-reigning-champ-tee', '2', 228),
	(926, '3stripes-leggings', '3stripes-leggings', '2', 229),
	(927, 'd2m-3stripes-shorts', 'd2m-3stripes-shorts', '2', 230),
	(928, 'originals-by-aw-skate-shoes', 'originals-by-aw-skate-shoes', '2', 231),
	(929, '3stripes-tights', '3stripes-tights', '2', 232),
	(930, 'harden-bte-shorts', 'harden-bte-shorts', '2', 233),
	(931, 'superstar-shoes', 'superstar-shoes', '2', 234),
	(932, '3g-speed-shorts', '3g-speed-shorts', '2', 235),
	(933, 'originals-by-aw-adilette-slide', 'originals-by-aw-adilette-slide', '2', 236),
	(934, 'archive-tee', 'archive-tee', '2', 237),
	(935, 'super-tobacco-splz-shoes', 'super-tobacco-splz-shoes', '2', 238),
	(936, 'd2m-34-tights', 'd2m-34-tights', '2', 239),
	(937, 'zne-field-shorts', 'zne-field-shorts', '2', 240),
	(938, 'swift-run-shoes', 'swift-run-shoes', '2', 241),
	(939, 'essentials-tee', 'essentials-tee', '2', 242),
	(940, 'aktiv-shorts', 'aktiv-shorts', '2', 243),
	(941, 'sandra-1977-tee', 'sandra-1977-tee', '2', 244),
	(942, 'stan-smith-shoes', 'stan-smith-shoes', '2', 245),
	(943, 'speedbreaker-hype-icon-shorts', 'speedbreaker-hype-icon-shorts', '2', 246),
	(944, 'd2m-long-tights', 'd2m-long-tights', '2', 247),
	(945, 'intack-spzl-shoes', 'intack-spzl-shoes', '2', 248),
	(946, 'clfn-shorts', 'clfn-shorts', '2', 249),
	(947, 'eqt-support-9317-shoes', 'eqt-support-9317-shoes', '2', 250),
	(948, 'jardim-agharta-leggings', 'jardim-agharta-leggings', '2', 251),
	(949, 'supernova-split-shorts', 'supernova-split-shorts', '2', 252),
	(950, 'eqt-cushion-adv-shoes', 'eqt-cushion-adv-shoes', '2', 253),
	(951, 'trefoil-raglan-long-sleeve-tee', 'trefoil-raglan-long-sleeve-tee', '2', 254),
	(952, 'linear-leggings', 'linear-leggings', '2', 255),
	(953, 'crazy-light-gfx-shorts', 'crazy-light-gfx-shorts', '2', 256),
	(954, 'adizero-sprintweb-34-tights', 'adizero-sprintweb-34-tights', '2', 257),
	(955, 'trefoil-logo-tee', 'trefoil-logo-tee', '2', 258),
	(956, 'womens-tank-top', 'womens-tank-top', '2', 259),
	(957, 'iniki-runner-shoes', 'iniki-runner-shoes', '2', 260),
	(958, 'speedbreaker-climacool-shorts', 'speedbreaker-climacool-shorts', '2', 261),
	(959, 'xplr-sneakerboot-shoes', 'xplr-sneakerboot-shoes', '2', 262),
	(960, 'sst-shorts', 'sst-shorts', '2', 263),
	(961, 'xbyo-long-sleeve-tee', 'xbyo-long-sleeve-tee', '2', 264),
	(962, 'stan-smith-mid-shoes', 'stan-smith-mid-shoes', '2', 265),
	(963, 'crazytrain-2in1-shorts', 'crazytrain-2in1-shorts', '2', 266),
	(964, 'campus-shoes', 'campus-shoes', '2', 267),
	(965, 'ultra-energy-shorts', 'ultra-energy-shorts', '2', 268),
	(966, 'ultimate-tricolor-hoodie-tee', 'ultimate-tricolor-hoodie-tee', '2', 269),
	(967, 'tubular-doom-sock-primeknit-shoes', 'tubular-doom-sock-primeknit-shoes', '2', 270),
	(968, 'reversible-shorts', 'reversible-shorts', '2', 271),
	(969, 'climaheat-seamless-tights', 'climaheat-seamless-tights', '2', 272),
	(970, 'speedbreaker-climacool-aeroknit-shorts', 'speedbreaker-climacool-aeroknit-shorts', '2', 273),
	(971, 'crazytrain-20-cloudfoam-shoes', 'crazytrain-20-cloudfoam-shoes', '2', 274),
	(972, 'womens-xbyo-tee', 'womens-xbyo-tee', '2', 275),
	(973, 'harden-bte-shorts', 'harden-bte-shorts', '2', 276),
	(974, 'essentials-graphic-pocket-tee', 'essentials-graphic-pocket-tee', '2', 277),
	(975, 'supernova-printed-shorts', 'supernova-printed-shorts', '2', 278),
	(976, 'climaheat-tight', 'climaheat-tight', '2', 279),
	(977, 'adilette-cloudfoam-plus-graphic-slides', 'adilette-cloudfoam-plus-graphic-slides', '2', 280),
	(978, 'osaka-70-shorts', 'osaka-70-shorts', '2', 281),
	(979, 'essentials-3stripes-tights', 'essentials-3stripes-tights', '2', 282),
	(980, 'cloudfoam-pure-shoes', 'cloudfoam-pure-shoes', '2', 283),
	(981, 'trefoil-tank-top', 'trefoil-tank-top', '2', 284),
	(982, 'response-shorts', 'response-shorts', '2', 285),
	(983, 'xbyo-long-tank-top', 'xbyo-long-tank-top', '2', 286),
	(984, 'athletics-x-reigning-champ-shorts', 'athletics-x-reigning-champ-shorts', '2', 287),
	(985, 'solyx-shoes', 'solyx-shoes', '2', 288),
	(986, 'mens-xbyo-tee', 'mens-xbyo-tee', '2', 289),
	(987, 'tastigo-15-shorts', 'tastigo-15-shorts', '2', 290),
	(988, 'aqualette-cloudfoam-slides', 'aqualette-cloudfoam-slides', '2', 291),
	(989, 'id-takeover-tights', 'id-takeover-tights', '2', 292),
	(991, 'xbyo-tank-top', 'xbyo-tank-top', '2', 294),
	(992, 'long-graphic-tights', 'long-graphic-tights', '2', 295),
	(993, 'cloudfoam-super-flex-shoes', 'cloudfoam-super-flex-shoes', '2', 296),
	(994, 'essentials-tee', 'essentials-tee', '2', 297),
	(995, 'trefoil-track-pants', 'trefoil-track-pants', '2', 298),
	(996, 'performance-34-heathered-tights', 'performance-34-heathered-tights', '2', 299),
	(997, 'originals-by-aw-jacquard-joggers', 'originals-by-aw-jacquard-joggers', '2', 300),
	(998, 'athletics-x-champ-tee', 'athletics-x-champ-tee', '2', 301),
	(999, 'xbyo-sweatpants', 'xbyo-sweatpants', '2', 302),
	(1000, 'performer-highrise-78-tights', 'performer-highrise-78-tights', '2', 303),
	(1001, 'originals-by-aw-inside-out-jogger', 'originals-by-aw-inside-out-jogger', '2', 304),
	(1002, 'athletics-x-reigning-champ-primeknit-pants', 'athletics-x-reigning-champ-primeknit-pants', '2', 305),
	(1003, 'freelift-prime-tee', 'freelift-prime-tee', '2', 306),
	(1004, 'response-34-tights', 'response-34-tights', '2', 307),
	(1005, 'boyfriend-trefoil-tee', 'boyfriend-trefoil-tee', '2', 308),
	(1006, 'sst-cuffed-track-pants', 'sst-cuffed-track-pants', '2', 309),
	(1007, 'response-long-tights', 'response-long-tights', '2', 310),
	(1008, 'clima-20-tee', 'clima-20-tee', '2', 311),
	(1009, 'Essentials Linear Loose Tee', 'Essentials Linear Loose Tee', '2', 312),
	(1010, 'response-short-tights', 'response-short-tights', '2', 313),
	(1011, 'run-seamless-tights', 'run-seamless-tights', '2', 314),
	(1012, 'cool-graphic-tank-top', 'cool-graphic-tank-top', '2', 315),
	(1013, 'sport-id-tights', 'sport-id-tights', '2', 316),
	(1014, 'prime-tee', 'prime-tee', '2', 317),
	(1015, 'climacool-stone-print-tank-top', 'climacool-stone-print-tank-top', '2', 318),
	(1016, 'performer-banded-tank-top', 'performer-banded-tank-top', '2', 319),
	(1019, 'b2s-tee', 'b2s-tee', '2', 322),
	(1020, 'supernova-78-printed-tights', 'supernova-78-printed-tights', '2', 323),
	(1021, 'harden-logo-tee', 'harden-logo-tee', '2', 324),
	(1022, 'id-athletics-mantra-tee', 'id-athletics-mantra-tee', '2', 325),
	(1023, 'xbyo-long-sleeve-tee', 'xbyo-long-sleeve-tee', '2', 326),
	(1024, 'supernova-tokyo-tee', 'supernova-tokyo-tee', '2', 327),
	(1025, 'street-graphic-tee', 'street-graphic-tee', '2', 328),
	(1027, 'trefoil-solid-tee', 'trefoil-solid-tee', '2', 330),
	(1028, 'beanies', 'beanies', '1', 673),
	(1029, 'id-loop-tee', 'id-loop-tee', '2', 331),
	(1030, 'beanies', 'beanies', '1', 674),
	(1031, 'beanies', 'beanies', '1', 675),
	(1032, 'beanies', 'beanies', '1', 676),
	(1033, 'adi-logo-tank-top', 'adi-logo-tank-top', '2', 332),
	(1034, 'supernova-climaheat-long-tights', 'supernova-climaheat-long-tights', '2', 333),
	(1035, 'fashion-crew-top', 'fashion-crew-top', '2', 334),
	(1036, 'essentials-french-terry-pants', 'essentials-french-terry-pants', '2', 335),
	(1037, 'techfit-badge-of-sport-capris', 'techfit-badge-of-sport-capris', '2', 336),
	(1039, 'essentials-linear-loose-tank-top', 'essentials-linear-loose-tank-top', '2', 338),
	(1040, 'supernova-short-sleeve-tee', 'supernova-short-sleeve-tee', '2', 339),
	(1041, 'athlete-id-rep-pants', 'athlete-id-rep-pants', '2', 340),
	(1042, 'techfit-base-long-tights', 'techfit-base-long-tights', '2', 341),
	(1043, 'id-winners-muscle-tee', 'id-winners-muscle-tee', '2', 342),
	(1044, 'icon-pants', 'icon-pants', '2', 343),
	(1045, 'mhak-tee', 'mhak-tee', '2', 344),
	(1046, 'super-sport-french-terry-pants', 'super-sport-french-terry-pants', '2', 345),
	(1048, 'big-trefoil-tee', 'big-trefoil-tee', '2', 347),
	(1049, 'beckenbauer-open-hem-track-pants', 'beckenbauer-open-hem-track-pants', '2', 348),
	(1050, 'sst-track-pants', 'sst-track-pants', '2', 349),
	(1051, 'techfit-snake-strike-fitted-tee', 'techfit-snake-strike-fitted-tee', '2', 350),
	(1052, 'fashion-cuffed-sweat-pants', 'fashion-cuffed-sweat-pants', '2', 351),
	(1053, '3stripes-polo-shirt', '3stripes-polo-shirt', '2', 352),
	(1054, 'essentials-fleece-track-pants', 'essentials-fleece-track-pants', '2', 353),
	(1056, 'tiro-17-training-pants', 'tiro-17-training-pants', '2', 355),
	(1057, '3stripes-highneck-tee', '3stripes-highneck-tee', '2', 356),
	(1058, 'lazy-man-pants', 'lazy-man-pants', '2', 357),
	(1059, 'light-logo-track-pants', 'light-logo-track-pants', '2', 358),
	(1060, 'trefoil-crop-hoodie', 'trefoil-crop-hoodie', '2', 359),
	(1061, 'velvet-vibes-sst-track-pants', 'velvet-vibes-sst-track-pants', '2', 360),
	(1062, 'trefoil-hoodie', 'trefoil-hoodie', '2', 361),
	(1064, 'originals-by-aw-jacquard-hoodie', 'originals-by-aw-jacquard-hoodie', '2', 363),
	(1065, 'regular-cuff-track-pants', 'regular-cuff-track-pants', '2', 364),
	(1067, 'essentials-linear-hoodie', 'essentials-linear-hoodie', '2', 366),
	(1068, 'essentials-linear-pullover-hoodie', 'essentials-linear-pullover-hoodie', '2', 367),
	(1069, 'loose-trefoil-tank-top', 'loose-trefoil-tank-top', '2', 368),
	(1070, 'essentials-3stripes-tapered-pants', 'essentials-3stripes-tapered-pants', '2', 369),
	(1071, 'techfit-coldweather-winter-camoprint-hoodie', 'techfit-coldweather-winter-camoprint-hoodie', '2', 370),
	(1073, 'id-offpitch-hoodie', 'id-offpitch-hoodie', '2', 372),
	(1074, 'firebird-track-pants', 'firebird-track-pants', '2', 373),
	(1075, 'zne-climaheat-hoodie', 'zne-climaheat-hoodie', '2', 374),
	(1076, '3stripes-drop-crotch-pants', '3stripes-drop-crotch-pants', '2', 375),
	(1077, 'fashion-hoodie', 'fashion-hoodie', '2', 376),
	(1078, 'response-climawarm-hoodie', 'response-climawarm-hoodie', '2', 377),
	(1079, 'techfit-capris', 'techfit-capris', '2', 378),
	(1080, 'stellasport-icon-hoodie', 'stellasport-icon-hoodie', '2', 379),
	(1081, 'techfit-coldweather-hoodie', 'techfit-coldweather-hoodie', '2', 380),
	(1082, 'warpknit-crop-top', 'warpknit-crop-top', '2', 381),
	(1083, 'techfit-climachill-bra', 'techfit-climachill-bra', '2', 382),
	(1084, 'adc-fashion-hoodie', 'adc-fashion-hoodie', '2', 383),
	(1085, 'techfit-bra', 'techfit-bra', '2', 384),
	(1086, 'essentials-linear-slim-tank-top', 'essentials-linear-slim-tank-top', '2', 385),
	(1087, 'primeknit-trucker-cap', 'primeknit-trucker-cap', '2', 386),
	(1088, 'techfit-padded-heather-print-bra', 'techfit-padded-heather-print-bra', '2', 387),
	(1089, 'essentials-pullover-hoodie', 'essentials-pullover-hoodie', '2', 388),
	(1090, '3stripes-racerback-bra', '3stripes-racerback-bra', '2', 389),
	(1091, 'climacool-aeroknit-deep-armhole-tank-top', 'climacool-aeroknit-deep-armhole-tank-top', '2', 390),
	(1092, 'boxy-logo-tank-top', 'boxy-logo-tank-top', '2', 391),
	(1093, 'canadiens-snapback-cap', 'canadiens-snapback-cap', '2', 392),
	(1094, 'cool-solid-tank-top', 'cool-solid-tank-top', '2', 393),
	(1095, 'sport-id-badge-of-sport-hoodie', 'sport-id-badge-of-sport-hoodie', '2', 394),
	(1096, 'velvet-vibes-cap', 'velvet-vibes-cap', '2', 395),
	(1097, 'essentials-base-fleece-hoodie', 'essentials-base-fleece-hoodie', '2', 396),
	(1098, 'performer-2010-tank-top', 'performer-2010-tank-top', '2', 397),
	(1099, 'cmmttd-marble-chill-bra', 'cmmttd-marble-chill-bra', '2', 398),
	(1100, 'canadiens-dad-adjustable-slouch-cap', 'canadiens-dad-adjustable-slouch-cap', '2', 399),
	(1101, 'essentials-graphic-tank-top', 'essentials-graphic-tank-top', '2', 400),
	(1102, 'maples-leafs-structured-flex-cap', 'maples-leafs-structured-flex-cap', '2', 401),
	(1103, 'techfit-printed-bra', 'techfit-printed-bra', '2', 402),
	(1104, 'adizero-tank-top', 'adizero-tank-top', '2', 403),
	(1105, 'adizero-scrimmage-cap', 'adizero-scrimmage-cap', '2', 404),
	(1106, 'response-soft-shell-jacket', 'response-soft-shell-jacket', '2', 405),
	(1107, 'seamless-turtleneck-tank-top', 'seamless-turtleneck-tank-top', '2', 406),
	(1108, 'city-run-primeknit-jacket', 'city-run-primeknit-jacket', '2', 407),
	(1109, 'essentials-linear-pullover-hoodie', 'essentials-linear-pullover-hoodie', '2', 408),
	(1110, 'essentials-track-jacket', 'essentials-track-jacket', '2', 409),
	(1111, 'athletics-x-reigning-champ-hoodie', 'athletics-x-reigning-champ-hoodie', '2', 410),
	(1112, 'team-issue-duffel-bag-small', 'team-issue-duffel-bag-small', '2', 411),
	(1113, 'athlete-id-fleece-jacket', 'athlete-id-fleece-jacket', '2', 412),
	(1114, 'id-ringside-tee', 'id-ringside-tee', '2', 413),
	(1115, 'toronto-fc-structured-adjustable-cap', 'toronto-fc-structured-adjustable-cap', '2', 414),
	(1118, 'team-bag', 'team-bag', '2', 417),
	(1119, 'aerobounce-racer-shoes', 'aerobounce-racer-shoes', '2', 418),
	(1120, 'climaproof-running-cap', 'climaproof-running-cap', '2', 419),
	(1121, 'mana-zero-shoes', 'mana-zero-shoes', '2', 420),
	(1122, 'essentials-3stripes-crew-sweatshirt', 'essentials-3stripes-crew-sweatshirt', '2', 421),
	(1123, 'climacool-team-bag-medium', 'climacool-team-bag-medium', '2', 422),
	(1124, 'adizero-tempo-9-shoes', 'adizero-tempo-9-shoes', '2', 423),
	(1125, 'trefoil-chain-snapback-cap', 'trefoil-chain-snapback-cap', '2', 424),
	(1126, 'prime-crew-sweatshirt', 'prime-crew-sweatshirt', '2', 425),
	(1127, 'vengeful-shoes', 'vengeful-shoes', '2', 426),
	(1128, 'workout-climaheat-short-sleeve-tee', 'workout-climaheat-short-sleeve-tee', '2', 427),
	(1129, 'adipower-weightlifting-shoes', 'adipower-weightlifting-shoes', '2', 428),
	(1130, 'sixpanel-classic-3stripes-cap', 'sixpanel-classic-3stripes-cap', '2', 429),
	(1131, 'sport-id-duffel-bag', 'sport-id-duffel-bag', '2', 430),
	(1132, 'zne-crewneck-tee', 'zne-crewneck-tee', '2', 431),
	(1133, 'crazytrain-elite-shoes', 'crazytrain-elite-shoes', '2', 432),
	(1134, 'id-champ-hoodie', 'id-champ-hoodie', '2', 433),
	(1135, 'run-adizero-cap', 'run-adizero-cap', '2', 434),
	(1136, 'essential-star-3-shoes', 'essential-star-3-shoes', '2', 435),
	(1137, 'squad-iii-duffel-bag', 'squad-iii-duffel-bag', '2', 436),
	(1138, 'mens-techfit-base-long-tights', 'mens-techfit-base-long-tights', '2', 437),
	(1139, 'maple-leafs-snapback-cap', 'maple-leafs-snapback-cap', '2', 438),
	(1140, 'crazy-explosive-2017-primeknit-shoes', 'crazy-explosive-2017-primeknit-shoes', '2', 439),
	(1141, 'studio-duffel-bag', 'studio-duffel-bag', '2', 440),
	(1142, 'harden-vol-1-shoes', 'harden-vol-1-shoes', '2', 441),
	(1143, 'techfit-34-tights', 'techfit-34-tights', '2', 442),
	(1144, 'classic-5panel-climalite-cap', 'classic-5panel-climalite-cap', '2', 443),
	(1145, 'dame-4-rip-city-shoes', 'dame-4-rip-city-shoes', '2', 444),
	(1146, 'techfit-climawarm-tights', 'techfit-climawarm-tights', '2', 445),
	(1147, 'jackets-structured-flex-draft-cap', 'jackets-structured-flex-draft-cap', '2', 446),
	(1148, 'harden-vol-1-uncaged-primeknit-shoes', 'harden-vol-1-uncaged-primeknit-shoes', '2', 447),
	(1149, 'techfit-climaheat-tights', 'techfit-climaheat-tights', '2', 448),
	(1150, 'ball-365-inspired-shoes', 'ball-365-inspired-shoes', '2', 449),
	(1151, 'bruins-snapback-cap', 'bruins-snapback-cap', '2', 450),
	(1152, 'airliner-sport-bag', 'airliner-sport-bag', '2', 451),
	(1153, 'supernova-storm-jacket', 'supernova-storm-jacket', '2', 452),
	(1154, 'response-hooded-wind-jacket', 'response-hooded-wind-jacket', '2', 453),
	(1155, 'd-rose-7-shoes', 'd-rose-7-shoes', '2', 454),
	(1156, 'pure-amplify-jacket', 'pure-amplify-jacket', '2', 455),
	(1157, 'oilers-structured-flex-draft-cap', 'oilers-structured-flex-draft-cap', '2', 456),
	(1158, 'cross-em-4-shoes', 'cross-em-4-shoes', '2', 457),
	(1159, 'techfit-tough-long-tights', 'techfit-tough-long-tights', '2', 458),
	(1160, 'crazy-team-2017-shoes', 'crazy-team-2017-shoes', '2', 459),
	(1161, 'response-wind-jacket', 'response-wind-jacket', '2', 460),
	(1162, 'adizero-scrimmage-cap', 'adizero-scrimmage-cap', '2', 461),
	(1163, 'dame-3-legacy-shoes', 'dame-3-legacy-shoes', '2', 462),
	(1164, 'run-jacket', 'run-jacket', '2', 463),
	(1165, 'techfit-coldweather-long-tights', 'techfit-coldweather-long-tights', '2', 464),
	(1166, 'alliance-2-sackpack-unisex', 'alliance-2-sackpack-unisex', '2', 465),
	(1167, 'nemeziz-tango-173-turf-boots', 'nemeziz-tango-173-turf-boots', '2', 466),
	(1168, 'bonded-cap', 'bonded-cap', '2', 467),
	(1169, 'techfit-chill-print-tights', 'techfit-chill-print-tights', '2', 468),
	(1170, 'ultra-energy-vest', 'ultra-energy-vest', '2', 469),
	(1171, 'alliance-ii-sackpack', 'alliance-ii-sackpack', '2', 470),
	(1172, 'ace-tango-173-indoor-boots', 'ace-tango-173-indoor-boots', '2', 471),
	(1173, 'techfit-chill-34-tights', 'techfit-chill-34-tights', '2', 472),
	(1174, 'techfit-base-short-tights-79-inch', 'techfit-base-short-tights-79-inch', '2', 473),
	(1176, 'response-wind-pants', 'response-wind-pants', '2', 475),
	(1177, 'flames-snapback-cap', 'flames-snapback-cap', '2', 476),
	(1178, 'x-17-purespeed-firm-ground-boots', 'x-17-purespeed-firm-ground-boots', '2', 477),
	(1179, 'essentials-stanford-20-pants', 'essentials-stanford-20-pants', '2', 478),
	(1180, 'performance-gym-bag', 'performance-gym-bag', '2', 479),
	(1181, 'copa-mundial-shoes', 'copa-mundial-shoes', '2', 480),
	(1182, 'sport-id-branded-tapered-pants', 'sport-id-branded-tapered-pants', '2', 481),
	(1183, 'dadi-cap', 'dadi-cap', '2', 482),
	(1184, 'gazelle-shoes', 'gazelle-shoes', '2', 483),
	(1185, 'top-training-team-bag', 'top-training-team-bag', '2', 484),
	(1186, 'essentials-tapered-pants', 'essentials-tapered-pants', '2', 485),
	(1187, 'tango-flat-cap', 'tango-flat-cap', '2', 486),
	(1188, 'extreme-workout-pants', 'extreme-workout-pants', '2', 487),
	(1189, 'best-team-bag', 'best-team-bag', '2', 488),
	(1190, 'ultraboost-x-all-terrain-shoes', 'ultraboost-x-all-terrain-shoes', '2', 489),
	(1192, 'essentials-3stripes-jogger-pants', 'essentials-3stripes-jogger-pants', '2', 491),
	(1193, 'womens-shipshape-bag', 'womens-shipshape-bag', '2', 492),
	(1194, 'edge-lux-20-shoes', 'edge-lux-20-shoes', '2', 493),
	(1196, 'stadium-pants', 'stadium-pants', '2', 495),
	(1197, 'duffel-team-bag', 'duffel-team-bag', '2', 496),
	(1198, 'cool-365-stretch-pants', 'cool-365-stretch-pants', '2', 497),
	(1199, 'drawstring-bag', 'drawstring-bag', '2', 498),
	(1200, 'pure-boost-x-shoes', 'pure-boost-x-shoes', '2', 499),
	(1202, 'gelkayano-23-shoes', 'gelkayano-23-shoes', '2', 501),
	(1203, 'zne-id-backpack', 'zne-id-backpack', '2', 502),
	(1204, 'backpack', 'backpack', '2', 503),
	(1205, 'burst-sackpack', 'burst-sackpack', '2', 504),
	(1206, 'athletics-backpack', 'athletics-backpack', '2', 505),
	(1207, 'adizero-boston-6-shoes', 'adizero-boston-6-shoes', '2', 506),
	(1208, '3stripes-power-backpack-medium', '3stripes-power-backpack-medium', '2', 507),
	(1209, 'ultraboost-shoes', 'ultraboost-shoes', '2', 508),
	(1210, 'powerlift3-shoes', 'powerlift3-shoes', '2', 509),
	(1211, 'mundial-goal-shoes', 'mundial-goal-shoes', '2', 510),
	(1212, 'gelfujitrabuco-6-gtx-shoes', 'gelfujitrabuco-6-gtx-shoes', '2', 511),
	(1214, 'gelsonoma-3-shoes', 'gelsonoma-3-shoes', '2', 513),
	(1215, 'fuzex-rush-cm-shoes', 'fuzex-rush-cm-shoes', '2', 514),
	(1216, 'gelchallenger-shoes', 'gelchallenger-shoes', '2', 515),
	(1217, 'gelgame-6-shoes', 'gelgame-6-shoes', '2', 516),
	(1218, 'gt2000-5-shoes', 'gt2000-5-shoes', '2', 517),
	(1219, 'gt1000-5-shoes', 'gt1000-5-shoes', '2', 518),
	(1220, 'football', 'football', '1', 677),
	(1221, 'soccer', 'soccer', '1', 678),
	(1222, 'baseball', 'baseball', '1', 679),
	(1223, 'soccer', 'soccer', '1', 680),
	(1224, 'football', 'football', '1', 681),
	(1225, 'softball', 'softball', '1', 682),
	(1226, 'micoach-smart-ball', 'micoach-smart-ball', '2', 519),
	(1228, 'essentials-pants', 'essentials-pants', '2', 521),
	(1229, 'nemeziz-glider-ball', 'nemeziz-glider-ball', '2', 522),
	(1230, 'climacool-backpack', 'climacool-backpack', '2', 523),
	(1231, 'lightning-pom-beanie', 'lightning-pom-beanie', '2', 524),
	(1232, 'bruins-pom-beanie', 'bruins-pom-beanie', '2', 525),
	(1233, 'finale-17-official-match-ball', 'finale-17-official-match-ball', '2', 526),
	(1234, 'senators-cuffed-beanie', 'senators-cuffed-beanie', '2', 527),
	(1235, 'maple-leafs-cuffed-beanie', 'maple-leafs-cuffed-beanie', '2', 528),
	(1236, 'stars-pom-beanie', 'stars-pom-beanie', '2', 529),
	(1237, 'nemeziz-ball', 'nemeziz-ball', '2', 530),
	(1238, 'oilers-pom-beanie', 'oilers-pom-beanie', '2', 531),
	(1240, 'gelquantum-360-shoes', 'gelquantum-360-shoes', '2', 533),
	(1241, 'maple-leafs-pom-beanie', 'maple-leafs-pom-beanie', '2', 534),
	(1242, 'tango-street-glider-ball', 'tango-street-glider-ball', '2', 535),
	(1243, 'hurricanes-pom-beanie', 'hurricanes-pom-beanie', '2', 536),
	(1244, 'senators-pom-beanie', 'senators-pom-beanie', '2', 537),
	(1245, 'gel-cumulus-18-gtx-shoes', 'gel-cumulus-18-gtx-shoes', '2', 538),
	(1246, 'confederations-competition-ball', 'confederations-competition-ball', '2', 539),
	(1248, 'devils-pom-beanie', 'devils-pom-beanie', '2', 541),
	(1249, 'predators-pom-beanie', 'predators-pom-beanie', '2', 542),
	(1250, 'ducks-pom-beanie', 'ducks-pom-beanie', '2', 543),
	(1251, 'gel-quantum-180-2-shoes', 'gel-quantum-180-2-shoes', '2', 544),
	(1252, 'confederations-mini-ball', 'confederations-mini-ball', '2', 545),
	(1254, 'penguins-pom-beanie', 'penguins-pom-beanie', '2', 547),
	(1255, 'wild-pom-beanie', 'wild-pom-beanie', '2', 548),
	(1256, 'tango-glider-ball', 'tango-glider-ball', '2', 549),
	(1257, 'canucks-pom-beanie', 'canucks-pom-beanie', '2', 550),
	(1258, 'gelfujiendurance-shoes', 'gelfujiendurance-shoes', '2', 551),
	(1259, 'juventus-ball', 'juventus-ball', '2', 552),
	(1260, 'islanders-pom-beanie', 'islanders-pom-beanie', '2', 553),
	(1261, 'gelcraze-tr-4-shoes', 'gelcraze-tr-4-shoes', '2', 554),
	(1262, 'finale-17-ac-milan-capitano-ball', 'finale-17-ac-milan-capitano-ball', '2', 555),
	(1264, 'gelcumulus-19-shoes', 'gelcumulus-19-shoes', '2', 557),
	(1265, 'panthers-pom-beanie', 'panthers-pom-beanie', '2', 558),
	(1266, 'tango-sala-ball', 'tango-sala-ball', '2', 559),
	(1267, 'red-wings-cuffed-beanie', 'red-wings-cuffed-beanie', '2', 560),
	(1269, 'blackhawks-pom-beanie', 'blackhawks-pom-beanie', '2', 562),
	(1270, 'gelfit-sana3-shoes', 'gelfit-sana3-shoes', '2', 563),
	(1271, 'gelkayano-24-shoes', 'gelkayano-24-shoes', '2', 564),
	(1272, 'kings-snapback-cap', 'kings-snapback-cap', '2', 565),
	(1274, 'confederations-sala65-ball', 'confederations-sala65-ball', '2', 567),
	(1275, 'jets-pom-beanie', 'jets-pom-beanie', '2', 568),
	(1276, 'metrolyte-shoes', 'metrolyte-shoes', '2', 569),
	(1277, 'jackets-structured-flex-draft-cap', 'jackets-structured-flex-draft-cap', '2', 570),
	(1279, 'ac-milan-ball', 'ac-milan-ball', '2', 572),
	(1280, 'avalanche-pom-beanie', 'avalanche-pom-beanie', '2', 573),
	(1281, 'sharks-structured-flex-draft-cap', 'sharks-structured-flex-draft-cap', '2', 574),
	(1282, 'finale-17-juventus-capitano-ball', 'finale-17-juventus-capitano-ball', '2', 575),
	(1283, 'bruins-cuffed-beanie', 'bruins-cuffed-beanie', '2', 576),
	(1284, 'asx-windboxer', 'asx-windboxer', '2', 577),
	(1285, 'running-light-thin-ankle-socks-2-pairs', 'running-light-thin-ankle-socks-2-pairs', '2', 578),
	(1286, 'kings-pom-beanie', 'kings-pom-beanie', '2', 579),
	(1287, 'mls-official-match-ball', 'mls-official-match-ball', '2', 580),
	(1288, 'gelblast-7-shoes', 'gelblast-7-shoes', '2', 581),
	(1289, 'gelnimbus-19-shoes', 'gelnimbus-19-shoes', '2', 582),
	(1290, 'flyers-pom-beanie', 'flyers-pom-beanie', '2', 583),
	(1291, 'running-light-noshow-socks-1-pair', 'running-light-noshow-socks-1-pair', '2', 584),
	(1292, 'manchester-united-fc-ball', 'manchester-united-fc-ball', '2', 585),
	(1293, 'superlite-ped-socks-3-pairs', 'superlite-ped-socks-3-pairs', '2', 586),
	(1294, 'gelfujitrabuco-5-gtx-shoes', 'gelfujitrabuco-5-gtx-shoes', '2', 587),
	(1296, 'solid-crew-socks-3-pairs', 'solid-crew-socks-3-pairs', '2', 589),
	(1297, 'fc-bayern-munich-ball', 'fc-bayern-munich-ball', '2', 590),
	(1298, 'adisock-12', 'adisock-12', '2', 591),
	(1299, 'real-madrid-ball', 'real-madrid-ball', '2', 592),
	(1300, 'superlite-mini-stripe-noshow-socks-6-pairs', 'superlite-mini-stripe-noshow-socks-6-pairs', '2', 593),
	(1301, 'jogger-pant', 'jogger-pant', '2', 594),
	(1302, 'energy-running-noshow-socks-1-pair', 'energy-running-noshow-socks-1-pair', '2', 595),
	(1303, 'fifa-confederations-cup-glider-ball', 'fifa-confederations-cup-glider-ball', '2', 596),
	(1304, 'stellasport-socks-1-pair', 'stellasport-socks-1-pair', '2', 597),
	(1305, 'real-madrid-finale-17-capitano-ball', 'real-madrid-finale-17-capitano-ball', '2', 598),
	(1306, 'studio-ped-socks-2-pairs', 'studio-ped-socks-2-pairs', '2', 599),
	(1307, 'pr-tight-ii-pants', 'pr-tight-ii-pants', '2', 600),
	(1308, 'gelrocket-7-shoes', 'gelrocket-7-shoes', '2', 601),
	(1309, 'climalite-high-intensity-knee-socks-1-pair', 'climalite-high-intensity-knee-socks-1-pair', '2', 602),
	(1310, 'vancouver-whitecaps-ball', 'vancouver-whitecaps-ball', '2', 603),
	(1311, 'pr-capri-ii-pants', 'pr-capri-ii-pants', '2', 604),
	(1312, 'climalite-graphic-knee-socks-1-pair', 'climalite-graphic-knee-socks-1-pair', '2', 605),
	(1314, 'montreal-impact-ball', 'montreal-impact-ball', '2', 607),
	(1315, 'harden-signature-basketball', 'harden-signature-basketball', '2', 608),
	(1316, 'd-rose-signature-basketball', 'd-rose-signature-basketball', '2', 609),
	(1317, 'gelcontend4-shoes', 'gelcontend4-shoes', '2', 610),
	(1318, 'knee-tight-pants', 'knee-tight-pants', '2', 611),
	(1319, 'lock-zip-bra', 'lock-zip-bra', '2', 612),
	(1322, 'adjust-bra', 'adjust-bra', '2', 615),
	(1323, 'versatility-seamless-bra', 'versatility-seamless-bra', '2', 616),
	(1324, 'team-core-bra-top', 'team-core-bra-top', '2', 617),
	(1325, 'asx-seamless-bra', 'asx-seamless-bra', '2', 618),
	(1326, 'fuzex-rush-shoe', 'fuzex-rush-shoe', '2', 619),
	(1327, 'gelfujiattack-5-shoes', 'gelfujiattack-5-shoes', '2', 620),
	(1328, 'balls', 'balls', '1', 683),
	(1329, 'balls', 'balls', '1', 684),
	(1330, 'balls', 'balls', '1', 685),
	(1331, 'equipment', 'equipment', '1', 686),
	(1332, 'equipment', 'equipment', '1', 687),
	(1333, 'equipment', 'equipment', '1', 688),
	(1334, 'precontend-4-ps-shoes', 'precontend-4-ps-shoes', '2', 621),
	(1335, 'gelsonoma-3-shoes', 'gelsonoma-3-shoes', '2', 622),
	(1336, 'gelgame-6-shoe', 'gelgame-6-shoe', '2', 623),
	(1337, 'every-sport-short', 'every-sport-short', '2', 624),
	(1338, 'asx-boxer-brief', 'asx-boxer-brief', '2', 625),
	(1339, 'geldedicate5-shoes', 'geldedicate5-shoes', '2', 626),
	(1340, 'short-sleeve-tee', 'short-sleeve-tee', '2', 627),
	(1341, 'split-short-3', 'split-short-3', '2', 628),
	(1342, 'gelquantum-180-2-shoes', 'gelquantum-180-2-shoes', '2', 629),
	(1343, 'cushion-low-cut-sock', 'cushion-low-cut-sock', '2', 630),
	(1344, 'quarter-jacket-youth-fit-prizm-sunglass', 'quarter-jacket-youth-fit-prizm-sunglass', '2', 631),
	(1345, 'crossbar-mark-ii-fz-hoodie', 'crossbar-mark-ii-fz-hoodie', '2', 632),
	(1346, '50-surf-arc-tee', '50-surf-arc-tee', '2', 633),
	(1347, 'icon-chino-pants', 'icon-chino-pants', '2', 634),
	(1348, 'omesh-bark-tee', 'omesh-bark-tee', '2', 635),
	(1349, 'icon-fleece-pants', 'icon-fleece-pants', '2', 636),
	(1350, 'odouble-stack-tee', 'odouble-stack-tee', '2', 637),
	(1351, 'new-original-tee', 'new-original-tee', '2', 638),
	(1352, 'take-golf-pants-25', 'take-golf-pants-25', '2', 639),
	(1353, '50s-pants-20', '50s-pants-20', '2', 640),
	(1354, 'top-stripe-golf-polo', 'top-stripe-golf-polo', '2', 641),
	(1355, 'icon-five-pocket-pants', 'icon-five-pocket-pants', '2', 642),
	(1356, 'ellipse-po-hoodie', 'ellipse-po-hoodie', '2', 643),
	(1357, 'quarter-jacket-youth-fit-sunglass', 'quarter-jacket-youth-fit-sunglass', '2', 644),
	(1358, 'sims-chino-pants', 'sims-chino-pants', '2', 645),
	(1359, 'high-crest-golf-polo', 'high-crest-golf-polo', '2', 646),
	(1360, '50s-pants', '50s-pants', '2', 647),
	(1361, 'fs-chino-pant', 'fs-chino-pant', '2', 648),
	(1362, 'offset-wave-polo', 'offset-wave-polo', '2', 649),
	(1363, 'oakley-mod5-snow-helmet', 'oakley-mod5-snow-helmet', '2', 650),
	(1365, 'velocity-pants', 'velocity-pants', '2', 652),
	(1366, 'sun-king-biozone-insulated-pants', 'sun-king-biozone-insulated-pants', '2', 653),
	(1368, 'base-tights', 'base-tights', '2', 655),
	(1369, 'line-miner-prizm-snow-goggle', 'line-miner-prizm-snow-goggle', '2', 656),
	(1370, 'surf-tee-rashguard', 'surf-tee-rashguard', '2', 657),
	(1371, 'gradient-chino-pants', 'gradient-chino-pants', '2', 658),
	(1372, 'chalten-hat', 'chalten-hat', '2', 659),
	(1373, 'truth-pants', 'truth-pants', '2', 660),
	(1374, 'surf-tee', 'surf-tee', '2', 661),
	(1375, 'icon-tight', 'icon-tight', '2', 662),
	(1376, 'oakley-mod3-snow-helmet', 'oakley-mod3-snow-helmet', '2', 663),
	(1377, 'golf-ellipse-hat', 'golf-ellipse-hat', '2', 664),
	(1378, 'brotherhood-skull-tee', 'brotherhood-skull-tee', '2', 665),
	(1379, 'turbine-team-usa-sunglass', 'turbine-team-usa-sunglass', '2', 666),
	(1380, 'piked-skull-tee', 'piked-skull-tee', '2', 667),
	(1381, 'supercoil-15-printed-20-sandals', 'supercoil-15-printed-20-sandals', '2', 668),
	(1382, 'oakley-fs-ss-tee', 'oakley-fs-ss-tee', '2', 669),
	(1383, 'holbrook-20l-backpack', 'holbrook-20l-backpack', '2', 670),
	(1384, 'holbrook-30l-duffel-bag', 'holbrook-30l-duffel-bag', '2', 671),
	(1385, 'holbrook-23l-cinch-pack', 'holbrook-23l-cinch-pack', '2', 672),
	(1386, 'fs-34-raglan-tee', 'fs-34-raglan-tee', '2', 673),
	(1387, 'flight-deck-xm-prizm-goggles', 'flight-deck-xm-prizm-goggles', '2', 674),
	(1388, 'holbrook-20l-lx-coated-backpack', 'holbrook-20l-lx-coated-backpack', '2', 675),
	(1389, 'fs-ls-tee', 'fs-ls-tee', '2', 676),
	(1390, 'o-mesh-ellipse-ls-tee', 'o-mesh-ellipse-ls-tee', '2', 677),
	(1391, '50-stealth-ii-tee', '50-stealth-ii-tee', '2', 678),
	(1392, '50-bold-ellipse-tee-slim-fit', '50-bold-ellipse-tee-slim-fit', '2', 679),
	(1393, '50-bark-ellips-tee', '50-bark-ellips-tee', '2', 680),
	(1394, '50-bark-repeat-tee', '50-bark-repeat-tee', '2', 681),
	(1395, 'ostealth-ii-tee', 'ostealth-ii-tee', '2', 682),
	(1396, 'omark-ii-long-sleeve-tee', 'omark-ii-long-sleeve-tee', '2', 683),
	(1397, 'osplit-hex-tee', 'osplit-hex-tee', '2', 684),
	(1398, 'ooakley-skull-tee', 'ooakley-skull-tee', '2', 685),
	(1399, '5050-classic-raglan-tee', '5050-classic-raglan-tee', '2', 686),
	(1400, '50death-dishonor-tee', '50death-dishonor-tee', '2', 687),
	(1401, 'eagle-bolt-tee', 'eagle-bolt-tee', '2', 688),
	(1402, 'skull-wings-tee', 'skull-wings-tee', '2', 689),
	(1403, 'ellipse-bolt-tee', 'ellipse-bolt-tee', '2', 690),
	(1404, 'oreaper-tee', 'oreaper-tee', '2', 691),
	(1405, 'otab-tee', 'otab-tee', '2', 692),
	(1406, '5050-glory-flag-tee', '5050-glory-flag-tee', '2', 693),
	(1407, 'obark-too-tee', 'obark-too-tee', '2', 694),
	(1408, 'live-tee', 'live-tee', '2', 695),
	(1409, 'skull-train-tee', 'skull-train-tee', '2', 696),
	(1410, '50-camo-hex-tee', '50-camo-hex-tee', '2', 697),
	(1411, 'retaliation-tr', 'retaliation-tr', '2', 698),
	(1412, '50-knock-out-star-tee', '50-knock-out-star-tee', '2', 699),
	(1413, 'holbrook-20l-lx-herringbone-backpack', 'holbrook-20l-lx-herringbone-backpack', '2', 700),
	(1414, '50-surf-bolt-fb-tee-slim-fit', '50-surf-bolt-fb-tee-slim-fit', '2', 701),
	(1415, 'o-frame-20-xl-snow-goggle', 'o-frame-20-xl-snow-goggle', '2', 702),
	(1416, 'flex-tr-control-shoe', 'flex-tr-control-shoe', '2', 703),
	(1417, '50-stack-camo-tee', '50-stack-camo-tee', '2', 704),
	(1418, 'canopy-sunglass', 'canopy-sunglass', '2', 705),
	(1419, '50oakley-slopes-tee', '50oakley-slopes-tee', '2', 706),
	(1420, 'enduro-25l-20-backpack', 'enduro-25l-20-backpack', '2', 707),
	(1421, '50mark-ii-raglan-tee', '50mark-ii-raglan-tee', '2', 708),
	(1422, 'free-rn-distance-2', 'free-rn-distance-2', '2', 709),
	(1423, '50kilauea-diamond-tee-slim-fit', '50kilauea-diamond-tee-slim-fit', '2', 710),
	(1424, 'link-duffel-bag', 'link-duffel-bag', '2', 711),
	(1425, 'flak-20-xl-prizm-sunglasses', 'flak-20-xl-prizm-sunglasses', '2', 712),
	(1426, '50oakley-mountain-pic-tee', '50oakley-mountain-pic-tee', '2', 713),
	(1427, '50topo-bar-tee', '50topo-bar-tee', '2', 714),
	(1428, 'radar-ev-path-prizm-golf-sunglasses', 'radar-ev-path-prizm-golf-sunglasses', '2', 715),
	(1429, 'fp-115l-roller-suitcase', 'fp-115l-roller-suitcase', '2', 716),
	(1430, '50-camo-pocket-tee', '50-camo-pocket-tee', '2', 717),
	(1431, 'ofast-or-last-tee', 'ofast-or-last-tee', '2', 718),
	(1432, 'radarlock-path-asia-fit-sunglasses', 'radarlock-path-asia-fit-sunglasses', '2', 719),
	(1433, 'bathroom-sink-lx-backpack', 'bathroom-sink-lx-backpack', '2', 720),
	(1434, 'tincan-hat', 'tincan-hat', '2', 721),
	(1435, 'oepc-tee', 'oepc-tee', '2', 722),
	(1436, 'otrng-topo-burn-tee', 'otrng-topo-burn-tee', '2', 723),
	(1437, 'radarlock-path-prizm-road-tour-de-france-edition', 'radarlock-path-prizm-road-tour-de-france-edition', '2', 724),
	(1438, 'enduro-30l-20-backpack', 'enduro-30l-20-backpack', '2', 725),
	(1439, 'otng-symbols-tee', 'otng-symbols-tee', '2', 726),
	(1440, 'ooakley-circle-tee', 'ooakley-circle-tee', '2', 727),
	(1441, 'crankshaft-sunglasses', 'crankshaft-sunglasses', '2', 728),
	(1442, 'voyage-20-backpack', 'voyage-20-backpack', '2', 729),
	(1443, 'ourbanlight-burn-tee', 'ourbanlight-burn-tee', '2', 730),
	(1444, 'heather-new-era-snapback-hat', 'heather-new-era-snapback-hat', '2', 731),
	(1445, 'othalia-ellipse-tee', 'othalia-ellipse-tee', '2', 732),
	(1446, 'twoface-sunglasses', 'twoface-sunglasses', '2', 733),
	(1447, 'gearbox-lx-backpack', 'gearbox-lx-backpack', '2', 734),
	(1448, 'trimountain-tee', 'trimountain-tee', '2', 735),
	(1449, 'windows-laptops', 'windows-laptops', '1', 689),
	(1450, 'macbooks', 'macbooks', '1', 690),
	(1451, 'ultrabooks', 'ultrabooks', '1', 691),
	(1452, 'chromebooks', 'chromebooks', '1', 692),
	(1453, 'gaming-laptops', 'gaming-laptops', '1', 693),
	(1454, 'convertible-2in1', 'convertible-2in1', '1', 694),
	(1455, 'memory', 'memory', '1', 695),
	(1456, 'networking', 'networking', '1', 696),
	(1457, 'memory-cards', 'memory-cards', '1', 697),
	(1458, 'memory-card-adapters', 'memory-card-adapters', '1', 698),
	(1459, 'usb-flashdrives', 'usb-flashdrives', '1', 699),
	(1460, 'freshie-20-boardshorts', 'freshie-20-boardshorts', '2', 736),
	(1461, 'Packable-Backpack', 'Packable-Backpack', '2', 737),
	(1462, 'headliner-21-boardshorts', 'headliner-21-boardshorts', '2', 738),
	(1463, 'butter-biscuit-21-boardshorts', 'butter-biscuit-21-boardshorts', '2', 739),
	(1464, 'FS-Color-Block-Backpack', 'FS-Color-Block-Backpack', '2', 740),
	(1465, 'holbrook-mix-sunglasses', 'holbrook-mix-sunglasses', '2', 741),
	(1466, 'lighthouse-20-boardshorts', 'lighthouse-20-boardshorts', '2', 742),
	(1467, 'motion-Tech-2.0-Backpack', 'motion-Tech-2.0-Backpack', '2', 743),
	(1468, 'vertical-messenger-20-bag', 'vertical-messenger-20-bag', '2', 744),
	(1469, 'road-block-20-shorts', 'road-block-20-shorts', '2', 745),
	(1470, 'kana-21-shorts', 'kana-21-shorts', '2', 746),
	(1471, 'k38-hydrofree-trucker-20-cap', 'k38-hydrofree-trucker-20-cap', '2', 747),
	(1472, 'gearbox-lx-plus-backpack', 'gearbox-lx-plus-backpack', '2', 748),
	(1473, 'crossrange-prizm-sunglass', 'crossrange-prizm-sunglass', '2', 749),
	(1474, 'Kitchen-Sink-LX-Backpack', 'Kitchen-Sink-LX-Backpack', '2', 750),
	(1475, 'landing-boardshorts-21', 'landing-boardshorts-21', '2', 751),
	(1476, 'FP-Dopp-Kit-Bag', 'FP-Dopp-Kit-Bag', '2', 752),
	(1477, 'mantra-training-fullzip-hoodie', 'mantra-training-fullzip-hoodie', '2', 753),
	(1479, 'perf-hat', 'perf-hat', '2', 755),
	(1480, 'rattler-down-jacket-20', 'rattler-down-jacket-20', '2', 756),
	(1481, 'flight-deck-xm-jamie-anderson-prizm-snow-goggle', 'flight-deck-xm-jamie-anderson-prizm-snow-goggle', '2', 757),
	(1482, 'dawn-patrol-training-hoodie', 'dawn-patrol-training-hoodie', '2', 758),
	(1483, 'bronc-hoodie', 'bronc-hoodie', '2', 759),
	(1484, 'airbrake-xl-prizm-prizm-halo-2018-snow-goggle', 'airbrake-xl-prizm-prizm-halo-2018-snow-goggle', '2', 760),
	(1485, 'rattler-down-vest-20', 'rattler-down-vest-20', '2', 761),
	(1488, 'ojustable-metal-hat', 'ojustable-metal-hat', '2', 764),
	(1489, 'range-pullover', 'range-pullover', '2', 765),
	(1490, 'sliver-sunglasses', 'sliver-sunglasses', '2', 766),
	(1491, 'enduro-hat', 'enduro-hat', '2', 767),
	(1492, 'essential-tights', 'essential-tights', '2', 768),
	(1493, 'fs-block-beanie', 'fs-block-beanie', '2', 769),
	(1494, 'fs-allover-beanie', 'fs-allover-beanie', '2', 770),
	(1495, 'sportswear-essential-tights', 'sportswear-essential-tights', '2', 771),
	(1496, 'power-essential-tights-womens', 'power-essential-tights-womens', '2', 772),
	(1497, 'power-essential-tights', 'power-essential-tights', '2', 773),
	(1498, 'flak-20-xl-prizm-trail-sunglasses', 'flak-20-xl-prizm-trail-sunglasses', '2', 774),
	(1499, 'sportswear-tech-fleece-pants', 'sportswear-tech-fleece-pants', '2', 775),
	(1500, 'fs-nylon-hat', 'fs-nylon-hat', '2', 776),
	(1501, 'therma-hoodie', 'therma-hoodie', '2', 777),
	(1502, 'sportswear-vintage', 'sportswear-vintage', '2', 778),
	(1503, 'fives-squared-sunglasses', 'fives-squared-sunglasses', '2', 779),
	(1504, 'hurley-therma-protect-plus-zip-hoodie', 'hurley-therma-protect-plus-zip-hoodie', '2', 780),
	(1505, 'mesh-sublimated-trucker-hat', 'mesh-sublimated-trucker-hat', '2', 781),
	(1506, 'hurley-therma-protect-sweatshirt', 'hurley-therma-protect-sweatshirt', '2', 782),
	(1507, 'therma-sphere-pant', 'therma-sphere-pant', '2', 783),
	(1508, 'lower-tech-110-hat', 'lower-tech-110-hat', '2', 784),
	(1509, 'thermasphere-max-pants', 'thermasphere-max-pants', '2', 785),
	(1510, 'fuel-cell-sunglasses', 'fuel-cell-sunglasses', '2', 786),
	(1511, 'smart-cap', 'smart-cap', '2', 787),
	(1512, 'pro-hypercool-capris', 'pro-hypercool-capris', '2', 788),
	(1513, 'racer-capris', 'racer-capris', '2', 789),
	(1514, 'dry-training-hoodie', 'dry-training-hoodie', '2', 790),
	(1515, 'jupiter-squared-sunglasses', 'jupiter-squared-sunglasses', '2', 791),
	(1516, 'sportswear-modern-pants', 'sportswear-modern-pants', '2', 792),
	(1517, 'mark-ii-novelty-hat', 'mark-ii-novelty-hat', '2', 793),
	(1518, 'toronto-raptors-modern-pants', 'toronto-raptors-modern-pants', '2', 794),
	(1519, 'full-flex-2in1-20-short', 'full-flex-2in1-20-short', '2', 795),
	(1520, 'sportswear-advance-15-pants', 'sportswear-advance-15-pants', '2', 796),
	(1521, 'flat-front-golf-shorts', 'flat-front-golf-shorts', '2', 797),
	(1522, 'tinfoil-hat', 'tinfoil-hat', '2', 798),
	(1523, 'pro-hypercool-frequency-short', 'pro-hypercool-frequency-short', '2', 799),
	(1524, 'shield-phenom-running-pants', 'shield-phenom-running-pants', '2', 800),
	(1525, 'air-max-1-ultra-20-moire-shoes', 'air-max-1-ultra-20-moire-shoes', '2', 801),
	(1526, 'pro-hyperwarm-tights', 'pro-hyperwarm-tights', '2', 802),
	(1527, 'air-jordan-2-retro-decon-shoes', 'air-jordan-2-retro-decon-shoes', '2', 803),
	(1528, 'backbone-beanie', 'backbone-beanie', '2', 804),
	(1529, 'cortez-basic-jewel-qs-shoes', 'cortez-basic-jewel-qs-shoes', '2', 805),
	(1530, 'sportswear-legasee-leggings', 'sportswear-legasee-leggings', '2', 806),
	(1531, 'pro-training-short', 'pro-training-short', '2', 807),
	(1532, 'air-footscape-woven-chukka-shoes', 'air-footscape-woven-chukka-shoes', '2', 808),
	(1533, 'power-legend-tights', 'power-legend-tights', '2', 809),
	(1534, 'power-legend-tights', 'power-legend-tights', '2', 810),
	(1537, 'sock-dart-qs-shoe', 'sock-dart-qs-shoe', '2', 813),
	(1538, 'dry-tempo-short', 'dry-tempo-short', '2', 814),
	(1539, 'air-vortex-shoes', 'air-vortex-shoes', '2', 815),
	(1540, 'hurley-phantom-free-slide', 'hurley-phantom-free-slide', '2', 816),
	(1541, 'rival-short', 'rival-short', '2', 817),
	(1542, 'riviera-pom-beanie', 'riviera-pom-beanie', '2', 818),
	(1543, 'interval-tech-fullzip-hoodie', 'interval-tech-fullzip-hoodie', '2', 819),
	(1544, 'fs-crew-fleece-sweater', 'fs-crew-fleece-sweater', '2', 820),
	(1545, 'breathe-tank-top', 'breathe-tank-top', '2', 821),
	(1546, 'fs-half-zip-fleece-hoodie', 'fs-half-zip-fleece-hoodie', '2', 822),
	(1547, 'oakley-fs-insulated-anorak-jacket', 'oakley-fs-insulated-anorak-jacket', '2', 823),
	(1548, 'fs-full-zip-fleece-hoodie', 'fs-full-zip-fleece-hoodie', '2', 824),
	(1550, 'icon-full-zip-fleece-hoodie', 'icon-full-zip-fleece-hoodie', '2', 826),
	(1551, 'oakley-fs-coachs-jacket', 'oakley-fs-coachs-jacket', '2', 827),
	(1552, 'evzero-path-prizm-golf-sunglass', 'evzero-path-prizm-golf-sunglass', '2', 828),
	(1553, 'mark-ii-po-hoodie', 'mark-ii-po-hoodie', '2', 829),
	(1554, 'tech-flash-tight', 'tech-flash-tight', '2', 830),
	(1555, 'dwr-ellipse-fz-hoodie', 'dwr-ellipse-fz-hoodie', '2', 831),
	(1556, 'fs-nylon-coachs-jacket', 'fs-nylon-coachs-jacket', '2', 832),
	(1557, 'prime-14-zip-sweater', 'prime-14-zip-sweater', '2', 833),
	(1558, 'laptop-accessories', 'laptop-accessories', '1', 700),
	(1559, 'tablet-accessories', 'tablet-accessories', '1', 701),
	(1560, 'mice', 'mice', '1', 702),
	(1561, 'tech-fleece-sweater', 'tech-fleece-sweater', '2', 834),
	(1562, 'keyboards', 'keyboards', '1', 703),
	(1563, 'fs-anorak-jacket', 'fs-anorak-jacket', '2', 835),
	(1564, 'wired', 'wired', '1', 704),
	(1566, 'gaming', 'gaming', '1', 706),
	(1567, 'dwr-fp-crew-sweater', 'dwr-fp-crew-sweater', '2', 836),
	(1568, 'wired', 'wired', '1', 707),
	(1569, 'wireless', 'wireless', '1', 708),
	(1570, 'gaming', 'gaming', '1', 709),
	(1571, 'computer-headphones', 'computer-headphones', '1', 710),
	(1572, 'routers', 'routers', '1', 711),
	(1573, 'modems', 'modems', '1', 712),
	(1574, 'jawbreaker-prizm-road-sunglasses', 'jawbreaker-prizm-road-sunglasses', '2', 837),
	(1575, 'icon-windbreaker-jacket', 'icon-windbreaker-jacket', '2', 838),
	(1577, 'elite-versatility-mid-sock', 'elite-versatility-mid-sock', '2', 840),
	(1578, 'power-banks', 'power-banks', '1', 713),
	(1579, 'chargers-and-adapters', 'chargers-and-adapters', '1', 714),
	(1580, 'cases-protection', 'cases-protection', '1', 715),
	(1581, 'chargers-and-adapters', 'chargers-and-adapters', '1', 716),
	(1582, 'laptop', 'laptop', '1', 717),
	(1583, 'tablet', 'tablet', '1', 718),
	(1584, 'video-games', 'video-games', '1', 719),
	(1585, 'marshall-biozone-insulated-jacket', 'marshall-biozone-insulated-jacket', '2', 841),
	(1587, 'm2-frame-xl-sunglasses', 'm2-frame-xl-sunglasses', '2', 843),
	(1588, 'controllers', 'controllers', '1', 720),
	(1589, 'specialty-controllers-joysticks-wheels', 'specialty-controllers-joysticks-wheels', '1', 721),
	(1590, 'cotton-cushion-crew-sock', 'cotton-cushion-crew-sock', '2', 844),
	(1591, 'keyboards-and-mices', 'keyboards-and-mices', '1', 722),
	(1592, 'flak-20-xl-prizm', 'flak-20-xl-prizm', '2', 845),
	(1593, 'keyboard-and-mice-combo', 'keyboard-and-mice-combo', '1', 723),
	(1594, 'controllers', 'controllers', '1', 724),
	(1596, 'fall-line-factory-pilot-blackout-prizm-snow-goggle', 'fall-line-factory-pilot-blackout-prizm-snow-goggle', '2', 847),
	(1598, 'icon-bomber-jacket', 'icon-bomber-jacket', '2', 849),
	(1599, 'sportswear-retro-sock', 'sportswear-retro-sock', '2', 850),
	(1601, 'all-line-prizm-army-camo-collection-snow-goggle', 'all-line-prizm-army-camo-collection-snow-goggle', '2', 852),
	(1602, 'sportswear-footie-sock', 'sportswear-footie-sock', '2', 853),
	(1603, 'jackpot-biozone-shell-jacket', 'jackpot-biozone-shell-jacket', '2', 854),
	(1604, 'Trapline BioZone™ Insulated Jacket', 'Trapline BioZone™ Insulated Jacket', '2', 855),
	(1605, 'wind-jacket-20-prizm-snow-goggle', 'wind-jacket-20-prizm-snow-goggle', '2', 856),
	(1606, 'elite-lightweight-noshow-tab-sock', 'elite-lightweight-noshow-tab-sock', '2', 857),
	(1607, 'Vertigo BioZone™ Shell Jacket', 'Vertigo BioZone™ Shell Jacket', '2', 858),
	(1608, 'velocity-storm-shell-jacket', 'velocity-storm-shell-jacket', '2', 859),
	(1609, 'prizm-inferno-line-miner-snow-goggle', 'prizm-inferno-line-miner-snow-goggle', '2', 860),
	(1610, 'power-legend-tights', 'power-legend-tights', '2', 861),
	(1611, 'flight-deck-xm-jamie-anderson-prizm-snow-goggle', 'flight-deck-xm-jamie-anderson-prizm-snow-goggle', '2', 862),
	(1612, 'sportswear-rally-trousers', 'sportswear-rally-trousers', '2', 863),
	(1613, 'moonshine-biozone-insulated-jacket', 'moonshine-biozone-insulated-jacket', '2', 864),
	(1614, 'fly-20-10-short', 'fly-20-10-short', '2', 865),
	(1615, 'sportswear-rally-funnel-neck-hoodie', 'sportswear-rally-funnel-neck-hoodie', '2', 866),
	(1616, 'charlie-biozone-insulated-jacket-20', 'charlie-biozone-insulated-jacket-20', '2', 867),
	(1617, 'showcase-biozone-insulated-jacket-20', 'showcase-biozone-insulated-jacket-20', '2', 868),
	(1618, 'sportswear-tech-fleece-short', 'sportswear-tech-fleece-short', '2', 869),
	(1619, 'power-legendary-tights', 'power-legendary-tights', '2', 870),
	(1620, 'element-top', 'element-top', '2', 871),
	(1621, 'fc-foil-tee', 'fc-foil-tee', '2', 872),
	(1623, 'zoom-assersion-shoe', 'zoom-assersion-shoe', '2', 874),
	(1624, 'epic-lux-tight', 'epic-lux-tight', '2', 875),
	(1625, 'epic-lux-20-tights', 'epic-lux-20-tights', '2', 876),
	(1626, 'legend-20-poly-tights', 'legend-20-poly-tights', '2', 877),
	(1627, 'thermasphere-element-top', 'thermasphere-element-top', '2', 878),
	(1628, 'sportswear-essential-tee', 'sportswear-essential-tee', '2', 879),
	(1629, 'thermasphere-max-hoodie', 'thermasphere-max-hoodie', '2', 880),
	(1630, 'basketball-17-short', 'basketball-17-short', '2', 881),
	(1631, 'shield-tights', 'shield-tights', '2', 882),
	(1632, 'phenom-pants', 'phenom-pants', '2', 883),
	(1633, 'cityscape-london-tee', 'cityscape-london-tee', '2', 884),
	(1634, 'phenom-pants', 'phenom-pants', '2', 885),
	(1635, 'tech-flash-tights', 'tech-flash-tights', '2', 886),
	(1636, 'sportswear-air-tee', 'sportswear-air-tee', '2', 887),
	(1637, 'dry-tee', 'dry-tee', '2', 888),
	(1638, 'dry-elite-short', 'dry-elite-short', '2', 889),
	(1639, 'elite-cushioned-noshow-sock', 'elite-cushioned-noshow-sock', '2', 890),
	(1640, 'dry-kd-tee', 'dry-kd-tee', '2', 891),
	(1641, 'sportswear-just-do-it-tee', 'sportswear-just-do-it-tee', '2', 892),
	(1642, 'dry-elite-15-mid-sock', 'dry-elite-15-mid-sock', '2', 893),
	(1643, 'dry-miler-tee', 'dry-miler-tee', '2', 894),
	(1644, 'nikecourt-featherlight-caps', 'nikecourt-featherlight-caps', '2', 895),
	(1645, 'auralux-solid-club-bag', 'auralux-solid-club-bag', '2', 896),
	(1646, 'cool-miler-tee', 'cool-miler-tee', '2', 897),
	(1647, 'sb-solarsoft-portmore-ii-shoe', 'sb-solarsoft-portmore-ii-shoe', '2', 898),
	(1648, 'nikecourt-aerobill-featherlight-caps', 'nikecourt-aerobill-featherlight-caps', '2', 899),
	(1649, 'indy-bra', 'indy-bra', '2', 900),
	(1650, 'dry-run-club-tee', 'dry-run-club-tee', '2', 901),
	(1651, 'indy-cool-bra', 'indy-cool-bra', '2', 902),
	(1652, 'heritage-86-swoosh-caps', 'heritage-86-swoosh-caps', '2', 903),
	(1653, 'pro-hypercool-tank-top', 'pro-hypercool-tank-top', '2', 904),
	(1654, 'pro-training-tank-top', 'pro-training-tank-top', '2', 905),
	(1656, 'mobility-speed-stripe-polo', 'mobility-speed-stripe-polo', '2', 907),
	(1661, 'classic-padded-bra', 'classic-padded-bra', '2', 912),
	(1662, 'aerobill-elite-caps', 'aerobill-elite-caps', '2', 913),
	(1663, 'indy-block-logo-bra', 'indy-block-logo-bra', '2', 914),
	(1664, 'nikecourt-aerobill-roger-federer-caps', 'nikecourt-aerobill-roger-federer-caps', '2', 915),
	(1665, 'dry-cushion-graphic-low-sock', 'dry-cushion-graphic-low-sock', '2', 916),
	(1666, 'court-dry-slam-tank-top', 'court-dry-slam-tank-top', '2', 917),
	(1667, 'nike-flex-phenom-short', 'nike-flex-phenom-short', '2', 918),
	(1668, 'raglan-polo', 'raglan-polo', '2', 919),
	(1669, 'breathe-elastika-tank-top', 'breathe-elastika-tank-top', '2', 920),
	(1670, 'solarsoft-ii-flip-flop', 'solarsoft-ii-flip-flop', '2', 921),
	(1671, 'precision-print-polo', 'precision-print-polo', '2', 922),
	(1672, 'jordan-23-alpha-hypercool-tights', 'jordan-23-alpha-hypercool-tights', '2', 923),
	(1673, 'aeroreac-polo', 'aeroreac-polo', '2', 924),
	(1674, 'nike-challenger-short', 'nike-challenger-short', '2', 925),
	(1675, 'pro-hypercool-tights', 'pro-hypercool-tights', '2', 926),
	(1676, 'kawa-slide', 'kawa-slide', '2', 927),
	(1677, 'pro-tee', 'pro-tee', '2', 928),
	(1678, 'pro-tights', 'pro-tights', '2', 929),
	(1679, 'futura-true-2-snapback-cap', 'futura-true-2-snapback-cap', '2', 930),
	(1680, 'nike-classic-99-caps', 'nike-classic-99-caps', '2', 931),
	(1681, 'breathe-color-block-polo', 'breathe-color-block-polo', '2', 932),
	(1682, 'solay-flipflop', 'solay-flipflop', '2', 933),
	(1683, 'lunar-exceed-tr-shoes', 'lunar-exceed-tr-shoes', '2', 934),
	(1684, 'precision-polo', 'precision-polo', '2', 935),
	(1685, 'free-rn-distance-2-shoe', 'free-rn-distance-2-shoe', '2', 936),
	(1686, 'jordan-classic-99-caps', 'jordan-classic-99-caps', '2', 937),
	(1687, 'train-prime-iron-dual-fusion-shoe', 'train-prime-iron-dual-fusion-shoe', '2', 938),
	(1688, 'tanjun-shoe', 'tanjun-shoe', '2', 939),
	(1689, 'zonal-cooling-polo', 'zonal-cooling-polo', '2', 940),
	(1691, 'hurley-staple-drifit-vest', 'hurley-staple-drifit-vest', '2', 942),
	(1692, 'classic-99-caps', 'classic-99-caps', '2', 943),
	(1693, 'sportswear-tee', 'sportswear-tee', '2', 944),
	(1694, 'zoom-domination-shoe', 'zoom-domination-shoe', '2', 945),
	(1696, 'nike-sportswear-gym-classic-short', 'nike-sportswear-gym-classic-short', '2', 947),
	(1697, 'breeze-cool-tee', 'breeze-cool-tee', '2', 948),
	(1698, 'air-max-motion-shoe', 'air-max-motion-shoe', '2', 949),
	(1700, 'nike-sportswear-short', 'nike-sportswear-short', '2', 951),
	(1701, 'pro-tank-top', 'pro-tank-top', '2', 952),
	(1702, 'sportswear-mesh-short', 'sportswear-mesh-short', '2', 953),
	(1703, 'sb-solarsoft-portmore-ii-canvas-shoe', 'sb-solarsoft-portmore-ii-canvas-shoe', '2', 954),
	(1704, 'victory-polo', 'victory-polo', '2', 955),
	(1705, 'sb-solarsoft-portmore-ii-premium-shoe', 'sb-solarsoft-portmore-ii-premium-shoe', '2', 956),
	(1706, 'magista-onda-ii-shoes', 'magista-onda-ii-shoes', '2', 957),
	(1707, 'air-max-1-premium-sc-shoe', 'air-max-1-premium-sc-shoe', '2', 958),
	(1708, 'mercurialx-finale-ii-shoes', 'mercurialx-finale-ii-shoes', '2', 959),
	(1709, 'tiempox-ligera-iv-ic-shoes', 'tiempox-ligera-iv-ic-shoes', '2', 960),
	(1710, 'run-essential-tights', 'run-essential-tights', '2', 961),
	(1711, 'mercurial-victory-vi-shoes', 'mercurial-victory-vi-shoes', '2', 962),
	(1712, 'mercurial-vortex-iii-fg-shoe', 'mercurial-vortex-iii-fg-shoe', '2', 963),
	(1713, 'zoom-winflo-4-womens-shoe', 'zoom-winflo-4-womens-shoe', '2', 964),
	(1714, 'vapor-grip3-goalkeeper-gloves', 'vapor-grip3-goalkeeper-gloves', '2', 965),
	(1715, 'mercurial-vortex-iii-ic-shoes', 'mercurial-vortex-iii-ic-shoes', '2', 966),
	(1717, 'air-jordan-trainer-1-low-shoe', 'air-jordan-trainer-1-low-shoe', '2', 968),
	(1718, 'metcon-repper-dsx-shoe', 'metcon-repper-dsx-shoe', '2', 969),
	(1719, 'tiempox-rio-iv-ic-shoes', 'tiempox-rio-iv-ic-shoes', '2', 970),
	(1720, 'regular-fit-polo', 'regular-fit-polo', '2', 971),
	(1721, 'metcon-3-shoe', 'metcon-3-shoe', '2', 972),
	(1722, 'air-jordan-2-flyknit-shoe', 'air-jordan-2-flyknit-shoe', '2', 973),
	(1723, 'hooded-tennis-sweatshirt', 'hooded-tennis-sweatshirt', '2', 974),
	(1724, 'sb-dunk-high-low-pro-shoe', 'sb-dunk-high-low-pro-shoe', '2', 975),
	(1725, 'free-train-virtue-shoe', 'free-train-virtue-shoe', '2', 976),
	(1726, 'astronaut-sweater', 'astronaut-sweater', '2', 977),
	(1727, 'sb-blazer-low-xt-shoe', 'sb-blazer-low-xt-shoe', '2', 978),
	(1728, 'sb-dunk-high-pro-shoe', 'sb-dunk-high-pro-shoe', '2', 979),
	(1729, 'zoom-stefan-janoski-shoe', 'zoom-stefan-janoski-shoe', '2', 980),
	(1730, 'ef755451-dress', 'ef755451-dress', '2', 981),
	(1731, 'sb-zoom-paul-rodriguez-ten-shoe', 'sb-zoom-paul-rodriguez-ten-shoe', '2', 982),
	(1733, 'sb-blazer-premium-se-shoe', 'sb-blazer-premium-se-shoe', '2', 984),
	(1734, 'l1212-tote-bag', 'l1212-tote-bag', '2', 985),
	(1735, 'l1212-polo-classic', 'l1212-polo-classic', '2', 986),
	(1736, 'sb-zoom-stefan-janoski-shoe', 'sb-zoom-stefan-janoski-shoe', '2', 987),
	(1737, 'live-dress', 'live-dress', '2', 988),
	(1738, 'slim-fit-polo', 'slim-fit-polo', '2', 989),
	(1740, 'anna-tote-bag', 'anna-tote-bag', '2', 991),
	(1741, 'hooded-zippered-sweatshirt', 'hooded-zippered-sweatshirt', '2', 992),
	(1742, 'court-mesh-boxer-brief', 'court-mesh-boxer-brief', '2', 993),
	(1744, 'striped-collar-polo', 'striped-collar-polo', '2', 995),
	(1745, 'live-jersey-tee', 'live-jersey-tee', '2', 996),
	(1746, 'l1212-concept-bag', 'l1212-concept-bag', '2', 997),
	(1747, 'standup-collar-cardigan', 'standup-collar-cardigan', '2', 998),
	(1748, 'leather-bugatti-bag', 'leather-bugatti-bag', '2', 999),
	(1749, 'l1212-polo', 'l1212-polo', '2', 1000),
	(1751, 'hooded-parka', 'hooded-parka', '2', 1002),
	(1754, 'free-trainer-v7-shoe', 'free-trainer-v7-shoe', '2', 1005),
	(1756, 'pima-tee', 'pima-tee', '2', 1007),
	(1757, 'l1212-bag', 'l1212-bag', '2', 1008),
	(1758, 'neocroc-backpack', 'neocroc-backpack', '2', 1009),
	(1760, 'crew-neck-tee', 'crew-neck-tee', '2', 1011),
	(1766, 'bugatti-bag', 'bugatti-bag', '2', 1017),
	(1767, 'l1212-vertical-bag', 'l1212-vertical-bag', '2', 1018),
	(1768, 'daily-classic-backpack', 'daily-classic-backpack', '2', 1019),
	(1769, 'unicolor-nylon-jacket', 'unicolor-nylon-jacket', '2', 1020),
	(1770, 'cotton-sweatshirt', 'cotton-sweatshirt', '2', 1021),
	(1771, 'crew-neck-nuttoned-tee', 'crew-neck-nuttoned-tee', '2', 1022),
	(1772, 'contrast-bomber', 'contrast-bomber', '2', 1023),
	(1773, 'carnaby-evo-sneakers', 'carnaby-evo-sneakers', '2', 1024),
	(1774, 'interlock-knit-sweatshirt', 'interlock-knit-sweatshirt', '2', 1025),
	(1775, 'loose-fit-polo', 'loose-fit-polo', '2', 1026),
	(1776, '3d-lacoste-lettering-tee', '3d-lacoste-lettering-tee', '2', 1027),
	(1777, 'cotton-hooded-sweatshirt', 'cotton-hooded-sweatshirt', '2', 1028),
	(1778, 'stretch-slim-fit-polo', 'stretch-slim-fit-polo', '2', 1029),
	(1779, 'oversized-crocodile-tee', 'oversized-crocodile-tee', '2', 1030),
	(1780, 'wool-cable-sweater', 'wool-cable-sweater', '2', 1031),
	(1781, 'vneck-piped-sweater', 'vneck-piped-sweater', '2', 1032),
	(1782, 'l1212-textile-sneakers', 'l1212-textile-sneakers', '2', 1033),
	(1783, 'croc-jacquard-scarf', 'croc-jacquard-scarf', '2', 1034),
	(1784, 'waterresistant-hooded-jacket', 'waterresistant-hooded-jacket', '2', 1035),
	(1785, 'live-sweatshirt', 'live-sweatshirt', '2', 1036),
	(1786, 'striped-jersey-polo', 'striped-jersey-polo', '2', 1037),
	(1788, 'straightset-sp-sneakers', 'straightset-sp-sneakers', '2', 1039),
	(1789, 'l1212-sneakers', 'l1212-sneakers', '2', 1040),
	(1790, 'espere-sneakers', 'espere-sneakers', '2', 1041),
	(1791, 'free-v7-shoe', 'free-v7-shoe', '2', 1042),
	(1792, 'straightset-chukkas-sneakers', 'straightset-chukkas-sneakers', '2', 1043),
	(1793, 'lt-spirit-elite-sneakers', 'lt-spirit-elite-sneakers', '2', 1044),
	(1794, 'courtminimal-sneakers', 'courtminimal-sneakers', '2', 1045),
	(1795, 'vneck-tee', 'vneck-tee', '2', 1046),
	(1796, 'classic-polo', 'classic-polo', '2', 1047),
	(1797, 'half-sleeve-polo', 'half-sleeve-polo', '2', 1048),
	(1798, 'vneck-sweater', 'vneck-sweater', '2', 1049),
	(1799, 'classic-l1212-polo', 'classic-l1212-polo', '2', 1050),
	(1800, 'chantaco-piqu-leather-square-crossover-bag', 'chantaco-piqu-leather-square-crossover-bag', '2', 1051),
	(1801, 'zoom-lebron-soldier-10-sfg-shoe', 'zoom-lebron-soldier-10-sfg-shoe', '2', 1052),
	(1803, 'gabardine-pants', 'gabardine-pants', '2', 1054),
	(1804, 'zoom-train-command-shoe', 'zoom-train-command-shoe', '2', 1055),
	(1805, 'built-in-hood-jacket', 'built-in-hood-jacket', '2', 1056),
	(1806, 'striped-sweatshirt-dress', 'striped-sweatshirt-dress', '2', 1057),
	(1807, 'mini-check-shirt', 'mini-check-shirt', '2', 1058),
	(1808, 'pima-v-neck-tee', 'pima-v-neck-tee', '2', 1059),
	(1809, 'zoom-winflo-4-shoe', 'zoom-winflo-4-shoe', '2', 1060),
	(1810, 'zsrs60bt-boombox', 'zsrs60bt-boombox', '2', 1061),
	(1811, 'hooded-sweatshirt', 'hooded-sweatshirt', '2', 1062),
	(1812, 'crew-neck-technical-jersey-tee', 'crew-neck-technical-jersey-tee', '2', 1063),
	(1813, 'hobo-bag', 'hobo-bag', '2', 1064),
	(1814, 'live-bomber-jacket', 'live-bomber-jacket', '2', 1065),
	(1815, 'reversible-belt', 'reversible-belt', '2', 1066),
	(1816, 'classic-toilet-kit', 'classic-toilet-kit', '2', 1067),
	(1817, 'xb950n1-headphone', 'xb950n1-headphone', '2', 1068),
	(1818, '1000xm2-headphone', '1000xm2-headphone', '2', 1069),
	(1819, 'htmt300-soundbar', 'htmt300-soundbar', '2', 1070),
	(1820, 'mdrrf995rk-headphone', 'mdrrf995rk-headphone', '2', 1071),
	(1821, 'htst5000-712-dolby-atmos', 'htst5000-712-dolby-atmos', '2', 1072),
	(1822, 'mdrxb80bs-headphones', 'mdrxb80bs-headphones', '2', 1073),
	(1823, 'pshx500-turntable', 'pshx500-turntable', '2', 1074),
	(1824, 'strdh550-receiver', 'strdh550-receiver', '2', 1075),
	(1825, 'mdrzx110-headphone', 'mdrzx110-headphone', '2', 1076),
	(1826, 'gtkxb7-home-audio', 'gtkxb7-home-audio', '2', 1077),
	(1827, 'wi1000x-headphones', 'wi1000x-headphones', '2', 1078),
	(1828, 'srsxb20-speaker', 'srsxb20-speaker', '2', 1079),
	(1829, 'htct80-soundbar', 'htct80-soundbar', '2', 1080),
	(1830, 'strdn1080-soundbar', 'strdn1080-soundbar', '2', 1081),
	(1831, 'strdh130-soundbars', 'strdh130-soundbars', '2', 1082),
	(1833, 'mhcv77w-audio-system', 'mhcv77w-audio-system', '2', 1084),
	(1834, 'mdrxb50ap-headphone', 'mdrxb50ap-headphone', '2', 1085),
	(1835, 'srsxb30-speaker', 'srsxb30-speaker', '2', 1086),
	(1836, 'nwzb183f-walkman', 'nwzb183f-walkman', '2', 1087),
	(1837, 'mdrg45lp-headphones', 'mdrg45lp-headphones', '2', 1088),
	(1838, 'mdrxb550ap-headphone', 'mdrxb550ap-headphone', '2', 1089),
	(1840, 'mdrz7-headphones', 'mdrz7-headphones', '2', 1091),
	(1841, 'cfds70-boom-box', 'cfds70-boom-box', '2', 1092),
	(1842, 'mdrex15lp-standard-headphone', 'mdrex15lp-standard-headphone', '2', 1093),
	(1843, 'mdrex750ap-headphone', 'mdrex750ap-headphone', '2', 1094),
	(1845, 'bdve3100-soundbars', 'bdve3100-soundbars', '2', 1096),
	(1846, 'icfc1t-clock-radio', 'icfc1t-clock-radio', '2', 1097),
	(1847, 'headphones-mdrxb950b1', 'headphones-mdrxb950b1', '2', 1098),
	(1848, 'htxt2-soundbars', 'htxt2-soundbars', '2', 1099),
	(1857, 'mdr1000x-headphones', 'mdr1000x-headphones', '2', 1108),
	(1863, 'icfc1-clock-radio', 'icfc1-clock-radio', '2', 1114),
	(1864, 'mhcv11-audio-system', 'mhcv11-audio-system', '2', 1115),
	(1865, 'strdh130-stereo-receiver', 'strdh130-stereo-receiver', '2', 1116),
	(1866, 'mdras210-headphone', 'mdras210-headphone', '2', 1117),
	(1867, 'srszr5-speaker', 'srszr5-speaker', '2', 1118),
	(1868, 'mdras410ap-headphone', 'mdras410ap-headphone', '2', 1119),
	(1869, 'srszr7-speaker', 'srszr7-speaker', '2', 1120),
	(1870, 'sel30m35-lense', 'sel30m35-lense', '2', 1121),
	(1871, 'sel18200le-lense', 'sel18200le-lense', '2', 1122),
	(1872, 'npbn1-batterie', 'npbn1-batterie', '2', 1123),
	(1873, 'sel70200g-lense', 'sel70200g-lense', '2', 1124),
	(1874, 'sel24240-lense', 'sel24240-lense', '2', 1125),
	(1875, 'sel50m28-lense', 'sel50m28-lense', '2', 1126),
	(1876, 'mdrxb510as-headphone', 'mdrxb510as-headphone', '2', 1127),
	(1877, 'srsxb10-speaker', 'srsxb10-speaker', '2', 1128),
	(1879, 'dvpsr510h-dvd-players', 'dvpsr510h-dvd-players', '2', 1130),
	(1880, 'nwe394-walkman', 'nwe394-walkman', '2', 1131),
	(1881, 'ssha3-speakers', 'ssha3-speakers', '2', 1132),
	(1882, 'cmtsbt100-hifi-audio-system', 'cmtsbt100-hifi-audio-system', '2', 1133),
	(1884, 'mdrex15ap-android-headphones', 'mdrex15ap-android-headphones', '2', 1135),
	(1885, 'xbr75x940e-television', 'xbr75x940e-television', '2', 1136),
	(1886, 'srshg1-hear-go', 'srshg1-hear-go', '2', 1137),
	(1887, 'mdrzx310ap-headphones', 'mdrzx310ap-headphones', '2', 1138),
	(1888, 'kdl32w600d-television', 'kdl32w600d-television', '2', 1139),
	(1889, 'sel2470gm-lense', 'sel2470gm-lense', '2', 1140),
	(1890, 'xb650bt-extra-bass-headphones', 'xb650bt-extra-bass-headphones', '2', 1141),
	(1891, 'xbr49x900e-smart-tv', 'xbr49x900e-smart-tv', '2', 1142),
	(1893, 'kd60x690e-television', 'kd60x690e-television', '2', 1144),
	(1900, 'sel1670z-lense', 'sel1670z-lense', '2', 1151),
	(1914, 'srsxb40-speaker', 'srsxb40-speaker', '2', 1165),
	(1915, 'bdps6700-bluray-players', 'bdps6700-bluray-players', '2', 1166),
	(1916, 'htct290-soundbars', 'htct290-soundbars', '2', 1167),
	(1920, 'bdps1700-bluray-player', 'bdps1700-bluray-player', '2', 1171),
	(1921, 'xbr65x850e-smart-tv', 'xbr65x850e-smart-tv', '2', 1172),
	(1922, 'rx10-ii-compact', 'rx10-ii-compact', '2', 1173),
	(1924, 'hdras300-actioncam', 'hdras300-actioncam', '2', 1175),
	(1925, 'htnt5-soundbars', 'htnt5-soundbars', '2', 1176),
	(1926, 'htct800-soundbar', 'htct800-soundbar', '2', 1177),
	(1927, 'xbr100z9d-television', 'xbr100z9d-television', '2', 1178),
	(1928, 'tdgbt500a-3d-glass', 'tdgbt500a-3d-glass', '2', 1179),
	(1930, 'strdh770-soundbars', 'strdh770-soundbars', '2', 1181),
	(1934, 'fdrax100-handycam', 'fdrax100-handycam', '2', 1185),
	(1935, 'kdl40w650d-smart-tv', 'kdl40w650d-smart-tv', '2', 1186),
	(1936, 'xbr55a1e-smart-tv', 'xbr55a1e-smart-tv', '2', 1187),
	(1937, 'kd43x720e-smart-tv', 'kd43x720e-smart-tv', '2', 1188),
	(1938, 'dscrx100m4-cameras', 'dscrx100m4-cameras', '2', 1189),
	(1939, 'xbr49x700d-smart-tv', 'xbr49x700d-smart-tv', '2', 1190),
	(1940, 'sel55f18z-lense', 'sel55f18z-lense', '2', 1191),
	(1942, 'variotessar-sel2470z-lense', 'variotessar-sel2470z-lense', '2', 1193),
	(1943, 'ubpx800-dvd-player', 'ubpx800-dvd-player', '2', 1194),
	(1944, 'nwws413-walkman', 'nwws413-walkman', '2', 1195),
	(1945, 'hdrcx675-camcorder', 'hdrcx675-camcorder', '2', 1196),
	(1946, 'sel85f18-lense', 'sel85f18-lense', '2', 1197),
	(1947, 'bdps3700-player', 'bdps3700-player', '2', 1198),
	(1948, 'dscrx100m2-cameras', 'dscrx100m2-cameras', '2', 1199),
	(1949, 'lcsu21-case', 'lcsu21-case', '2', 1200),
	(1950, 'xbr55x850d-smart-tv', 'xbr55x850d-smart-tv', '2', 1201),
	(1951, 'hdras50r-cameras', 'hdras50r-cameras', '2', 1202),
	(1952, 'dschx400v-cameras', 'dschx400v-cameras', '2', 1203),
	(1953, 'xbr43x800e-smart-tv', 'xbr43x800e-smart-tv', '2', 1204),
	(1954, 'sel16f28-lense', 'sel16f28-lense', '2', 1205),
	(1955, 'mdrxb50bs-headphones', 'mdrxb50bs-headphones', '2', 1206),
	(1956, 'hdrcx900-handycam', 'hdrcx900-handycam', '2', 1207),
	(1957, 'cdxg3100up-cd-receiver', 'cdxg3100up-cd-receiver', '2', 1208),
	(1958, 'sel50f18f-lense', 'sel50f18f-lense', '2', 1209),
	(1959, 'crate-tee', 'crate-tee', '2', 1210),
	(1960, 'camber-mips-helmet', 'camber-mips-helmet', '2', 1211),
	(1961, 'deeper-tee', 'deeper-tee', '2', 1212),
	(1962, 'drake-sunglass', 'drake-sunglass', '2', 1213),
	(1963, 'ridgewell-sunglasses', 'ridgewell-sunglasses', '2', 1214),
	(1964, 'haze-tee', 'haze-tee', '2', 1215),
	(1965, 'dover-sunglass', 'dover-sunglass', '2', 1216),
	(1966, 'vice-goggle', 'vice-goggle', '2', 1217),
	(1968, 'outboard-tee', 'outboard-tee', '2', 1219),
	(1969, 'redmond-sunglass', 'redmond-sunglass', '2', 1220),
	(1970, 'dockside-sunglass', 'dockside-sunglass', '2', 1221),
	(1971, 'highwire-sunglasses', 'highwire-sunglasses', '2', 1222),
	(1972, 'audible-sunglass', 'audible-sunglass', '2', 1223),
	(1973, 'club-crew-sweatshirt', 'club-crew-sweatshirt', '2', 1224),
	(1974, 'landmark-sun-glasses', 'landmark-sun-glasses', '2', 1225),
	(1975, 'nomad-sunglass', 'nomad-sunglass', '2', 1226),
	(1976, 'badge-tank-top', 'badge-tank-top', '2', 1227),
	(1977, 'turner-sunglass', 'turner-sunglass', '2', 1228),
	(1978, 'squad-mtb-goggle', 'squad-mtb-goggle', '2', 1229),
	(1979, 'cd-receiver-mexxb100bt', 'cd-receiver-mexxb100bt', '2', 1230),
	(1980, 'variance-helmet', 'variance-helmet', '2', 1231),
	(1981, 'founder-sunglass', 'founder-sunglass', '2', 1232),
	(1982, 'holt-helmet', 'holt-helmet', '2', 1233),
	(1983, 'compass-mips-helmet', 'compass-mips-helmet', '2', 1234),
	(1984, 'envoy-sunglass', 'envoy-sunglass', '2', 1235),
	(1985, 'contra-sunglass', 'contra-sunglass', '2', 1236),
	(1986, 'outlier-2-xl-sunglass', 'outlier-2-xl-sunglass', '2', 1237),
	(1987, 'knowledge-otg-goggle', 'knowledge-otg-goggle', '2', 1238),
	(1988, 'survey-sunglass', 'survey-sunglass', '2', 1239),
	(1989, 'valence-helmet', 'valence-helmet', '2', 1240),
	(1992, 'transfer-xl-sunglass', 'transfer-xl-sunglass', '2', 1243),
	(1994, 'salute-sunglass', 'salute-sunglass', '2', 1245),
	(1998, 'hdrmv1-music-recorders', 'hdrmv1-music-recorders', '2', 1249),
	(1999, 'cascade-classic-goggle', 'cascade-classic-goggle', '2', 1250),
	(2000, 'pivlock-arena-sunglasses', 'pivlock-arena-sunglasses', '2', 1251),
	(2001, 'aspect-mips-helmet', 'aspect-mips-helmet', '2', 1252),
	(2002, 'iox-goggle', 'iox-goggle', '2', 1253),
	(2003, 'riot-goggle', 'riot-goggle', '2', 1254),
	(2004, 'squadxl-goggles', 'squadxl-goggles', '2', 1255),
	(2005, 'sidney-sunglasses', 'sidney-sunglasses', '2', 1256),
	(2006, 'io-goggle', 'io-goggle', '2', 1257),
	(2007, 'attack-sunglasses', 'attack-sunglasses', '2', 1258),
	(2008, 'clark-sunglass', 'clark-sunglass', '2', 1259),
	(2009, 'serpico-slim-20-sunglass', 'serpico-slim-20-sunglass', '2', 1260),
	(2010, 'attack-max-sunglass', 'attack-max-sunglass', '2', 1261),
	(2011, 'range-goggle', 'range-goggle', '2', 1262),
	(2012, 'quantum-mips-helmet', 'quantum-mips-helmet', '2', 1263),
	(2013, 'comstock-sunglass', 'comstock-sunglass', '2', 1264),
	(2014, 'showcase-otg-goggles', 'showcase-otg-goggles', '2', 1265),
	(2015, 'colette-sunglass', 'colette-sunglass', '2', 1266),
	(2018, 'ramona-sunglass', 'ramona-sunglass', '2', 1269),
	(2019, 'captains-choice-sunglass', 'captains-choice-sunglass', '2', 1270),
	(2020, 'pointe-helmet', 'pointe-helmet', '2', 1271),
	(2021, 'drift-goggle', 'drift-goggle', '2', 1272),
	(2022, 'vantage-mips-helmet', 'vantage-mips-helmet', '2', 1273),
	(2023, 'feature-sunglass', 'feature-sunglass', '2', 1274),
	(2025, 'sequel-helmet', 'sequel-helmet', '2', 1276),
	(2026, 'purist-sunglass', 'purist-sunglass', '2', 1277),
	(2027, 'ios-goggle', 'ios-goggle', '2', 1278),
	(2028, 'questa-sunglass', 'questa-sunglass', '2', 1279),
	(2029, 'langley-sunglas', 'langley-sunglas', '2', 1280),
	(2030, 'cheetah-sunglass', 'cheetah-sunglass', '2', 1281),
	(2031, 'io-7-goggle', 'io-7-goggle', '2', 1282),
	(2032, 'mdrds6500-headphone', 'mdrds6500-headphone', '2', 1283),
	(2033, 'tioga-sunglass', 'tioga-sunglass', '2', 1284),
	(2035, 'rebel-sunglass', 'rebel-sunglass', '2', 1286),
	(2036, 'parallel-mips-sunglass', 'parallel-mips-sunglass', '2', 1287),
	(2037, 'heat-run-jacket', 'heat-run-jacket', '2', 1288),
	(2038, 'gambler-goggle', 'gambler-goggle', '2', 1289),
	(2039, 'sel70300g-lense', 'sel70300g-lense', '2', 1290),
	(2041, 'mt-shasta-sunglass', 'mt-shasta-sunglass', '2', 1292),
	(2042, 'delano-sunglass', 'delano-sunglass', '2', 1293),
	(2043, '577v4-leather-shoes', '577v4-leather-shoes', '2', 1294),
	(2044, 'npfv50-battery', 'npfv50-battery', '2', 1295),
	(2045, 'marvine-sunglass', 'marvine-sunglass', '2', 1296),
	(2046, 'zoom-jrgambler-combo', 'zoom-jrgambler-combo', '2', 1297),
	(2047, '1400v5-shoes', '1400v5-shoes', '2', 1298),
	(2052, 'fuel-v2-goggles', 'fuel-v2-goggles', '2', 1303),
	(2054, 'sel35f28z-lens', 'sel35f28z-lens', '2', 1305),
	(2055, 'route-mips-helmet', 'route-mips-helmet', '2', 1306),
	(2056, 'zoom-jrrascal-combo', 'zoom-jrrascal-combo', '2', 1307),
	(2057, 'lcmaka1-case', 'lcmaka1-case', '2', 1308),
	(2058, 'rascal-google', 'rascal-google', '2', 1309),
	(2059, 'sel90m28g-lense', 'sel90m28g-lense', '2', 1310),
	(2061, 'daredevil-goggle', 'daredevil-goggle', '2', 1312),
	(2062, 'arrival-mips-helmet', 'arrival-mips-helmet', '2', 1313),
	(2064, '574-shoe', '574-shoe', '2', 1315),
	(2065, 'fuelcore-transform-v2-shoe', 'fuelcore-transform-v2-shoe', '2', 1316),
	(2066, '7r-ii-dslr', '7r-ii-dslr', '2', 1317),
	(2067, 'hx350-compact', 'hx350-compact', '2', 1318),
	(2068, 'fdrx3000-actioncam', 'fdrx3000-actioncam', '2', 1319),
	(2070, 'dscrx100m3-compact-cameras', 'dscrx100m3-compact-cameras', '2', 1321),
	(2074, 'rx10-iv-compact', 'rx10-iv-compact', '2', 1325),
	(2075, 'hdras50-action-cam', 'hdras50-action-cam', '2', 1326),
	(2076, 'wx500-compact', 'wx500-compact', '2', 1327),
	(2077, 'ax33-handycam', 'ax33-handycam', '2', 1328),
	(2078, 'dscrx100m5-compact', 'dscrx100m5-compact', '2', 1329),
	(2079, 'dscw830-compact-camera', 'dscw830-compact-camera', '2', 1330),
	(2080, '6500-reflex', '6500-reflex', '2', 1331),
	(2081, 'ax53-handycam', 'ax53-handycam', '2', 1332),
	(2082, '720v4-shoe', '720v4-shoe', '2', 1333),
	(2083, 'fresh-foam-zante-v3-shoe', 'fresh-foam-zante-v3-shoe', '2', 1334),
	(2085, 'accelerate-tee', 'accelerate-tee', '2', 1336),
	(2086, 'n-transit-tee', 'n-transit-tee', '2', 1337),
	(2087, 'mens-accelerate-tee', 'mens-accelerate-tee', '2', 1338),
	(2089, 'nike-metcon-3-shoe', 'nike-metcon-3-shoe', '2', 1340),
	(2090, 'windcheater-jacket', 'windcheater-jacket', '2', 1341),
	(2091, 'gazelle-pant', 'gazelle-pant', '2', 1342),
	(2092, 'impact-premium-tight', 'impact-premium-tight', '2', 1343),
	(2094, 'in-transit-sweater', 'in-transit-sweater', '2', 1345),
	(2095, 'impact-tight', 'impact-tight', '2', 1346),
	(2096, 'wolcott-sunglass', 'wolcott-sunglass', '2', 1347),
	(2098, 'fuelcore-coast-v3-shoes', 'fuelcore-coast-v3-shoes', '2', 1349),
	(2099, 'nb-ice-tee', 'nb-ice-tee', '2', 1350),
	(2100, 'max-intensity-tee', 'max-intensity-tee', '2', 1351),
	(2101, '574-nb-shoes', '574-nb-shoes', '2', 1352),
	(2102, 'nb-ice-tank', 'nb-ice-tank', '2', 1353),
	(2104, 'fuelcore-transform-v2-shoes', 'fuelcore-transform-v2-shoes', '2', 1355),
	(2106, 'accelerate-tight', 'accelerate-tight', '2', 1357),
	(2107, 'novelty-studio-tight', 'novelty-studio-tight', '2', 1358),
	(2108, 'highwire-sunglass', 'highwire-sunglass', '2', 1359),
	(2109, '711v3-heathered-shoes', '711v3-heathered-shoes', '2', 1360),
	(2111, 'nb-806-shoe', 'nb-806-shoe', '2', 1362),
	(2112, 'vazee-prism-v2-shoes', 'vazee-prism-v2-shoes', '2', 1363),
	(2113, 'nb-heat-tight-w', 'nb-heat-tight-w', '2', 1364),
	(2114, 'nb-heat-run-jacket', 'nb-heat-run-jacket', '2', 1365),
	(2115, 'overtake-mips-helmet', 'overtake-mips-helmet', '2', 1366),
	(2116, 'nb-818v2-shoes', 'nb-818v2-shoes', '2', 1367),
	(2117, 'premium-performance-capri', 'premium-performance-capri', '2', 1368),
	(2118, 'nb-624-shoe', 'nb-624-shoe', '2', 1369),
	(2119, 'outlier-xl-sunglass', 'outlier-xl-sunglass', '2', 1370),
	(2120, 'essentials-crew-bl-sweater', 'essentials-crew-bl-sweater', '2', 1371),
	(2121, 'nb-1267-shoe', 'nb-1267-shoe', '2', 1372),
	(2122, 'pace-sunglass', 'pace-sunglass', '2', 1373),
	(2123, 'nb-athletics-pant', 'nb-athletics-pant', '2', 1374),
	(2124, 'aeronamic-printed-tee', 'aeronamic-printed-tee', '2', 1375),
	(2125, 'nb-779-shoes', 'nb-779-shoes', '2', 1376),
	(2126, 'purist-sunglass', 'purist-sunglass', '2', 1377),
	(2127, 'challenge-short', 'challenge-short', '2', 1378),
	(2128, 'nb-928v3-shoe', 'nb-928v3-shoe', '2', 1379),
	(2129, 'seasonless-tee', 'seasonless-tee', '2', 1380),
	(2130, 'lowdown-focus-sunglass', 'lowdown-focus-sunglass', '2', 1381),
	(2131, 'nb-840v2-shoes', 'nb-840v2-shoes', '2', 1382),
	(2132, '2-in-1-graphic-short', '2-in-1-graphic-short', '2', 1383),
	(2133, 'high-accelerate-long-sleeve', 'high-accelerate-long-sleeve', '2', 1384),
	(2134, 'parallel-max-sunglass', 'parallel-max-sunglass', '2', 1385),
	(2135, 'lowdown-xl-sunglass', 'lowdown-xl-sunglass', '2', 1386),
	(2136, 'fresh-foam-1000-boot', 'fresh-foam-1000-boot', '2', 1387),
	(2137, 'track-club-tee', 'track-club-tee', '2', 1388),
	(2138, 'heather-tech-nb-graphic-tee', 'heather-tech-nb-graphic-tee', '2', 1389),
	(2139, 'nb-847v3-shoes', 'nb-847v3-shoes', '2', 1390),
	(2140, 'serpico-20-sunglass', 'serpico-20-sunglass', '2', 1391),
	(2141, 'nb-athletics-main-logo-tee', 'nb-athletics-main-logo-tee', '2', 1392),
	(2142, 'nb-990v4-shoe', 'nb-990v4-shoe', '2', 1393),
	(2143, 'rockford-sunglass', 'rockford-sunglass', '2', 1394),
	(2144, 'nb-athletics-tee', 'nb-athletics-tee', '2', 1395),
	(2145, 'nb-3020-boot', 'nb-3020-boot', '2', 1396),
	(2146, 'nb-1865-shoe', 'nb-1865-shoe', '2', 1397),
	(2147, 'essentials-speed-tee', 'essentials-speed-tee', '2', 1398),
	(2148, 'rockford-slim-sunglass', 'rockford-slim-sunglass', '2', 1399),
	(2149, 'nb-769-shoes', 'nb-769-shoes', '2', 1400),
	(2150, 'essential-pocket-tee', 'essential-pocket-tee', '2', 1401),
	(2151, 'challis-sunglass', 'challis-sunglass', '2', 1402),
	(2152, 'nb-1540v2-shoes', 'nb-1540v2-shoes', '2', 1403),
	(2153, 'essentials-logo-tee', 'essentials-logo-tee', '2', 1404),
	(2154, 'colson-sunglass', 'colson-sunglass', '2', 1405),
	(2155, 'court-crew-tee', 'court-crew-tee', '2', 1406),
	(2156, 'fcp-elite-jacket', 'fcp-elite-jacket', '2', 1407),
	(2157, 'fantom-force-jacket', 'fantom-force-jacket', '2', 1408),
	(2158, 'tournament-henley-tee', 'tournament-henley-tee', '2', 1409),
	(2159, 'precision-run-3-in-1-jacket', 'precision-run-3-in-1-jacket', '2', 1410),
	(2161, 'm4m-seamless-polo', 'm4m-seamless-polo', '2', 1412),
	(2162, 'speed-run-jacket', 'speed-run-jacket', '2', 1413),
	(2163, 'precision-tight', 'precision-tight', '2', 1414),
	(2164, 'max-intensity-jacket', 'max-intensity-jacket', '2', 1415),
	(2165, 'nb-heat-tight-m', 'nb-heat-tight-m', '2', 1416),
	(2167, 'fresh-foam-zante-v3-shoes', 'fresh-foam-zante-v3-shoes', '2', 1418),
	(2168, 'challenge-3-qtr-tight', 'challenge-3-qtr-tight', '2', 1419),
	(2170, 'nb-essentials-pullover-hoodie', 'nb-essentials-pullover-hoodie', '2', 1421),
	(2171, 'trinamic-tight', 'trinamic-tight', '2', 1422),
	(2172, 'gobi-trail-v2-shoes', 'gobi-trail-v2-shoes', '2', 1423),
	(2173, 'fresh-foam-cruz-w-shoe', 'fresh-foam-cruz-w-shoe', '2', 1424),
	(2175, '620v2-reflective-shoes', '620v2-reflective-shoes', '2', 1426),
	(2176, 'fuelcore-agility-v2-shoe', 'fuelcore-agility-v2-shoe', '2', 1427),
	(2177, 'fresh-foam-zante-v3-nyc-shoes', 'fresh-foam-zante-v3-nyc-shoes', '2', 1428),
	(2179, 'hanzo-s-shoes', 'hanzo-s-shoes', '2', 1430),
	(2180, 'nb-400v5s-shoe', 'nb-400v5s-shoe', '2', 1431),
	(2181, 'nubuck-696-shoe', 'nubuck-696-shoe', '2', 1432),
	(2182, '860v8-nyc-shoes', '860v8-nyc-shoes', '2', 1433),
	(2183, 'max-intensity-short', 'max-intensity-short', '2', 1434),
	(2184, '420-reengineered-shoe', '420-reengineered-shoe', '2', 1435),
	(2185, 'tpu-3000v3-shoe', 'tpu-3000v3-shoe', '2', 1436),
	(2186, 'nb-athletics-short', 'nb-athletics-short', '2', 1437),
	(2187, 'n-transit-short', 'n-transit-short', '2', 1438),
	(2188, 'nb-818v2-shoe', 'nb-818v2-shoe', '2', 1439),
	(2189, 'impact-short', 'impact-short', '2', 1440),
	(2190, 'vazee-pace-v2-shoe', 'vazee-pace-v2-shoe', '2', 1441),
	(2191, 'accelerate-7-inch-short', 'accelerate-7-inch-short', '2', 1442),
	(2192, 'nb-xc900v4-shoes', 'nb-xc900v4-shoes', '2', 1443),
	(2193, 'nb-1500v3-shoe', 'nb-1500v3-shoe', '2', 1444),
	(2194, 'nb-247-sport-shoe', 'nb-247-sport-shoe', '2', 1445),
	(2196, '2-in-1-short', '2-in-1-short', '2', 1447),
	(2197, 'wp71836-tight', 'wp71836-tight', '2', 1448),
	(2198, 'hanzo-s-shoe', 'hanzo-s-shoe', '2', 1449),
	(2199, '1260v7-nb', '1260v7-nb', '2', 1450),
	(2200, '860v8-nb', '860v8-nb', '2', 1451),
	(2201, 'fuelcore-sonic-marvel-shoe', 'fuelcore-sonic-marvel-shoe', '2', 1452),
	(2202, '880v7-nb', '880v7-nb', '2', 1453),
	(2203, 'fuelcore-sonic-shoe', 'fuelcore-sonic-shoe', '2', 1454),
	(2204, 'fresh-foam-vongo-v2-shoe', 'fresh-foam-vongo-v2-shoe', '2', 1455),
	(2205, 'fresh-foam-cruz-shoe', 'fresh-foam-cruz-shoe', '2', 1456),
	(2206, '840v3-nb', '840v3-nb', '2', 1457),
	(2207, '2017-deconstructed-nb', '2017-deconstructed-nb', '2', 1458),
	(2208, '520-nb', '520-nb', '2', 1459),
	(2209, '1978-nb', '1978-nb', '2', 1460),
	(2210, 'nb-247-classic', 'nb-247-classic', '2', 1461),
	(2211, 'barricade-bt-speaker', 'barricade-bt-speaker', '2', 1462),
	(2212, 'jib-earbud', 'jib-earbud', '2', 1463),
	(2213, 'inkd-earbud-headphone', 'inkd-earbud-headphone', '2', 1464),
	(2214, 'crusher-headphone', 'crusher-headphone', '2', 1465),
	(2215, 'uproar-headphone', 'uproar-headphone', '2', 1466),
	(2216, 'chops-bud-headphone', 'chops-bud-headphone', '2', 1467),
	(2218, 'barricade-mini-bt-speaker', 'barricade-mini-bt-speaker', '2', 1469),
	(2219, 'chops-flex-sport-earbud-headphone', 'chops-flex-sport-earbud-headphone', '2', 1470),
	(2221, 'smokin-buds-2-headphone', 'smokin-buds-2-headphone', '2', 1472),
	(2222, 'grind-headphone', 'grind-headphone', '2', 1473),
	(2225, 'fuelcore-quick-v3-shoe', 'fuelcore-quick-v3-shoe', '2', 1476),
	(2226, 'vazee-summit-sentier-v2-shoe', 'vazee-summit-sentier-v2-shoe', '2', 1477),
	(2227, 'hesh-3-wireless-headphone', 'hesh-3-wireless-headphone', '2', 1478),
	(2228, 'stim-onear-headphone', 'stim-onear-headphone', '2', 1479),
	(2229, 'zoom-train-complete-shoe', 'zoom-train-complete-shoe', '2', 1480),
	(2230, 'nb-99v2-shoe', 'nb-99v2-shoe', '2', 1481),
	(2231, 'xc700v5-spike-shoe', 'xc700v5-spike-shoe', '2', 1482),
	(2232, 'nb-857v2-shoe', 'nb-857v2-shoe', '2', 1483),
	(2233, 'nb-520-shoe', 'nb-520-shoe', '2', 1484),
	(2236, 'fuelcore-rush-v3-viz-shoes', 'fuelcore-rush-v3-viz-shoes', '2', 1487),
	(2237, 'nb-824-shoe', 'nb-824-shoe', '2', 1488),
	(2238, 'nb-696-sneakers', 'nb-696-sneakers', '2', 1489),
	(2239, '99v2-marvel-shoe', '99v2-marvel-shoe', '2', 1490),
	(2240, 'nb-910v4-gtx-shoe', 'nb-910v4-gtx-shoe', '2', 1491),
	(2241, 'reflect-response-headphone', 'reflect-response-headphone', '2', 1492),
	(2242, 'e15-headphone', 'e15-headphone', '2', 1493),
	(2243, 'arena-120-loudspeaker', 'arena-120-loudspeaker', '2', 1494),
	(2244, 'inspire-100-headphone', 'inspire-100-headphone', '2', 1495),
	(2246, 'studio-290-loudspeaker', 'studio-290-loudspeaker', '2', 1497),
	(2247, 'e25bt-headphones', 'e25bt-headphones', '2', 1498),
	(2248, 'e55bt-headphone', 'e55bt-headphone', '2', 1499),
	(2249, 'arena-180-speaker', 'arena-180-speaker', '2', 1500),
	(2250, 'e45bt-headphone', 'e45bt-headphone', '2', 1501),
	(2251, 'control-x-loudspeakers', 'control-x-loudspeakers', '2', 1502),
	(2252, 'studio-sub-250p-loudspeaker', 'studio-sub-250p-loudspeaker', '2', 1503),
	(2253, 'e35-headphone', 'e35-headphone', '2', 1504),
	(2254, 'studio-210-loudspeakers', 'studio-210-loudspeakers', '2', 1505),
	(2255, 'arena-130-loudspeakers', 'arena-130-loudspeakers', '2', 1506),
	(2256, 'studio-220-loudspeakers', 'studio-220-loudspeakers', '2', 1507),
	(2257, 'studio-225c-loudspeaker', 'studio-225c-loudspeaker', '2', 1508),
	(2258, 'studio-270-loudspeaker', 'studio-270-loudspeaker', '2', 1509),
	(2259, 'acoustimass-6-series-v-speaker', 'acoustimass-6-series-v-speaker', '2', 1510),
	(2260, 'soundsport-free-headphones', 'soundsport-free-headphones', '2', 1511),
	(2261, 'cx455-handycam', 'cx455-handycam', '2', 1512),
	(2262, 'dsch400-compact', 'dsch400-compact', '2', 1513),
	(2263, 'soundlink-color-speaker-ii', 'soundlink-color-speaker-ii', '2', 1514),
	(2264, 'systme-audio-tv-solo-5', 'systme-audio-tv-solo-5', '2', 1515),
	(2265, 'soundsport-wireless-headphones', 'soundsport-wireless-headphones', '2', 1516),
	(2266, 'companion-2-series-iii-speaker', 'companion-2-series-iii-speaker', '2', 1517),
	(2267, 'arena-170-loudspeaker', 'arena-170-loudspeaker', '2', 1518),
	(2268, 'soundsport-pulse-headphones', 'soundsport-pulse-headphones', '2', 1519),
	(2269, 'soundlink-revolve-bluetooth-speaker', 'soundlink-revolve-bluetooth-speaker', '2', 1520),
	(2270, 'focus-300-headphone', 'focus-300-headphone', '2', 1521),
	(2271, 'quietcomfort-35-headphones-ii', 'quietcomfort-35-headphones-ii', '2', 1522),
	(2272, 'inspire-300-headphones', 'inspire-300-headphones', '2', 1523),
	(2273, 'soundlink-revolve-speaker', 'soundlink-revolve-speaker', '2', 1524),
	(2274, 'companion-5-speaker', 'companion-5-speaker', '2', 1525),
	(2275, 'soundtouch-300-soundbar', 'soundtouch-300-soundbar', '2', 1526),
	(2276, 'soundtouch-300-soundbar', 'soundtouch-300-soundbar', '2', 1527),
	(2277, 'soundsport-inear', 'soundsport-inear', '2', 1528),
	(2278, 'soundtouch-adapter', 'soundtouch-adapter', '2', 1529),
	(2279, 'quietcomfort-20-acoustic-headphones', 'quietcomfort-20-acoustic-headphones', '2', 1530),
	(2280, 'soundlink-micro-speaker', 'soundlink-micro-speaker', '2', 1531),
	(2281, 'pulse-2-speaker', 'pulse-2-speaker', '2', 1532),
	(2282, 'soundtouch-10-speakers', 'soundtouch-10-speakers', '2', 1533),
	(2283, 'horizon-clock-radio', 'horizon-clock-radio', '2', 1534),
	(2284, 'soundtrue-ultra-inear-headphones', 'soundtrue-ultra-inear-headphones', '2', 1535),
	(2285, 'companion-20-speakers', 'companion-20-speakers', '2', 1536),
	(2286, 'sb-450-soundbar', 'sb-450-soundbar', '2', 1537),
	(2287, 'quietcomfort-35-headphone', 'quietcomfort-35-headphone', '2', 1538),
	(2288, 'soundtouch-30-speakers', 'soundtouch-30-speakers', '2', 1539),
	(2289, 'chuck-taylor-all-star-lt-shoes', 'chuck-taylor-all-star-lt-shoes', '2', 1540),
	(2290, 'chuck-ii-ht-shoe', 'chuck-ii-ht-shoe', '2', 1541),
	(2291, 'chuck-taylor-all-star-dainty-low-top-shoes', 'chuck-taylor-all-star-dainty-low-top-shoes', '2', 1542),
	(2292, 'soundtouch-20-speakers', 'soundtouch-20-speakers', '2', 1543),
	(2293, 'essentials-camo-star-tshirt', 'essentials-camo-star-tshirt', '2', 1544),
	(2294, 'chuck-ii-lt-shoe', 'chuck-ii-lt-shoe', '2', 1545),
	(2295, 'chuck-70-portland-trail-blazers-gameday-high-top-shoes', 'chuck-70-portland-trail-blazers-gameday-high-top-shoes', '2', 1546),
	(2296, 'jack-purcell-lt-shoes', 'jack-purcell-lt-shoes', '2', 1547),
	(2297, 'chuck-taylor-all-star-ht-little-kids-shoe', 'chuck-taylor-all-star-ht-little-kids-shoe', '2', 1548),
	(2298, 'one-star-suede-lt-shoe', 'one-star-suede-lt-shoe', '2', 1549),
	(2299, 'chuck-taylor-all-star-seasonal-lt-shoe', 'chuck-taylor-all-star-seasonal-lt-shoe', '2', 1550),
	(2300, 'chuck-taylor-all-star-ht-shoe', 'chuck-taylor-all-star-ht-shoe', '2', 1551),
	(2301, 'ilce9-dslr', 'ilce9-dslr', '2', 1552),
	(2302, 'sel55210-lense', 'sel55210-lense', '2', 1553),
	(2303, 'beats-ep-headphone', 'beats-ep-headphone', '2', 1554),
	(2304, 'powerbeats3', 'powerbeats3', '2', 1555),
	(2305, 'beats-solo-3-headphone', 'beats-solo-3-headphone', '2', 1556),
	(2306, 'rs-135-headphones', 'rs-135-headphones', '2', 1557),
	(2307, 'hd-450-btnc-headphones', 'hd-450-btnc-headphones', '2', 1558),
	(2308, 'hd-569-headphone', 'hd-569-headphone', '2', 1559),
	(2309, 'hd-440-bt-headphone', 'hd-440-bt-headphone', '2', 1560),
	(2310, 'rs-165-headphone', 'rs-165-headphone', '2', 1561),
	(2311, 'hd-206-headphones', 'hd-206-headphones', '2', 1562),
	(2312, 'hdrcx405-handycam', 'hdrcx405-handycam', '2', 1563),
	(2313, '6300-camera', '6300-camera', '2', 1564),
	(2314, 'chuck-taylor-all-star-ht-shoe', 'chuck-taylor-all-star-ht-shoe', '2', 1565),
	(2315, 'chuck-taylor-all-star-waterproof-ht-boot', 'chuck-taylor-all-star-waterproof-ht-boot', '2', 1566),
	(2316, 'chuck-ii-waterproof-shoe', 'chuck-ii-waterproof-shoe', '2', 1567),
	(2317, 'chuck-taylor-all-star-shimmer-suede-lt-shoe', 'chuck-taylor-all-star-shimmer-suede-lt-shoe', '2', 1568),
	(2318, 'chuck-taylor-all-star-velvet-lt-shoes', 'chuck-taylor-all-star-velvet-lt-shoes', '2', 1569),
	(2319, 'one-star-perforated-lt-shoe', 'one-star-perforated-lt-shoe', '2', 1570),
	(2320, 'chuck-taylor-first-star-shoe', 'chuck-taylor-first-star-shoe', '2', 1571),
	(2321, 'chuck-taylor-first-star-canvas-shoe', 'chuck-taylor-first-star-canvas-shoe', '2', 1572),
	(2322, 'chuck-taylor-all-star-simple-slip-lt-shoe', 'chuck-taylor-all-star-simple-slip-lt-shoe', '2', 1573),
	(2323, 'chuck-taylor-all-star-lt-shoe', 'chuck-taylor-all-star-lt-shoe', '2', 1574),
	(2324, 'pxc-550-headphones', 'pxc-550-headphones', '2', 1575),
	(2325, 'cx-200-headphone', 'cx-200-headphone', '2', 1576),
	(2326, 'rs-175-headphone', 'rs-175-headphone', '2', 1577),
	(2327, 'hd-430-headphones', 'hd-430-headphones', '2', 1578),
	(2328, 'game-zero-headset', 'game-zero-headset', '2', 1579),
	(2329, 'mx-686g-headphones', 'mx-686g-headphones', '2', 1580),
	(2330, 'urbanite-xl-headphone', 'urbanite-xl-headphone', '2', 1581),
	(2331, 'ie-80-headphones', 'ie-80-headphones', '2', 1582),
	(2333, 'game-one-headset', 'game-one-headset', '2', 1584),
	(2334, 'hd-230-headset', 'hd-230-headset', '2', 1585),
	(2335, 'mx-365-headphone', 'mx-365-headphone', '2', 1586),
	(2337, 'pxc-480-headphones', 'pxc-480-headphones', '2', 1588),
	(2338, 'ie-60-headphones', 'ie-60-headphones', '2', 1589),
	(2339, 'chuck-taylor-all-star-water-resistant-lt-shoe', 'chuck-taylor-all-star-water-resistant-lt-shoe', '2', 1590),
	(2340, 'chuck-taylor-all-star-leather-lt-shoe', 'chuck-taylor-all-star-leather-lt-shoe', '2', 1591),
	(2341, 'chuck-taylor-all-star-canvas-lp-shoe', 'chuck-taylor-all-star-canvas-lp-shoe', '2', 1592),
	(2342, 'chuck-taylor-70-lt-shoe', 'chuck-taylor-70-lt-shoe', '2', 1593),
	(2343, 'chuck-taylor-all-star-nubuck-boot', 'chuck-taylor-all-star-nubuck-boot', '2', 1594),
	(2344, 'chuck-taylor-70-ht-shoe', 'chuck-taylor-70-ht-shoe', '2', 1595),
	(2345, 'chuck-taylor-all-star-70-lt-shoe', 'chuck-taylor-all-star-70-lt-shoe', '2', 1596),
	(2346, 'chuck-taylor-boot-quilted', 'chuck-taylor-boot-quilted', '2', 1597),
	(2347, 'chuck-taylor-all-star-70-ht-shoe', 'chuck-taylor-all-star-70-ht-shoe', '2', 1598),
	(2348, 'denim-classic-vegan-shoe', 'denim-classic-vegan-shoe', '2', 1599),
	(2349, 'classic-canvas-shoe', 'classic-canvas-shoe', '2', 1600),
	(2350, 'suede-deia-booties', 'suede-deia-booties', '2', 1601),
	(2351, 'lenox-shoe', 'lenox-shoe', '2', 1602),
	(2352, 'del-rey-shoe', 'del-rey-shoe', '2', 1603),
	(2353, 'deia-booties', 'deia-booties', '2', 1604),
	(2354, 'del-rey-exlusive-shoe', 'del-rey-exlusive-shoe', '2', 1605),
	(2355, 'classic-chambray-shoe', 'classic-chambray-shoe', '2', 1606),
	(2356, 'knit-classic-vegan-shoe', 'knit-classic-vegan-shoe', '2', 1607),
	(2357, 'canvas-classic-shoe', 'canvas-classic-shoe', '2', 1608),
	(2358, 'brogue-shoes', 'brogue-shoes', '2', 1609),
	(2359, 'slubby-brogue-shoe', 'slubby-brogue-shoe', '2', 1610),
	(2360, 'denim-brogue-shoe', 'denim-brogue-shoe', '2', 1611),
	(2361, 'twill-brogue-shoe', 'twill-brogue-shoe', '2', 1612),
	(2362, 'chuck-ii-boot', 'chuck-ii-boot', '2', 1613),
	(2363, 'charcoal-brogue-shoe', 'charcoal-brogue-shoe', '2', 1614),
	(2364, 'denim-sienna-wedges-heel', 'denim-sienna-wedges-heel', '2', 1615),
	(2365, 'leather-classic-shoe', 'leather-classic-shoe', '2', 1616),
	(2366, 'chuck-taylor-boot-pc-tumbled', 'chuck-taylor-boot-pc-tumbled', '2', 1617),
	(2367, 'mens-canvas-classic-shoe', 'mens-canvas-classic-shoe', '2', 1618),
	(2368, 'chuck-taylor-street-boot', 'chuck-taylor-street-boot', '2', 1619),
	(2369, 'one-star-premium-leather-ht-shoe', 'one-star-premium-leather-ht-shoe', '2', 1620),
	(2370, 'pro-leather-lt-shoe', 'pro-leather-lt-shoe', '2', 1621),
	(2371, 'one-star-leather-and-tapestry-shoe', 'one-star-leather-and-tapestry-shoe', '2', 1622),
	(2372, 'converse-x-one-star-74-lt-shoe', 'converse-x-one-star-74-lt-shoe', '2', 1623),
	(2373, 'chuck-taylor-iridescent-lt-shoe', 'chuck-taylor-iridescent-lt-shoe', '2', 1624),
	(2374, 'chuck-taylor-crinkled-ht-boot', 'chuck-taylor-crinkled-ht-boot', '2', 1625),
	(2375, 'velvet-platform-lt-shoe', 'velvet-platform-lt-shoe', '2', 1626),
	(2376, 'chuck-taylor-all-star-lt-kids-shoe', 'chuck-taylor-all-star-lt-kids-shoe', '2', 1627),
	(2378, 'essentials-full-zip-hoodie', 'essentials-full-zip-hoodie', '2', 1629),
	(2379, 'essentials-jogger-pants', 'essentials-jogger-pants', '2', 1630),
	(2380, 'converse-essentials-tee', 'converse-essentials-tee', '2', 1631),
	(2381, 'x-chocolate-tee', 'x-chocolate-tee', '2', 1632),
	(2382, 'hanging-chucks-photo-tee', 'hanging-chucks-photo-tee', '2', 1633),
	(2383, 'classics-outerspace-classics-shoes', 'classics-outerspace-classics-shoes', '2', 1634),
	(2384, 'charge-3-speaker', 'charge-3-speaker', '2', 1635),
	(2385, 'flip-4-speaker', 'flip-4-speaker', '2', 1636),
	(2386, 'xtreme-speaker', 'xtreme-speaker', '2', 1637),
	(2387, 'clip-2-speaker', 'clip-2-speaker', '2', 1638),
	(2389, 'reflect-mini-bt-headphone', 'reflect-mini-bt-headphone', '2', 1640),
	(2391, 'flip-3-speaker', 'flip-3-speaker', '2', 1642),
	(2393, 'brich-sweater-slippers', 'brich-sweater-slippers', '2', 1644),
	(2394, 'canvas-classics-shoe', 'canvas-classics-shoe', '2', 1645),
	(2395, 'chambray-wedges', 'chambray-wedges', '2', 1646),
	(2396, 'nubuck-ashland-boot', 'nubuck-ashland-boot', '2', 1647),
	(2397, 'desert-wedges', 'desert-wedges', '2', 1648),
	(2398, 'avalon-slippers-vegan', 'avalon-slippers-vegan', '2', 1649),
	(2399, 'lunata-booties', 'lunata-booties', '2', 1650),
	(2400, 'chambray-vegan-slippers', 'chambray-vegan-slippers', '2', 1651),
	(2401, 'del-rey-vegan-sneaker', 'del-rey-vegan-sneaker', '2', 1652),
	(2402, 'majorca-cutout-sandal', 'majorca-cutout-sandal', '2', 1653),
	(2403, 'leather-avalon-slipper', 'leather-avalon-slipper', '2', 1654),
	(2404, 'desert-wedges-heel', 'desert-wedges-heel', '2', 1655),
	(2405, 'leila-booties', 'leila-booties', '2', 1656),
	(2406, 'avalon-vegan-slippers', 'avalon-vegan-slippers', '2', 1657),
	(2407, 'leather-chukka-boots', 'leather-chukka-boots', '2', 1658),
	(2408, 'leila-leather-boot', 'leila-leather-boot', '2', 1659),
	(2409, 'paseo-mid-sneaker', 'paseo-mid-sneaker', '2', 1660),
	(2410, 'rust-vegan-slippers', 'rust-vegan-slippers', '2', 1661),
	(2411, 'majorca-peep-toe-booties', 'majorca-peep-toe-booties', '2', 1662),
	(2412, 'leather-ashland-boots', 'leather-ashland-boots', '2', 1663),
	(2413, 'herringbone-wool-paseo-sneakers', 'herringbone-wool-paseo-sneakers', '2', 1664),
	(2414, 'berkeley-slippers', 'berkeley-slippers', '2', 1665),
	(2415, 'chevron-cork-clarissa-wedges', 'chevron-cork-clarissa-wedges', '2', 1666),
	(2416, 'desert-wedge-heel', 'desert-wedge-heel', '2', 1667),
	(2418, 'stella-peeptoe-vegan-wedges', 'stella-peeptoe-vegan-wedges', '2', 1669),
	(2420, 'mila-boots', 'mila-boots', '2', 1671),
	(2421, 'desert-vista-boots', 'desert-vista-boots', '2', 1672),
	(2423, 'slub-chambray-lenny-sneakers', 'slub-chambray-lenny-sneakers', '2', 1674),
	(2424, 'canvas-cupsole-alpargatas-vegan-sneakers', 'canvas-cupsole-alpargatas-vegan-sneakers', '2', 1675),
	(2425, 'glimmer-classics-vegan-sneakers', 'glimmer-classics-vegan-sneakers', '2', 1676),
	(2426, 'dscwx350-camera', 'dscwx350-camera', '2', 1677),
	(2427, 'vik-lite-shirt', 'vik-lite-shirt', '2', 1678),
	(2428, 'vik-folk', 'vik-folk', '2', 1679),
	(2429, 'vidda-pro-trousers', 'vidda-pro-trousers', '2', 1680),
	(2430, 'vik-structure', 'vik-structure', '2', 1681),
	(2431, 'fjllglim-shirt', 'fjllglim-shirt', '2', 1682),
	(2432, 'kaipak-38-backpack', 'kaipak-38-backpack', '2', 1683),
	(2433, 'logo-tee', 'logo-tee', '2', 1684),
	(2434, 'mince-byron-hat', 'mince-byron-hat', '2', 1685),
	(2435, 'granit-shirt', 'granit-shirt', '2', 1686),
	(2436, 'abisko-jacket', 'abisko-jacket', '2', 1687),
	(2437, 'trekking-tee', 'trekking-tee', '2', 1688),
	(2438, 'trekking-fox-kids-tee', 'trekking-fox-kids-tee', '2', 1689),
	(2439, 'woods-sweater', 'woods-sweater', '2', 1690),
	(2440, 'lada-sweater', 'lada-sweater', '2', 1691),
	(2441, 'woodsman-cap', 'woodsman-cap', '2', 1692),
	(2442, 'skogs-jacket', 'skogs-jacket', '2', 1693),
	(2443, 'keb-gaiter-trousers-long', 'keb-gaiter-trousers-long', '2', 1694),
	(2444, 'forest-jacket-no-3', 'forest-jacket-no-3', '2', 1695),
	(2445, 'knken-bag', 'knken-bag', '2', 1696),
	(2446, 'singi-hoodie', 'singi-hoodie', '2', 1697),
	(2448, 'canvas-belt', 'canvas-belt', '2', 1699),
	(2449, 'skogs-padded-jacket', 'skogs-padded-jacket', '2', 1700),
	(2450, 'reknken-backpack', 'reknken-backpack', '2', 1701),
	(2451, 'keb-padded-jacket', 'keb-padded-jacket', '2', 1702),
	(2452, 'stig-shirt', 'stig-shirt', '2', 1703),
	(2453, 'greenland-no-1-special-edition-jacket', 'greenland-no-1-special-edition-jacket', '2', 1704),
	(2454, 'high-coast-trail-bagpack', 'high-coast-trail-bagpack', '2', 1705),
	(2455, 'kyla-parka-winter-jackets', 'kyla-parka-winter-jackets', '2', 1706),
	(2456, 'skog-shirt', 'skog-shirt', '2', 1707),
	(2457, 'barents-parka', 'barents-parka', '2', 1708),
	(2460, 'duffel-no-6-medium', 'duffel-no-6-medium', '2', 1711),
	(2461, 'nikka-trousers', 'nikka-trousers', '2', 1712),
	(2462, 'srmland-jacket', 'srmland-jacket', '2', 1713),
	(2463, 'canada-shirt', 'canada-shirt', '2', 1714),
	(2464, 'vik-shoulder-bag', 'vik-shoulder-bag', '2', 1715),
	(2465, 'kaipak-28-backpack', 'kaipak-28-backpack', '2', 1716),
	(2466, 'rucksack-no21-large-backpack', 'rucksack-no21-large-backpack', '2', 1717),
	(2467, 'keb-trekking-belt', 'keb-trekking-belt', '2', 1718),
	(2468, 'knken-mini-backpack', 'knken-mini-backpack', '2', 1719),
	(2469, 'stina-fleece-jacket', 'stina-fleece-jacket', '2', 1720),
	(2470, 'luhkka-cape', 'luhkka-cape', '2', 1721),
	(2471, 'sten-fleece-sweater', 'sten-fleece-sweater', '2', 1722),
	(2472, 'meadow-tee', 'meadow-tee', '2', 1723),
	(2473, 'save-the-arctic-fox-knken', 'save-the-arctic-fox-knken', '2', 1724),
	(2474, 'vik-knit-crew-sweater', 'vik-knit-crew-sweater', '2', 1725),
	(2475, 'heater-nordic-hat', 'heater-nordic-hat', '2', 1726),
	(2476, 'rven-20l-backpacks', 'rven-20l-backpacks', '2', 1727),
	(2477, 'equipment-block-tee', 'equipment-block-tee', '2', 1728),
	(2478, 'kajka-75-w-backpack', 'kajka-75-w-backpack', '2', 1729),
	(2479, 'stubben-backpack', 'stubben-backpack', '2', 1730),
	(2480, 'travel-wallet', 'travel-wallet', '2', 1731),
	(2481, 'abisko-vent-tshirt', 'abisko-vent-tshirt', '2', 1732),
	(2482, 'vik-knit-sweater', 'vik-knit-sweater', '2', 1733),
	(2483, 'vrmland-sweater', 'vrmland-sweater', '2', 1734),
	(2484, 'yupik-parka-hoodie', 'yupik-parka-hoodie', '2', 1735),
	(2485, 'keb-ecoshell-jacket', 'keb-ecoshell-jacket', '2', 1736),
	(2486, 'splitpack-large', 'splitpack-large', '2', 1737),
	(2487, 'singi-fleece-hoodie', 'singi-fleece-hoodie', '2', 1738),
	(2488, 'forest-jacket-no-3', 'forest-jacket-no-3', '2', 1739),
	(2489, 'smock-no-1-jacket', 'smock-no-1-jacket', '2', 1740),
	(2490, 'arktis-parka', 'arktis-parka', '2', 1741),
	(2491, 'friluft-45-backpack', 'friluft-45-backpack', '2', 1742),
	(2492, 'totepack-no-1-bags', 'totepack-no-1-bags', '2', 1743),
	(2493, 'greenland-no-1-special-edition-hoodie', 'greenland-no-1-special-edition-hoodie', '2', 1744),
	(2494, 'sarek-25-cm-belt', 'sarek-25-cm-belt', '2', 1745),
	(2495, 'rembourr-skogs-jacket', 'rembourr-skogs-jacket', '2', 1746),
	(2496, 'vik-wallet', 'vik-wallet', '2', 1747),
	(2497, 'xbr49x800e-smart-tv', 'xbr49x800e-smart-tv', '2', 1748),
	(2498, 'xbr55x800e-smart-tv', 'xbr55x800e-smart-tv', '2', 1749),
	(2500, 'xbr65a1e-smart-tv', 'xbr65a1e-smart-tv', '2', 1751),
	(2501, 'xbr77a1e-smart-tv', 'xbr77a1e-smart-tv', '2', 1752),
	(2502, 'xbr65x850d-smart-tv', 'xbr65x850d-smart-tv', '2', 1753),
	(2503, 'hx90v-compact', 'hx90v-compact', '2', 1754),
	(2504, 'xbr75x850d-smart-tv', 'xbr75x850d-smart-tv', '2', 1755),
	(2505, 'mdrex15lp-headphone', 'mdrex15lp-headphone', '2', 1756),
	(2506, 'xbr85x850d-smart-tv', 'xbr85x850d-smart-tv', '2', 1757),
	(2507, 'pixma-ts9120-printer', 'pixma-ts9120-printer', '2', 1758),
	(2508, 'xbr55x700d-smart-tv', 'xbr55x700d-smart-tv', '2', 1759),
	(2510, 'xbr75z9d-television', 'xbr75z9d-television', '2', 1761),
	(2512, 'xbr65z9d-television', 'xbr65z9d-television', '2', 1763),
	(2513, 'xbr65x750d-smart-tv', 'xbr65x750d-smart-tv', '2', 1764),
	(2520, 'kd70x690e-television', 'kd70x690e-television', '2', 1771),
	(2521, 'nwe394-walkman', 'nwe394-walkman', '2', 1772),
	(2522, 'xbr55x930e-television', 'xbr55x930e-television', '2', 1773),
	(2523, 'xbr65x930e-television', 'xbr65x930e-television', '2', 1774),
	(2528, 'nwe395-walkman', 'nwe395-walkman', '2', 1779),
	(2529, 'smart-tv-kd49x720e', 'smart-tv-kd49x720e', '2', 1780),
	(2530, 'kd55x720e-smart-tv', 'kd55x720e-smart-tv', '2', 1781),
	(2531, 'kdl48w650d-smart-tv', 'kdl48w650d-smart-tv', '2', 1782),
	(2532, 'xbr75x850e-smart-tv', 'xbr75x850e-smart-tv', '2', 1783),
	(2533, 'xbr55x900e-smart-tv', 'xbr55x900e-smart-tv', '2', 1784),
	(2535, 'xbr65x900e-smart-tv', 'xbr65x900e-smart-tv', '2', 1786),
	(2536, 'xbr75x900e-smart-tv', 'xbr75x900e-smart-tv', '2', 1787),
	(2540, 'eos-rebel-t6-dslr', 'eos-rebel-t6-dslr', '2', 1791),
	(2541, 'efm-55200mm-f4563-is-stm-lens', 'efm-55200mm-f4563-is-stm-lens', '2', 1792),
	(2542, 'powershot-elph-180-compact', 'powershot-elph-180-compact', '2', 1793),
	(2543, 'eos-77d-dslr', 'eos-77d-dslr', '2', 1794),
	(2545, 'powershot-elph-360-hs-compact', 'powershot-elph-360-hs-compact', '2', 1796),
	(2546, 'eos-80d-dslr', 'eos-80d-dslr', '2', 1797),
	(2547, 'speedlite-600ex-iirt-flash', 'speedlite-600ex-iirt-flash', '2', 1798),
	(2548, 'eos-6d-dslr', 'eos-6d-dslr', '2', 1799),
	(2549, 'efs-1585mm-f3556-is-usm-lens', 'efs-1585mm-f3556-is-usm-lens', '2', 1800),
	(2550, 'eos-rebel-t6i-dslr', 'eos-rebel-t6i-dslr', '2', 1801),
	(2551, 'efs-55250mm-f456-is-stm-lens', 'efs-55250mm-f456-is-stm-lens', '2', 1802),
	(2552, 'elph-190-is-compact', 'elph-190-is-compact', '2', 1803),
	(2553, 'eos-m100-hybrid', 'eos-m100-hybrid', '2', 1804),
	(2554, 'powershot-g7-x-mark-ii-compact', 'powershot-g7-x-mark-ii-compact', '2', 1805),
	(2555, 'eos-rebel-t5i-dslr', 'eos-rebel-t5i-dslr', '2', 1806),
	(2556, 'dscw800-compact-camera', 'dscw800-compact-camera', '2', 1807),
	(2557, 'pixma-mg3020-printers', 'pixma-mg3020-printers', '2', 1808),
	(2558, 'eos-m10-dslr', 'eos-m10-dslr', '2', 1809),
	(2559, 'eos-rebel-sl2-dslr', 'eos-rebel-sl2-dslr', '2', 1810),
	(2560, 'imageclass-mf217w', 'imageclass-mf217w', '2', 1811),
	(2561, 'ef-2470mm-f28l-ii-usm-lens', 'ef-2470mm-f28l-ii-usm-lens', '2', 1812),
	(2562, 'imageclass-mf632cdw', 'imageclass-mf632cdw', '2', 1813),
	(2563, 'ef-75300mm-f4056-iii-lens', 'ef-75300mm-f4056-iii-lens', '2', 1814),
	(2564, 'ef-1635mm-f28l-iii-usm-lens', 'ef-1635mm-f28l-iii-usm-lens', '2', 1815),
	(2565, 'ef-1740mm-f4l-usm-lens', 'ef-1740mm-f4l-usm-lens', '2', 1816),
	(2566, 'pixma-g3200-printers', 'pixma-g3200-printers', '2', 1817),
	(2567, 'eos-m6-dslr', 'eos-m6-dslr', '2', 1818),
	(2568, 'pixma-ts5020-printers', 'pixma-ts5020-printers', '2', 1819),
	(2569, 'imageclass-mf247dw', 'imageclass-mf247dw', '2', 1820),
	(2570, 'pixma-g4200-printers', 'pixma-g4200-printers', '2', 1821),
	(2571, 'eos-rebel-sl2-dslr', 'eos-rebel-sl2-dslr', '2', 1822),
	(2572, 'powershot-sx420-is-bridge', 'powershot-sx420-is-bridge', '2', 1823),
	(2573, 'imageclass-mf624cw', 'imageclass-mf624cw', '2', 1824),
	(2574, 'eos-m5-dslr', 'eos-m5-dslr', '2', 1825),
	(2575, 'efm-1545mm-f3563-is-stm-lens', 'efm-1545mm-f3563-is-stm-lens', '2', 1826),
	(2576, 'eos-rebel-t6s-dslr', 'eos-rebel-t6s-dslr', '2', 1827),
	(2577, 'imageclass-mf634cdw', 'imageclass-mf634cdw', '2', 1828),
	(2578, 'ef-50mm-f12l-usm-lens', 'ef-50mm-f12l-usm-lens', '2', 1829),
	(2579, 'ef-24105mm-f4l-is-ii-usm-lens', 'ef-24105mm-f4l-is-ii-usm-lens', '2', 1830),
	(2580, 'ef-50mm-f-18-stm-lens', 'ef-50mm-f-18-stm-lens', '2', 1831),
	(2581, 'speedlite-430ex-iiirt-flash', 'speedlite-430ex-iiirt-flash', '2', 1832),
	(2582, 'efs-24mm-f28-stm-lens', 'efs-24mm-f28-stm-lens', '2', 1833),
	(2583, 'pixma-ts5120-printers', 'pixma-ts5120-printers', '2', 1834),
	(2584, 'electronic-viewfinder-evfdc2', 'electronic-viewfinder-evfdc2', '2', 1835),
	(2585, 'pixma-ts6020-printer', 'pixma-ts6020-printer', '2', 1836),
	(2586, 'ef-24105mm-f3556-is-stm-lens', 'ef-24105mm-f3556-is-stm-lens', '2', 1837),
	(2587, 'ef-70200mm-f28l-is-ii-usm-lens', 'ef-70200mm-f28l-is-ii-usm-lens', '2', 1838),
	(2588, 'imageclass-mf249dw', 'imageclass-mf249dw', '2', 1839),
	(2589, 'pixma-g2200-printer', 'pixma-g2200-printer', '2', 1840),
	(2590, 'efm-28mm-f35-macro-is-stm-lens', 'efm-28mm-f35-macro-is-stm-lens', '2', 1841),
	(2591, 'speedlite-430ex-iiirt-flash', 'speedlite-430ex-iiirt-flash', '2', 1842),
	(2592, 'pixma-ts9020-printer', 'pixma-ts9020-printer', '2', 1843),
	(2593, 'eos-rebel-t7i-dslr', 'eos-rebel-t7i-dslr', '2', 1844),
	(2595, 'afp-dx-1020mm-f4556g-vr-nikkor', 'afp-dx-1020mm-f4556g-vr-nikkor', '2', 1846),
	(2596, 'd3400-dslr', 'd3400-dslr', '2', 1847),
	(2599, 'd500-dslr', 'd500-dslr', '2', 1850),
	(2600, 'powershot-sx720-hs-compact', 'powershot-sx720-hs-compact', '2', 1851),
	(2601, 'afs-dx-18200mm-f3556g-ed-vr-ii-nikkor', 'afs-dx-18200mm-f3556g-ed-vr-ii-nikkor', '2', 1852),
	(2602, 'coolpix-s33-compact', 'coolpix-s33-compact', '2', 1853),
	(2603, 'ef-100mm-f28l-macro-is-usm-lens', 'ef-100mm-f28l-macro-is-usm-lens', '2', 1854),
	(2604, 'afs-nikkor-50mm-f18g', 'afs-nikkor-50mm-f18g', '2', 1855),
	(2607, 'ef-70200mm-f-4l-usm-lens', 'ef-70200mm-f-4l-usm-lens', '2', 1858),
	(2608, 'afs-nikkor-35mm-f18g-ed', 'afs-nikkor-35mm-f18g-ed', '2', 1859),
	(2609, 'keymission-mini-tripod', 'keymission-mini-tripod', '2', 1860),
	(2610, 'af-nikkor-50mm-f18d', 'af-nikkor-50mm-f18d', '2', 1861),
	(2611, 'afs-vr-70300mm-f4556g-ifed-zoomnikkor', 'afs-vr-70300mm-f4556g-ifed-zoomnikkor', '2', 1862),
	(2612, 'aa14a-lens-protector', 'aa14a-lens-protector', '2', 1863),
	(2613, 'afs-dx-55200mm-f456g-ed-vr-ii-nikkor', 'afs-dx-55200mm-f456g-ed-vr-ii-nikkor', '2', 1864),
	(2614, 'd7200-dslr', 'd7200-dslr', '2', 1865),
	(2615, 'eos-6d-mark-ii-dslr', 'eos-6d-mark-ii-dslr', '2', 1866),
	(2616, 'afs-nikkor-70200mm-f4g-ed-vr-lens', 'afs-nikkor-70200mm-f4g-ed-vr-lens', '2', 1867),
	(2617, 'afs-dx-vr-zoomnikkor-18200mm-f3556g-ifed-lens', 'afs-dx-vr-zoomnikkor-18200mm-f3556g-ifed-lens', '2', 1868),
	(2618, 'afs-dx-nikkor-1685mm-f3556g-ed-vr-lens', 'afs-dx-nikkor-1685mm-f3556g-ed-vr-lens', '2', 1869),
	(2619, 'aa8-chest-mount', 'aa8-chest-mount', '2', 1870),
	(2620, 'aa13-wristband', 'aa13-wristband', '2', 1871),
	(2621, 'aa4-camera-holder', 'aa4-camera-holder', '2', 1872),
	(2622, 'aa9-surfboard-mount', 'aa9-surfboard-mount', '2', 1873),
	(2623, 'lada-sweater', 'lada-sweater', '2', 1874),
	(2624, 'pixma-mg3620-printer', 'pixma-mg3620-printer', '2', 1875),
	(2626, 'pixma-tr8520-printer', 'pixma-tr8520-printer', '2', 1877),
	(2628, 'imageclass-lbp251dw', 'imageclass-lbp251dw', '2', 1879),
	(2629, 'afp-dx-1855mm-f3556g-nikkor', 'afp-dx-1855mm-f3556g-nikkor', '2', 1880),
	(2630, 'sarek-flannel-shirt', 'sarek-flannel-shirt', '2', 1881),
	(2631, 'imageclass-d1550', 'imageclass-d1550', '2', 1882),
	(2632, 'aa1a-base-adapter', 'aa1a-base-adapter', '2', 1883),
	(2633, 'henley-lappland-sweatshirts', 'henley-lappland-sweatshirts', '2', 1884),
	(2634, 'afs-50mm-f14g-nikkor', 'afs-50mm-f14g-nikkor', '2', 1885),
	(2635, 'maxify-mb5420', 'maxify-mb5420', '2', 1886),
	(2636, 'duffel-no4-sports-bag', 'duffel-no4-sports-bag', '2', 1887),
	(2637, 'afp-dx-70300mm-f4563g-ed-nikkor', 'afp-dx-70300mm-f4563g-ed-nikkor', '2', 1888),
	(2638, 'faxphone-l100', 'faxphone-l100', '2', 1889),
	(2639, 'afs-dx-micro-85mm-f35g-ed-vr-nikkor', 'afs-dx-micro-85mm-f35g-ed-vr-nikkor', '2', 1890),
	(2640, 'coolpix-a10-compact', 'coolpix-a10-compact', '2', 1891),
	(2641, '1-nikkor-vr-30110mm-f3856', '1-nikkor-vr-30110mm-f3856', '2', 1892),
	(2642, 'scantini-imageformula-p208ii', 'scantini-imageformula-p208ii', '2', 1893),
	(2643, 'kyl-parka', 'kyl-parka', '2', 1894),
	(2644, '1-nikkor-aw-10mm-f28', '1-nikkor-aw-10mm-f28', '2', 1895),
	(2645, 'srmland-crew-sweater', 'srmland-crew-sweater', '2', 1896),
	(2646, 'crowley-piqu-shirt', 'crowley-piqu-shirt', '2', 1897),
	(2647, 'd5500-dslr', 'd5500-dslr', '2', 1898),
	(2648, '1-nikkor-10100mm-f4056-vr', '1-nikkor-10100mm-f4056-vr', '2', 1899),
	(2649, 'afs-nikkor-2470mm-f28e-ed-vr', 'afs-nikkor-2470mm-f28e-ed-vr', '2', 1900),
	(2650, 'high-coast-24-backpack', 'high-coast-24-backpack', '2', 1901),
	(2651, 'knken-laptop-17-backpack', 'knken-laptop-17-backpack', '2', 1902),
	(2652, 'abisko-hybrid-windbreaker', 'abisko-hybrid-windbreaker', '2', 1903),
	(2653, 'byron-hat-thin', 'byron-hat-thin', '2', 1904),
	(2654, 'vik-sweater-w', 'vik-sweater-w', '2', 1905),
	(2655, 'abisko-padded-vest', 'abisko-padded-vest', '2', 1906),
	(2657, 'pro-headphone', 'pro-headphone', '2', 1908),
	(2658, 'jacket-no-68', 'jacket-no-68', '2', 1909),
	(2659, 'vik-chambray-shirt', 'vik-chambray-shirt', '2', 1910),
	(2660, 'barents-pro-jeans', 'barents-pro-jeans', '2', 1911),
	(2662, 'afs-dx-micronikkor-40mm-f28g', 'afs-dx-micronikkor-40mm-f28g', '2', 1913),
	(2663, 'vik-fleece-hoodie', 'vik-fleece-hoodie', '2', 1914),
	(2664, 'afs-dx-18140mm-f3556g-ed-vr-nikkor', 'afs-dx-18140mm-f3556g-ed-vr-nikkor', '2', 1915),
	(2665, 'vik-lite-vest', 'vik-lite-vest', '2', 1916),
	(2666, 'vik-3-in-1-jacket', 'vik-3-in-1-jacket', '2', 1917),
	(2667, 'alphabotanical-tshirt-w', 'alphabotanical-tshirt-w', '2', 1918),
	(2668, 'afs-dx-nikkor-18140mm-f3556g-ed-vr', 'afs-dx-nikkor-18140mm-f3556g-ed-vr', '2', 1919),
	(2669, 'ur3-headphones', 'ur3-headphones', '2', 1920),
	(2670, 'knken-no-2-laptop-15-backpack', 'knken-no-2-laptop-15-backpack', '2', 1921),
	(2671, 'kyla-parka', 'kyla-parka', '2', 1922),
	(2672, 'nuuk-parka-jacket', 'nuuk-parka-jacket', '2', 1923),
	(2673, 'vik-frost-cardigan-w', 'vik-frost-cardigan-w', '2', 1924),
	(2674, 'afs-1635mm-f4g-ed-vr-nikkor', 'afs-1635mm-f4g-ed-vr-nikkor', '2', 1925),
	(2675, 'yupik-parka-jacket', 'yupik-parka-jacket', '2', 1926),
	(2676, 'abisko-trekking-tights', 'abisko-trekking-tights', '2', 1927),
	(2677, 'vik-pocket-tshirt', 'vik-pocket-tshirt', '2', 1928),
	(2678, 'pill-plus-speakers', 'pill-plus-speakers', '2', 1929),
	(2679, 'high-coast-wind-jacket', 'high-coast-wind-jacket', '2', 1930),
	(2680, 'rven-jacket', 'rven-jacket', '2', 1931),
	(2681, 'm535-mouse', 'm535-mouse', '2', 1932),
	(2682, 'abisko-hybrid-windbreaker', 'abisko-hybrid-windbreaker', '2', 1933),
	(2683, 'vik-3-in-1-parka-w', 'vik-3-in-1-parka-w', '2', 1934),
	(2684, 'g610-keyboard', 'g610-keyboard', '2', 1935),
	(2685, 'kajka-65-w-backpack', 'kajka-65-w-backpack', '2', 1936),
	(2686, 'studio-3-headphones', 'studio-3-headphones', '2', 1937),
	(2687, 'performance-mouse-mx', 'performance-mouse-mx', '2', 1938),
	(2688, 'keb-ecoshell-jacket-w', 'keb-ecoshell-jacket-w', '2', 1939),
	(2689, 'foldsack-no1-backpack', 'foldsack-no1-backpack', '2', 1940),
	(2690, 'murena-silver-belt', 'murena-silver-belt', '2', 1941),
	(2691, 'beatsx-headphone', 'beatsx-headphone', '2', 1942),
	(2692, 'duffel-no-6-small-bag', 'duffel-no-6-small-bag', '2', 1943),
	(2693, 'snow-flake-parka', 'snow-flake-parka', '2', 1944),
	(2694, 'vik-zip-cardigan-w', 'vik-zip-cardigan-w', '2', 1945),
	(2695, 'no-2-totepack', 'no-2-totepack', '2', 1946),
	(2696, 'harmony-650-remote', 'harmony-650-remote', '2', 1947),
	(2697, 'g29-driving-force', 'g29-driving-force', '2', 1948),
	(2698, 'g910-orion-spectrum-keyboard', 'g910-orion-spectrum-keyboard', '2', 1949),
	(2699, 'greenland-no1-jacket', 'greenland-no1-jacket', '2', 1950),
	(2700, 'g810-orion-spectrum', 'g810-orion-spectrum', '2', 1951),
	(2702, 'wireless-combo-mk270', 'wireless-combo-mk270', '2', 1953),
	(2703, 'yupik-parka', 'yupik-parka', '2', 1954),
	(2704, 'z906-51-speakers-system', 'z906-51-speakers-system', '2', 1955),
	(2705, 'g502-proteus-spectrum', 'g502-proteus-spectrum', '2', 1956),
	(2706, 'g903-gaming-mouse', 'g903-gaming-mouse', '2', 1957),
	(2711, 'k360-keyboard', 'k360-keyboard', '2', 1962),
	(2712, 'keystogo', 'keystogo', '2', 1963),
	(2713, 'z313-speaker-system', 'z313-speaker-system', '2', 1964),
	(2714, 'g430-headphone', 'g430-headphone', '2', 1965),
	(2715, 'k840-keyboard', 'k840-keyboard', '2', 1966),
	(2716, 'wireless-mouse-m510', 'wireless-mouse-m510', '2', 1967),
	(2717, 'g203-prodigy', 'g203-prodigy', '2', 1968),
	(2718, 'g920-driving-force', 'g920-driving-force', '2', 1969),
	(2720, 'hd-pro-webcam-c920', 'hd-pro-webcam-c920', '2', 1971),
	(2721, 'harmony-companion', 'harmony-companion', '2', 1972),
	(2722, 'wireless-mouse-m525', 'wireless-mouse-m525', '2', 1973),
	(2723, 'z506-speaker-system', 'z506-speaker-system', '2', 1974),
	(2724, 'mx-master-2s', 'mx-master-2s', '2', 1975),
	(2725, 'illuminated-livingroom-keyboard-k830', 'illuminated-livingroom-keyboard-k830', '2', 1976),
	(2726, 'c922-pro-stream-webcam', 'c922-pro-stream-webcam', '2', 1977),
	(2727, 'mouse-pad-g440', 'mouse-pad-g440', '2', 1978),
	(2728, 'keyboard-g910-orion-spark', 'keyboard-g910-orion-spark', '2', 1979),
	(2729, 'gamepad-f710', 'gamepad-f710', '2', 1980),
	(2730, 'g933-game-headset', 'g933-game-headset', '2', 1981),
	(2731, 'c270-hd-webcam', 'c270-hd-webcam', '2', 1982),
	(2732, 'harmony-elite-remote-control', 'harmony-elite-remote-control', '2', 1983),
	(2733, 'g233-prodigy-gaming-headset', 'g233-prodigy-gaming-headset', '2', 1984),
	(2734, 'mx-anywhere-2s-mouse', 'mx-anywhere-2s-mouse', '2', 1985),
	(2735, 'usb-headset-h390', 'usb-headset-h390', '2', 1986),
	(2736, 'solar-keyboard-k750', 'solar-keyboard-k750', '2', 1987),
	(2737, 'k400-professional-keyboard', 'k400-professional-keyboard', '2', 1988),
	(2738, 'z623-speaker-system', 'z623-speaker-system', '2', 1989),
	(2739, 'z323-speaker-system', 'z323-speaker-system', '2', 1990),
	(2740, 'k780-multidevice-keyboard', 'k780-multidevice-keyboard', '2', 1991),
	(2741, 'g703-gaming-mouse', 'g703-gaming-mouse', '2', 1992),
	(2742, 'wireless-desktop-mk320', 'wireless-desktop-mk320', '2', 1993),
	(2743, 'z150-stereo-speakers', 'z150-stereo-speakers', '2', 1994),
	(2744, 'corded-mouse-m500', 'corded-mouse-m500', '2', 1995),
	(2745, 'type-case-with-keyboard', 'type-case-with-keyboard', '2', 1996),
	(2746, 'usb-headset-h540', 'usb-headset-h540', '2', 1997),
	(2747, 'wireless-headset-h600', 'wireless-headset-h600', '2', 1998),
	(2748, 'z213-21-speaker-system', 'z213-21-speaker-system', '2', 1999),
	(2749, 'z533-speaker-system', 'z533-speaker-system', '2', 2000),
	(2750, 'k800-wireless-keyboard', 'k800-wireless-keyboard', '2', 2001),
	(2751, 'g600-mmo-gaming-mouse', 'g600-mmo-gaming-mouse', '2', 2002),
	(2752, 'wireless-mini-mouse-m187', 'wireless-mini-mouse-m187', '2', 2003),
	(2753, 'livingroom-keyboard-k830', 'livingroom-keyboard-k830', '2', 2004),
	(2754, 'extreme-3d-pro-joystick', 'extreme-3d-pro-joystick', '2', 2005),
	(2755, 'mk710-desktop-combo', 'mk710-desktop-combo', '2', 2006),
	(2756, '4k-pro-webcam', '4k-pro-webcam', '2', 2007),
	(2757, 'wireless-combo-mk520', 'wireless-combo-mk520', '2', 2008),
	(2758, 'multidevice-k480-keyboard', 'multidevice-k480-keyboard', '2', 2009),
	(2759, 'k380-bluetooth-keyboard', 'k380-bluetooth-keyboard', '2', 2010),
	(2760, 'wireless-mouse-m525', 'wireless-mouse-m525', '2', 2011),
	(2761, 'm187-mini-mouse', 'm187-mini-mouse', '2', 2012),
	(2762, 'driving-force-shifter', 'driving-force-shifter', '2', 2013),
	(2763, 'marathon-m705-mouse', 'marathon-m705-mouse', '2', 2014),
	(2764, 'solar-keyboard-k750', 'solar-keyboard-k750', '2', 2015),
	(2765, 'stereo-headset-h151', 'stereo-headset-h151', '2', 2016),
	(2766, 'harmony-home-hub-extender', 'harmony-home-hub-extender', '2', 2017),
	(2767, 'z50-portable-speaker', 'z50-portable-speaker', '2', 2018),
	(2768, 'g213-prodigy-keyboard', 'g213-prodigy-keyboard', '2', 2019),
	(2769, 'hd-webcam-c310', 'hd-webcam-c310', '2', 2020),
	(2770, 'g240-mouse-pad', 'g240-mouse-pad', '2', 2021),
	(2771, 'large-mouse-pad-g640', 'large-mouse-pad-g640', '2', 2022),
	(2772, 'ultrathin-folio-keyboard', 'ultrathin-folio-keyboard', '2', 2023),
	(2773, 'z337-speaker-systeme', 'z337-speaker-systeme', '2', 2024),
	(2774, 'g433-wired-gaming-headset', 'g433-wired-gaming-headset', '2', 2025),
	(2775, 'hd-webcam-c525', 'hd-webcam-c525', '2', 2026),
	(2776, 'x52-professional-hotas', 'x52-professional-hotas', '2', 2027),
	(2777, 'headset-h800', 'headset-h800', '2', 2028),
	(2778, 'harmony-350-control', 'harmony-350-control', '2', 2029),
	(2779, 'wireless-presenter-r400', 'wireless-presenter-r400', '2', 2030),
	(2780, 'x56-hotas-controller', 'x56-hotas-controller', '2', 2031),
	(2781, 'performance-combo-mx800', 'performance-combo-mx800', '2', 2032),
	(2782, 'mk850-performance-keybord-and-mouse', 'mk850-performance-keybord-and-mouse', '2', 2033),
	(2784, 'flight-radio-panel-controller', 'flight-radio-panel-controller', '2', 2035),
	(2785, 'mouse-m510', 'mouse-m510', '2', 2036),
	(2786, 'base-charging-stand', 'base-charging-stand', '2', 2037),
	(2787, 'f310-gamepad', 'f310-gamepad', '2', 2038),
	(2788, 'g230-headset', 'g230-headset', '2', 2039),
	(2789, 'g213-prodigy-keyboard', 'g213-prodigy-keyboard', '2', 2040),
	(2790, 'bcc950-webcam', 'bcc950-webcam', '2', 2041),
	(2791, 'h110-headset', 'h110-headset', '2', 2042),
	(2792, 'g633-artemis-spectrum-headset', 'g633-artemis-spectrum-headset', '2', 2043),
	(2793, 'wave-combo-k550-keyboard', 'wave-combo-k550-keyboard', '2', 2044),
	(2794, 'connect-conferencecam', 'connect-conferencecam', '2', 2045),
	(2795, 'm585-mouse', 'm585-mouse', '2', 2046),
	(2796, 'z200-speakers', 'z200-speakers', '2', 2047),
	(2797, 'horizons-pine-jacket', 'horizons-pine-jacket', '2', 2048),
	(2798, 'm720-triathlon', 'm720-triathlon', '2', 2049),
	(2799, 'adventure-bound-shirt', 'adventure-bound-shirt', '2', 2050),
	(2800, 'alpine-escape-550-turbodown-jacket', 'alpine-escape-550-turbodown-jacket', '2', 2051),
	(2801, 'trackball-m570', 'trackball-m570', '2', 2052),
	(2802, 'emanating-light-tank', 'emanating-light-tank', '2', 2053),
	(2803, 'pilsner-peak-shirt', 'pilsner-peak-shirt', '2', 2054),
	(2804, 'carson-pass-jacket', 'carson-pass-jacket', '2', 2055),
	(2805, 'bugaboot-ii-boot', 'bugaboot-ii-boot', '2', 2056),
	(2806, 'early-tide-scarf', 'early-tide-scarf', '2', 2057),
	(2807, 'ats-trail-lite-waterproof-shoe', 'ats-trail-lite-waterproof-shoe', '2', 2058),
	(2808, 'ice-drifter-hooded', 'ice-drifter-hooded', '2', 2059),
	(2809, 'cullman-crest-tee', 'cullman-crest-tee', '2', 2060),
	(2811, 'bugaboo-ii-pant', 'bugaboo-ii-pant', '2', 2062),
	(2812, 'peakfreak-venture-mid-omniheat-boot', 'peakfreak-venture-mid-omniheat-boot', '2', 2063),
	(2814, 'kenzie-cove-short', 'kenzie-cove-short', '2', 2065),
	(2815, 'new-utilizer-polo', 'new-utilizer-polo', '2', 2066),
	(2816, '550-turbodown-jacket', '550-turbodown-jacket', '2', 2067),
	(2817, 'firecamp-sledder-ii-shoe', 'firecamp-sledder-ii-shoe', '2', 2068),
	(2818, 'adera-inner-luminosity-hoodie', 'adera-inner-luminosity-hoodie', '2', 2069),
	(2819, 'bugaboo-ii-pant-tall', 'bugaboo-ii-pant-tall', '2', 2070),
	(2820, 'ponte-ii-pant', 'ponte-ii-pant', '2', 2071),
	(2821, 'whirlibird-mitten', 'whirlibird-mitten', '2', 2072),
	(2822, 'anytime-outdoor-pant', 'anytime-outdoor-pant', '2', 2073),
	(2823, 'trail-shaker-tee', 'trail-shaker-tee', '2', 2074),
	(2824, 'outdry-ex-eco-jacket', 'outdry-ex-eco-jacket', '2', 2075),
	(2825, 'zero-rules-tee-tall', 'zero-rules-tee-tall', '2', 2076),
	(2826, 'place-to-place-shirt', 'place-to-place-shirt', '2', 2077),
	(2827, 'outdry-ex-gold-tech-shell', 'outdry-ex-gold-tech-shell', '2', 2078),
	(2828, 'castella-peak-hoodie', 'castella-peak-hoodie', '2', 2079),
	(2829, 'ats-trail-lf92-shoe', 'ats-trail-lf92-shoe', '2', 2080),
	(2830, 'watertight-ii-jacket', 'watertight-ii-jacket', '2', 2081),
	(2831, 'watertight-ii-jacket', 'watertight-ii-jacket', '2', 2082),
	(2832, 'peak-ascend-hybrid-jacket', 'peak-ascend-hybrid-jacket', '2', 2083),
	(2833, 'alpine-action-jacket', 'alpine-action-jacket', '2', 2084),
	(2834, 'heavenly-long-hooded-jacket', 'heavenly-long-hooded-jacket', '2', 2085),
	(2835, 'silver-ridge-stretch-pant', 'silver-ridge-stretch-pant', '2', 2086),
	(2836, 'great-hart-mountain-iii-sweater', 'great-hart-mountain-iii-sweater', '2', 2087),
	(2837, 'whirlibird-interchange-jacket', 'whirlibird-interchange-jacket', '2', 2088),
	(2838, 'silver-ridge-short', 'silver-ridge-short', '2', 2089),
	(2839, 'heavenly-vest', 'heavenly-vest', '2', 2090),
	(2840, 'trail-summit-running-glove', 'trail-summit-running-glove', '2', 2091),
	(2841, 'siren-splash-coverup', 'siren-splash-coverup', '2', 2092),
	(2842, 'peakfreak-venture-omniheat-boot', 'peakfreak-venture-omniheat-boot', '2', 2093),
	(2843, 'ats-trail-lite-shoe', 'ats-trail-lite-shoe', '2', 2094),
	(2844, 'falls-590-turbodown-jacket-plus-size', 'falls-590-turbodown-jacket-plus-size', '2', 2095),
	(2845, 'benton-springs-vest', 'benton-springs-vest', '2', 2096),
	(2846, 'lay-d-down-jacket', 'lay-d-down-jacket', '2', 2097),
	(2847, 'barlow-pass-550-turbodown-jacket', 'barlow-pass-550-turbodown-jacket', '2', 2098),
	(2848, 'vulc-n-vent-shore-shoe', 'vulc-n-vent-shore-shoe', '2', 2099),
	(2849, 'arcadia-ii-rain-jacket', 'arcadia-ii-rain-jacket', '2', 2100),
	(2850, 'carson-pass-ii-jacket', 'carson-pass-ii-jacket', '2', 2101),
	(2851, 'deschutes-river-shirt', 'deschutes-river-shirt', '2', 2102),
	(2852, 'ventrailia-razor-outdry-shoe', 'ventrailia-razor-outdry-shoe', '2', 2103),
	(2853, 'minx-shorty-alta-omniheat-boot', 'minx-shorty-alta-omniheat-boot', '2', 2104),
	(2854, 'peakfreak-xcrsn-ii-xcel-outdry-shoe', 'peakfreak-xcrsn-ii-xcel-outdry-shoe', '2', 2105),
	(2856, 'river-hoodie', 'river-hoodie', '2', 2107),
	(2857, 'alpine-action-omniheat-jacket-plus-size', 'alpine-action-omniheat-jacket-plus-size', '2', 2108),
	(2858, 'shimmering-light-shirt', 'shimmering-light-shirt', '2', 2109),
	(2859, 'minx-mid-ii-omniheat-boot', 'minx-mid-ii-omniheat-boot', '2', 2110),
	(2860, 'carson-pass-beanie', 'carson-pass-beanie', '2', 2111),
	(2861, 'easygoing-cowl-tunic', 'easygoing-cowl-tunic', '2', 2112),
	(2862, 'global-adventure-iii-pant', 'global-adventure-iii-pant', '2', 2113),
	(2863, 'csc-stamp-tee-big', 'csc-stamp-tee-big', '2', 2114),
	(2864, 'alpine-vista-jacket', 'alpine-vista-jacket', '2', 2115),
	(2865, 'hideaway-haven-beanie', 'hideaway-haven-beanie', '2', 2116),
	(2866, 'saturday-trail-ii-plaid-short', 'saturday-trail-ii-plaid-short', '2', 2117),
	(2867, 'ridge-flannel-shirt', 'ridge-flannel-shirt', '2', 2118),
	(2868, 'silver-ridge-shirt', 'silver-ridge-shirt', '2', 2119),
	(2869, 'bluff-pant', 'bluff-pant', '2', 2120),
	(2870, 'cornell-woods-shirt', 'cornell-woods-shirt', '2', 2121),
	(2871, 'arcadia-casual-jacket', 'arcadia-casual-jacket', '2', 2122),
	(2872, 'arcadia-ii-rain-jacket', 'arcadia-ii-rain-jacket', '2', 2123),
	(2873, 'heavenly-glove', 'heavenly-glove', '2', 2124),
	(2874, 'fire-venture-boot-mid', 'fire-venture-boot-mid', '2', 2125),
	(2875, 'pine-mountain-beanie', 'pine-mountain-beanie', '2', 2126),
	(2876, 'outerspaced-ii-hoodie', 'outerspaced-ii-hoodie', '2', 2127),
	(2877, 'ats-trail-lf92-outdry-shoes', 'ats-trail-lf92-outdry-shoes', '2', 2128),
	(2878, 'altitude-aspect-sweater', 'altitude-aspect-sweater', '2', 2129),
	(2879, 'splendid-summer-hat', 'splendid-summer-hat', '2', 2130),
	(2880, 'bugaboo-omniheat-pant', 'bugaboo-omniheat-pant', '2', 2131),
	(2881, 'fast-trek-ii-jacket', 'fast-trek-ii-jacket', '2', 2132),
	(2882, 'arcadia-ii-jacket-plus-size', 'arcadia-ii-jacket-plus-size', '2', 2133),
	(2883, 'catacomb-crest-jacket', 'catacomb-crest-jacket', '2', 2134),
	(2884, 'polar-glacial-leggings', 'polar-glacial-leggings', '2', 2135),
	(2885, 'mens-pilot-peak', 'mens-pilot-peak', '2', 2136),
	(2886, 'peakfreak-xcrsn-ii-xcel-low-outdry-shoe', 'peakfreak-xcrsn-ii-xcel-low-outdry-shoe', '2', 2137),
	(2887, 'hyland-woods-shirt-jacket', 'hyland-woods-shirt-jacket', '2', 2138),
	(2888, 'techsun-slide-sandal', 'techsun-slide-sandal', '2', 2139),
	(2889, 'beauty-skinny-pant', 'beauty-skinny-pant', '2', 2140),
	(2890, 'flare-gun-iii-shirt', 'flare-gun-iii-shirt', '2', 2141),
	(2891, 'peakfreak-xcrsn-xcel-mid-outdry-boot', 'peakfreak-xcrsn-xcel-mid-outdry-boot', '2', 2142),
	(2892, 'wayfarer-scarves', 'wayfarer-scarves', '2', 2143),
	(2893, 'southridge-short', 'southridge-short', '2', 2144),
	(2894, 'steens-mountain-fleece-20-jacket', 'steens-mountain-fleece-20-jacket', '2', 2145),
	(2895, 'lost-lager-beanie', 'lost-lager-beanie', '2', 2146),
	(2896, 'oak-hoodie', 'oak-hoodie', '2', 2147),
	(2897, 'emphasis-backpack', 'emphasis-backpack', '2', 2148),
	(2898, 'fray-jacket', 'fray-jacket', '2', 2149),
	(2899, 'fleece-base-layer-set', 'fleece-base-layer-set', '2', 2150),
	(2900, 'oak-crew', 'oak-crew', '2', 2151),
	(2901, 'treble-yell-backpack', 'treble-yell-backpack', '2', 2152),
	(2902, 'billboard-beanie-reversible', 'billboard-beanie-reversible', '2', 2153),
	(2903, 'chloe-beanie', 'chloe-beanie', '2', 2154),
	(2904, 'prospect-backpack', 'prospect-backpack', '2', 2155),
	(2905, 'weekend-sock-2-pack', 'weekend-sock-2-pack', '2', 2156),
	(2906, 'trope-beanie', 'trope-beanie', '2', 2157),
	(2907, 'fly-pant', 'fly-pant', '2', 2158),
	(2908, 'w-prospect-backpack', 'w-prospect-backpack', '2', 2159),
	(2909, 'exile-cargo-pant', 'exile-cargo-pant', '2', 2160),
	(2910, 'tinder-bag', 'tinder-bag', '2', 2161),
	(2911, 'prowess-jacket', 'prowess-jacket', '2', 2162),
	(2913, 'minishred-maven-bib', 'minishred-maven-bib', '2', 2164),
	(2914, 'vent-glove', 'vent-glove', '2', 2165),
	(2915, 'taft-beanie', 'taft-beanie', '2', 2166),
	(2916, 'vent-glove', 'vent-glove', '2', 2167),
	(2917, 'kids-gromlet', 'kids-gromlet', '2', 2168),
	(2918, 'society-pant', 'society-pant', '2', 2169),
	(2919, 'minishred-gameday-bomber-jacket', 'minishred-gameday-bomber-jacket', '2', 2170),
	(2920, 'breach-jacket', 'breach-jacket', '2', 2171),
	(2921, 'weekend-sock-twopack', 'weekend-sock-twopack', '2', 2172),
	(2922, 'minishred-set', 'minishred-set', '2', 2173),
	(2923, 'free-range-glove', 'free-range-glove', '2', 2174),
	(2924, 'cargo-pant', 'cargo-pant', '2', 2175),
	(2925, 'runestone-jacket', 'runestone-jacket', '2', 2176),
	(2926, 'cadet-backpack', 'cadet-backpack', '2', 2177),
	(2927, 'de-luxe-gore-tex-glove', 'de-luxe-gore-tex-glove', '2', 2178),
	(2928, 'whiply-bomber-jacket', 'whiply-bomber-jacket', '2', 2179),
	(2929, 'hazel-jacket', 'hazel-jacket', '2', 2180),
	(2930, 'backhill-duffel-bag-small-40l', 'backhill-duffel-bag-small-40l', '2', 2181),
	(2931, 'burton-hifive-mitt', 'burton-hifive-mitt', '2', 2182),
	(2933, 'deluxe-gore-tex-mitt', 'deluxe-gore-tex-mitt', '2', 2184),
	(2934, 'minishred-infant-buddy-bunting-suit', 'minishred-infant-buddy-bunting-suit', '2', 2185),
	(2935, 'goretex-rubix-jacket', 'goretex-rubix-jacket', '2', 2186),
	(2936, 'brtn-crew', 'brtn-crew', '2', 2187),
	(2937, 'dnd-beanie-3pack', 'dnd-beanie-3pack', '2', 2188),
	(2938, 'riders-bag-20', 'riders-bag-20', '2', 2189),
	(2939, 'minishred-grommitt-mitt', 'minishred-grommitt-mitt', '2', 2190),
	(2940, 'avalon-bib', 'avalon-bib', '2', 2191),
	(2941, 'apres-sock-3-pack', 'apres-sock-3-pack', '2', 2192),
	(2942, 'hart-jacket', 'hart-jacket', '2', 2193),
	(2943, 'wheelie-flight-deck-travel-bag', 'wheelie-flight-deck-travel-bag', '2', 2194),
	(2944, 'symbol-jacket', 'symbol-jacket', '2', 2195),
	(2945, 'goretex-2l-elevation-anorak-jacket', 'goretex-2l-elevation-anorak-jacket', '2', 2196),
	(2946, 'dunmore-jacket', 'dunmore-jacket', '2', 2197),
	(2947, 'backhill-duffel-bag', 'backhill-duffel-bag', '2', 2198),
	(2948, 'ak-gore-tex-cyclic-pant', 'ak-gore-tex-cyclic-pant', '2', 2199),
	(2949, 'mini-shred-sock', 'mini-shred-sock', '2', 2200),
	(2950, 'tour-backpack', 'tour-backpack', '2', 2201),
	(2951, 'gondy-goretex-leather-glove', 'gondy-goretex-leather-glove', '2', 2202),
	(2952, 'homestead-backpack', 'homestead-backpack', '2', 2203),
	(2953, 'baker-jacket', 'baker-jacket', '2', 2204),
	(2954, 'ak-oven-mitt', 'ak-oven-mitt', '2', 2205),
	(2955, 'party-sock', 'party-sock', '2', 2206),
	(2956, 'treble-yell-backpack', 'treble-yell-backpack', '2', 2207),
	(2957, 'ak-goretex-clutch-mitt', 'ak-goretex-clutch-mitt', '2', 2208),
	(2958, 'southside-pant-slim-fit', 'southside-pant-slim-fit', '2', 2209),
	(2959, 'trillium-sock', 'trillium-sock', '2', 2210),
	(2960, 'kilo-backpack', 'kilo-backpack', '2', 2211),
	(2961, 'vida-pant', 'vida-pant', '2', 2212),
	(2962, 'brighton-flannel-shirt', 'brighton-flannel-shirt', '2', 2213),
	(2963, 'durable-goods-tee', 'durable-goods-tee', '2', 2214),
	(2964, 'bk-lite-jacket', 'bk-lite-jacket', '2', 2215),
	(2965, 'durable-goods-pullover-hoodie', 'durable-goods-pullover-hoodie', '2', 2216),
	(2966, 'insulated-covert-pant', 'insulated-covert-pant', '2', 2217),
	(2967, 'ak-2l-goretex-swash-jacket', 'ak-2l-goretex-swash-jacket', '2', 2218),
	(2968, 'grace-tunic', 'grace-tunic', '2', 2219),
	(2969, 'family-tree-pullover-hoodie', 'family-tree-pullover-hoodie', '2', 2220),
	(2970, 'hearth-fleece-anorak', 'hearth-fleece-anorak', '2', 2221),
	(2971, 'gramercy-beanie', 'gramercy-beanie', '2', 2222),
	(2972, 'durable-goods-pullover-hoodie', 'durable-goods-pullover-hoodie', '2', 2223),
	(2973, 'mallett-bomber-jacket', 'mallett-bomber-jacket', '2', 2224),
	(2974, 'radial-insulated-jacket', 'radial-insulated-jacket', '2', 2225),
	(2975, 'quartz-crew', 'quartz-crew', '2', 2226),
	(2976, 'ak-endurance-sock', 'ak-endurance-sock', '2', 2227),
	(2977, 'family-tree-tee', 'family-tree-tee', '2', 2228),
	(2978, 'brighton-burly-sherpa-flannel-shirt', 'brighton-burly-sherpa-flannel-shirt', '2', 2229),
	(2979, 'spark-anorak', 'spark-anorak', '2', 2230),
	(2980, 'formula-glove', 'formula-glove', '2', 2231),
	(2981, 'midweight-base-layer-merino-pant', 'midweight-base-layer-merino-pant', '2', 2232),
	(2982, 'bower-jackets', 'bower-jackets', '2', 2233),
	(2983, 'kactusbunch-beanie', 'kactusbunch-beanie', '2', 2234),
	(2984, 'base-layer-midweight-crew-top', 'base-layer-midweight-crew-top', '2', 2235),
	(2985, 'gringo-beanie', 'gringo-beanie', '2', 2236),
	(2986, 'super-party-sock', 'super-party-sock', '2', 2237),
	(2987, 'minishred-amped-jacket', 'minishred-amped-jacket', '2', 2238),
	(2988, 'dugout-jacket', 'dugout-jacket', '2', 2239),
	(2989, 'aubrey-parka-jacket', 'aubrey-parka-jacket', '2', 2240),
	(2990, 'goretex-mitt', 'goretex-mitt', '2', 2241),
	(2991, 'overnighter-roller-travel-bag', 'overnighter-roller-travel-bag', '2', 2242),
	(2992, 'phase-jacket', 'phase-jacket', '2', 2243),
	(2993, 'uproar-jacket', 'uproar-jacket', '2', 2244),
	(2994, 'sweetart-pant', 'sweetart-pant', '2', 2245),
	(2995, 'elodie-jacket', 'elodie-jacket', '2', 2246),
	(2996, 'elite-cargo-pant', 'elite-cargo-pant', '2', 2247),
	(2997, 'day-hiker-backpack', 'day-hiker-backpack', '2', 2248),
	(2998, 'low-maintenance-kit-toiletry-bag', 'low-maintenance-kit-toiletry-bag', '2', 2249),
	(2999, 'big-kettle-backpack', 'big-kettle-backpack', '2', 2250),
	(3000, 'oak-pullover-hoodie', 'oak-pullover-hoodie', '2', 2251),
	(3001, 'underhill-hat', 'underhill-hat', '2', 2252),
	(3002, 'copilot-travel-case', 'copilot-travel-case', '2', 2253),
	(3003, 'covert-insulated-jacket', 'covert-insulated-jacket', '2', 2254),
	(3004, 'support-mitt', 'support-mitt', '2', 2255),
	(3006, 'high-maintenance-accessory-kit', 'high-maintenance-accessory-kit', '2', 2257),
	(3007, 'midweight-base-layer-top', 'midweight-base-layer-top', '2', 2258),
	(3009, 'mini-spark-fleece', 'mini-spark-fleece', '2', 2260),
	(3010, 'covert-shell-jacket', 'covert-shell-jacket', '2', 2261),
	(3011, 'charter-roller-travel-bag', 'charter-roller-travel-bag', '2', 2262),
	(3012, 'anouk-fleece-sweatshirt', 'anouk-fleece-sweatshirt', '2', 2263),
	(3013, 'bombay-fleece-sweatshirt', 'bombay-fleece-sweatshirt', '2', 2264),
	(3014, 'ak-goretex-guide-glove', 'ak-goretex-guide-glove', '2', 2265),
	(3015, 'apres-sock-threepack', 'apres-sock-threepack', '2', 2266),
	(3016, 'fremont-jacket', 'fremont-jacket', '2', 2267),
	(3017, 'minishred-aubrey-jacket', 'minishred-aubrey-jacket', '2', 2268),
	(3018, 'linden-beanie', 'linden-beanie', '2', 2269),
	(3019, 'lifty-glove', 'lifty-glove', '2', 2270),
	(3020, 'goretex-3l-gloves', 'goretex-3l-gloves', '2', 2271),
	(3021, 'stagger-beanie', 'stagger-beanie', '2', 2272),
	(3022, 'incline-20l-backpack', 'incline-20l-backpack', '2', 2273),
	(3023, 'incline-30l-backpack', 'incline-30l-backpack', '2', 2274),
	(3024, 'incline-40l-backpack', 'incline-40l-backpack', '2', 2275),
	(3025, 'kendrick-chelsea-boots', 'kendrick-chelsea-boots', '2', 2276),
	(3026, 'kendrick-chukka-boots', 'kendrick-chukka-boots', '2', 2277),
	(3027, 'chocorua-trail-20-boots', 'chocorua-trail-20-boots', '2', 2278),
	(3028, 'duffel-bag-90l', 'duffel-bag-90l', '2', 2279),
	(3029, 'franklin-park-6inch-brogue-boots', 'franklin-park-6inch-brogue-boots', '2', 2280),
	(3030, 'hempstead-beanie', 'hempstead-beanie', '2', 2281),
	(3031, 'britton-hill-wingtip-boots', 'britton-hill-wingtip-boots', '2', 2282),
	(3032, 'wheelwright-boots', 'wheelwright-boots', '2', 2283),
	(3033, 'minishred-flex-puffy-jacket', 'minishred-flex-puffy-jacket', '2', 2284),
	(3035, 'joslin-6inch-boots', 'joslin-6inch-boots', '2', 2286),
	(3036, 'chillberg-premium-boots', 'chillberg-premium-boots', '2', 2287),
	(3037, 'britton-hill-moc-toe-boots', 'britton-hill-moc-toe-boots', '2', 2288),
	(3038, 'killington-chukka-boots', 'killington-chukka-boots', '2', 2289),
	(3039, 'premium-fleecelined-boots', 'premium-fleecelined-boots', '2', 2290),
	(3040, 'chillberg-boots', 'chillberg-boots', '2', 2291),
	(3041, 'mount-hope-mid-boots', 'mount-hope-mid-boots', '2', 2292),
	(3042, 'backhill-duffel-bag-medium-70l', 'backhill-duffel-bag-medium-70l', '2', 2293),
	(3043, '6inch-premium-embroidered-boots', '6inch-premium-embroidered-boots', '2', 2294),
	(3044, 'groveton-chukka-shoes', 'groveton-chukka-shoes', '2', 2295),
	(3045, 'kenniston-6inch-laceup-boots', 'kenniston-6inch-laceup-boots', '2', 2296),
	(3046, 'bradstreet-chukka-boots', 'bradstreet-chukka-boots', '2', 2297),
	(3047, 'toddler-chillberg-boots', 'toddler-chillberg-boots', '2', 2298),
	(3048, 'carter-notch-plaintoe-chelsea-boots', 'carter-notch-plaintoe-chelsea-boots', '2', 2299),
	(3049, 'beckwith-sidezip-chelsea-boots', 'beckwith-sidezip-chelsea-boots', '2', 2300),
	(3050, 'chocorua-trail-20-boots', 'chocorua-trail-20-boots', '2', 2301),
	(3051, 'amston-6inch-boots', 'amston-6inch-boots', '2', 2302),
	(3052, 'carter-notch-chukka-shoes', 'carter-notch-chukka-shoes', '2', 2303),
	(3053, 'nellie-chukka-boots', 'nellie-chukka-boots', '2', 2304),
	(3054, 'flyroam-chukka-shoes', 'flyroam-chukka-shoes', '2', 2305),
	(3055, '2eye-boat-shoes', '2eye-boat-shoes', '2', 2306),
	(3056, 'authentics-folddown-boots', 'authentics-folddown-boots', '2', 2307),
	(3057, 'monitors', 'monitors', '1', 725),
	(3058, 'ram-memory', 'ram-memory', '1', 726),
	(3059, 'webcams', 'webcams', '1', 727),
	(3060, 'remote-controls', 'remote-controls', '1', 728),
	(3061, 'camping', 'camping', '1', 729),
	(3062, 'sleeping-bags', 'sleeping-bags', '1', 730),
	(3063, 'cases-protection', 'cases-protection', '1', 731),
	(3064, 'handsfree-devices-bluetooth', 'handsfree-devices-bluetooth', '1', 732),
	(3065, 'handsfree-devices-bluetooth', 'handsfree-devices-bluetooth', '1', 733),
	(3066, 'power-banks', 'power-banks', '1', 734),
	(3067, 'power-banks', 'power-banks', '1', 735),
	(3068, 'cases-protection', 'cases-protection', '1', 736),
	(3069, 'chargers-and-adapters', 'chargers-and-adapters', '1', 737),
	(3070, 'handsfree-devices-bluetooth', 'handsfree-devices-bluetooth', '1', 738),
	(3071, 'cell-phones', 'cell-phones', '1', 739),
	(3072, 'ios-phones', 'ios-phones', '1', 740),
	(3073, 'android-phones', 'android-phones', '1', 741),
	(3074, 'crib-bootiescap-set', 'crib-bootiescap-set', '2', 2308),
	(3075, 'pro-powertrain-shoes', 'pro-powertrain-shoes', '2', 2309),
	(3076, 'earthkeepers-original-6inch-boots', 'earthkeepers-original-6inch-boots', '2', 2310),
	(3077, 'pro-boondock-8-boots', 'pro-boondock-8-boots', '2', 2311),
	(3078, 'pro-powertrain-mid-boots', 'pro-powertrain-mid-boots', '2', 2312),
	(3079, 'pro-boondock-6-boots', 'pro-boondock-6-boots', '2', 2313),
	(3080, 'kenniston-fleecelined-boots', 'kenniston-fleecelined-boots', '2', 2314),
	(3081, 'oakwell-7eye-boots', 'oakwell-7eye-boots', '2', 2315),
	(3082, 'heritage-6inch-boots', 'heritage-6inch-boots', '2', 2316),
	(3083, 'pro-resistor-6-boots', 'pro-resistor-6-boots', '2', 2317),
	(3084, 'killington-6inch-boots', 'killington-6inch-boots', '2', 2318),
	(3085, 'londyn-6inch-boots', 'londyn-6inch-boots', '2', 2319),
	(3086, 'pro-gridworks-8-boots', 'pro-gridworks-8-boots', '2', 2320),
	(3087, 'groveton-chukka-shoes', 'groveton-chukka-shoes', '2', 2321),
	(3088, 'pro-hightower-6-boots', 'pro-hightower-6-boots', '2', 2322),
	(3089, 'glancy-6inch-boots', 'glancy-6inch-boots', '2', 2323),
	(3090, 'westmore-boots', 'westmore-boots', '2', 2324),
	(3091, '6-premium-boots', '6-premium-boots', '2', 2325),
	(3092, 'mt-maddsen-mid-boots', 'mt-maddsen-mid-boots', '2', 2326),
	(3093, 'hll2360dw-printer', 'hll2360dw-printer', '2', 2327),
	(3094, 'mfcl2700dw-printer', 'mfcl2700dw-printer', '2', 2328),
	(3095, 'dcpl2540dw-printer', 'dcpl2540dw-printer', '2', 2329),
	(3096, 'pallarue-hi-cuff-wp-boots', 'pallarue-hi-cuff-wp-boots', '2', 2330),
	(3097, 'mfcl2720dw-printer', 'mfcl2720dw-printer', '2', 2331),
	(3098, 'pallabosse-hi-cuff-l-boots', 'pallabosse-hi-cuff-l-boots', '2', 2332),
	(3099, 'pampa-hi-knit-lp-boots', 'pampa-hi-knit-lp-boots', '2', 2333),
	(3100, 'sport-cuff-wp-20-boots', 'sport-cuff-wp-20-boots', '2', 2334),
	(3101, 'mfcl2740dw-printer', 'mfcl2740dw-printer', '2', 2335),
	(3103, 'pallaboosse-off-lea-boots', 'pallaboosse-off-lea-boots', '2', 2337),
	(3104, 'pallarue-mid-lc-shoes', 'pallarue-mid-lc-shoes', '2', 2338),
	(3105, 'mfc9130cw-printer', 'mfc9130cw-printer', '2', 2339),
	(3106, 'pallabosse-off-lea-booties', 'pallabosse-off-lea-booties', '2', 2340),
	(3107, 'flex-ballet-shoes', 'flex-ballet-shoes', '2', 2341),
	(3108, 'pampa-sport-cuff-wp-boot', 'pampa-sport-cuff-wp-boot', '2', 2342),
	(3109, 'pampa-sport-cuff-wpn-boot', 'pampa-sport-cuff-wpn-boot', '2', 2343),
	(3110, 'aventure-sneakers', 'aventure-sneakers', '2', 2344),
	(3111, 'pampa-hi-original-tc-boots', 'pampa-hi-original-tc-boots', '2', 2345),
	(3112, 'pampa-solid-ranger-tp-boot', 'pampa-solid-ranger-tp-boot', '2', 2346),
	(3113, 'baggy-boot', 'baggy-boot', '2', 2347),
	(3114, 'pallaville-hi-txsn-shoes', 'pallaville-hi-txsn-shoes', '2', 2348),
	(3115, 'ansley-fur-bow-loafers', 'ansley-fur-bow-loafers', '2', 2349),
	(3116, 'pallabosse-chelsea-l-boots', 'pallabosse-chelsea-l-boots', '2', 2350),
	(3117, 'dakota-pom-pom-loafers', 'dakota-pom-pom-loafers', '2', 2351),
	(3118, 'pallabrouse-baggy-l2-boots', 'pallabrouse-baggy-l2-boots', '2', 2352),
	(3119, 'hanz-slippers', 'hanz-slippers', '2', 2353),
	(3120, 'pampa-cuff-wp-lux-boot', 'pampa-cuff-wp-lux-boot', '2', 2354),
	(3121, 'pampa-hi-originale-boot', 'pampa-hi-originale-boot', '2', 2355),
	(3122, 'ascot-bomber-slippers', 'ascot-bomber-slippers', '2', 2356),
	(3124, 'scuffette-ii-slippers', 'scuffette-ii-slippers', '2', 2358),
	(3125, 'coquette-slipper', 'coquette-slipper', '2', 2359),
	(3126, 'scuff-slippers', 'scuff-slippers', '2', 2360),
	(3127, 'crushion-tx-boot', 'crushion-tx-boot', '2', 2361),
	(3128, 'lachlan-boots', 'lachlan-boots', '2', 2362),
	(3129, 'dakota-slipper', 'dakota-slipper', '2', 2363),
	(3130, 'fraser-boots', 'fraser-boots', '2', 2364),
	(3131, 'indra-bootie', 'indra-bootie', '2', 2365),
	(3132, 'ltd-boots', 'ltd-boots', '2', 2366),
	(3133, 'dalla-slippers', 'dalla-slippers', '2', 2367),
	(3134, 'camden-boots', 'camden-boots', '2', 2368),
	(3135, 'kesey-boot', 'kesey-boot', '2', 2369),
	(3136, 'fluff-momma-mongolian-boot', 'fluff-momma-mongolian-boot', '2', 2370),
	(3137, 'janina-boot', 'janina-boot', '2', 2371),
	(3138, 'fluff-flip-flop-ii-slippers', 'fluff-flip-flop-ii-slippers', '2', 2372),
	(3139, 'bailey-bow-tall-ii-boot', 'bailey-bow-tall-ii-boot', '2', 2373),
	(3140, 'cozy-ii-slippers', 'cozy-ii-slippers', '2', 2374),
	(3141, 'bailey-bow-ii-boot', 'bailey-bow-ii-boot', '2', 2375),
	(3142, 'breida-boot', 'breida-boot', '2', 2376),
	(3143, 'atlantic-heights-boots', 'atlantic-heights-boots', '2', 2377),
	(3144, 'milo-stardust-sneakers', 'milo-stardust-sneakers', '2', 2378),
	(3145, 'larra-boot', 'larra-boot', '2', 2379),
	(3146, 'azaria-boot', 'azaria-boot', '2', 2380),
	(3147, 'klimer-boot', 'klimer-boot', '2', 2381),
	(3148, 'cas-stardust-sneakers', 'cas-stardust-sneakers', '2', 2382),
	(3149, 'shortie-ankle-boots', 'shortie-ankle-boots', '2', 2383),
	(3150, 'maksim-boot', 'maksim-boot', '2', 2384),
	(3151, 'mini-bailey-button-ii-boot', 'mini-bailey-button-ii-boot', '2', 2385),
	(3152, 'sparrow-camo-bootie', 'sparrow-camo-bootie', '2', 2386),
	(3153, 'olivert-boot', 'olivert-boot', '2', 2387),
	(3154, 'rea-boot', 'rea-boot', '2', 2388),
	(3155, 'mini-bailey-bow-ii-boot', 'mini-bailey-bow-ii-boot', '2', 2389),
	(3156, 'ascot-slipper', 'ascot-slipper', '2', 2390),
	(3157, 'butte-boot', 'butte-boot', '2', 2391),
	(3158, 'amell-sandal', 'amell-sandal', '2', 2392),
	(3159, 'char-leopard-sandal', 'char-leopard-sandal', '2', 2393),
	(3160, 'dakota-metallic-slippers', 'dakota-metallic-slippers', '2', 2394),
	(3161, 'jeovana-bottie', 'jeovana-bottie', '2', 2395),
	(3162, 'freamon-hyperweave-shoes', 'freamon-hyperweave-shoes', '2', 2396),
	(3163, 'kari-metallic-slide', 'kari-metallic-slide', '2', 2397),
	(3164, 'simmens-boot', 'simmens-boot', '2', 2398),
	(3165, 'ansley-slippers', 'ansley-slippers', '2', 2399),
	(3166, 'ascot-slipper', 'ascot-slipper', '2', 2400),
	(3167, 'adirondack-boot-ii', 'adirondack-boot-ii', '2', 2401),
	(3168, 'sammy-sneaker', 'sammy-sneaker', '2', 2402),
	(3169, 'kasen-boot', 'kasen-boot', '2', 2403),
	(3170, 'vestmar-boot', 'vestmar-boot', '2', 2404),
	(3171, 'roskoe-bootes', 'roskoe-bootes', '2', 2405),
	(3172, 'freamon-canvas-sneaker', 'freamon-canvas-sneaker', '2', 2406),
	(3173, 'ansley-slipper', 'ansley-slipper', '2', 2407),
	(3174, 'hadley-ii-boot', 'hadley-ii-boot', '2', 2408),
	(3175, 'atlason-nylon-boot', 'atlason-nylon-boot', '2', 2409),
	(3176, 'niels-boot', 'niels-boot', '2', 2410),
	(3177, 'tye-sneaker', 'tye-sneaker', '2', 2411),
	(3178, 'olivert-boot', 'olivert-boot', '2', 2412),
	(3179, 'butte-ii-camo-boot', 'butte-ii-camo-boot', '2', 2413),
	(3180, 'cooke-slipper', 'cooke-slipper', '2', 2414),
	(3181, 'magnusson-boot', 'magnusson-boot', '2', 2415),
	(3182, 'vestmar-boot', 'vestmar-boot', '2', 2416),
	(3183, 'hoyt-sneakers', 'hoyt-sneakers', '2', 2417),
	(3184, 'sundance-boot', 'sundance-boot', '2', 2418),
	(3185, 'halfdan-boots', 'halfdan-boots', '2', 2419),
	(3186, 'eliasson-boot', 'eliasson-boot', '2', 2420),
	(3187, 'celia-sandals', 'celia-sandals', '2', 2421),
	(3188, 'mapple-ii-boot', 'mapple-ii-boot', '2', 2422),
	(3189, 'dalvin-boots', 'dalvin-boots', '2', 2423),
	(3190, 'atlason-suede-boot', 'atlason-suede-boot', '2', 2424),
	(3191, 'starlyn-sneakers', 'starlyn-sneakers', '2', 2425),
	(3192, 'baldvin-boots', 'baldvin-boots', '2', 2426),
	(3193, 'elly-boot', 'elly-boot', '2', 2427),
	(3194, 'zetik-boot', 'zetik-boot', '2', 2428),
	(3195, 'dagmann-suede-boots', 'dagmann-suede-boots', '2', 2429),
	(3196, 'hendren-tl-boot', 'hendren-tl-boot', '2', 2430),
	(3197, 'butte-ii-boot', 'butte-ii-boot', '2', 2431),
	(3198, 'shaye-polka-dots-boots', 'shaye-polka-dots-boots', '2', 2432),
	(3199, 'hannen-tl-boots', 'hannen-tl-boots', '2', 2433),
	(3200, 'tippie-flat-shoe', 'tippie-flat-shoe', '2', 2434),
	(3201, 'adirondack-iii-tall-boot', 'adirondack-iii-tall-boot', '2', 2435),
	(3202, 'neumel-boots', 'neumel-boots', '2', 2436),
	(3203, 'freamon-boots', 'freamon-boots', '2', 2437),
	(3204, 'hannen-tl-boot', 'hannen-tl-boot', '2', 2438),
	(3205, 'brock-sneakers', 'brock-sneakers', '2', 2439),
	(3206, 'freamon-sneakers', 'freamon-sneakers', '2', 2440),
	(3207, 'erika-color-mix-sunglass', 'erika-color-mix-sunglass', '2', 2441),
	(3208, 'rb3562-chromance-polarized-sunglass', 'rb3562-chromance-polarized-sunglass', '2', 2442),
	(3209, 'erika-metal-sunglass', 'erika-metal-sunglass', '2', 2443),
	(3210, 'classic-mini-ii-boot', 'classic-mini-ii-boot', '2', 2444),
	(3211, 'harington-boot', 'harington-boot', '2', 2445),
	(3212, 'rb8313-polarized-sunglass', 'rb8313-polarized-sunglass', '2', 2446),
	(3213, 'rb8301-classic-sunglass', 'rb8301-classic-sunglass', '2', 2447),
	(3214, 'bonham-boot', 'bonham-boot', '2', 2448),
	(3215, 'rb8058-sunglasses', 'rb8058-sunglasses', '2', 2449),
	(3216, 'cockpit-sunglasses', 'cockpit-sunglasses', '2', 2450),
	(3217, 'oriana-boot', 'oriana-boot', '2', 2451),
	(3218, 'alex-sunglass', 'alex-sunglass', '2', 2452),
	(3219, 'jesse-bow-ii-bootie', 'jesse-bow-ii-bootie', '2', 2453),
	(3220, 'classic-ii-boot', 'classic-ii-boot', '2', 2454),
	(3221, 'rb3362-cockpit-sunglass', 'rb3362-cockpit-sunglass', '2', 2455),
	(3222, 'classic-ii-short-boot', 'classic-ii-short-boot', '2', 2456),
	(3223, 'bethany-boots', 'bethany-boots', '2', 2457),
	(3224, 'outdoorsman-craft-sunglass', 'outdoorsman-craft-sunglass', '2', 2458),
	(3225, 'erika-velvet-sunglass', 'erika-velvet-sunglass', '2', 2459),
	(3226, 'erika-coll-classic-sunglass', 'erika-coll-classic-sunglass', '2', 2460),
	(3227, 'seton-tl-boots', 'seton-tl-boots', '2', 2461),
	(3228, 'seton-tl-boot', 'seton-tl-boot', '2', 2462),
	(3231, 'rb4274-polarized-sunglass', 'rb4274-polarized-sunglass', '2', 2465),
	(3232, 'cockpit-flash-lenses-gradient-sunglasses', 'cockpit-flash-lenses-gradient-sunglasses', '2', 2466),
	(3233, 'hepner-woven-sneakers', 'hepner-woven-sneakers', '2', 2467),
	(3234, 'cats-5000-classic-sunglass', 'cats-5000-classic-sunglass', '2', 2468),
	(3235, 'rb4253-sunglass', 'rb4253-sunglass', '2', 2469),
	(3236, 'jacketsport', 'jacketsport', '1', 742),
	(3237, 'jacketskisnowboard', 'jacketskisnowboard', '1', 743),
	(3238, 'mensocksskisnowboard', 'mensocksskisnowboard', '1', 744),
	(3240, 'womenjacketsport', 'womenjacketsport', '1', 746),
	(3241, 'jacketskisnowboard', 'jacketskisnowboard', '1', 747),
	(3242, 'cardiganskisnowboard', 'cardiganskisnowboard', '1', 748),
	(3243, 'womencardiganskisnowboard', 'womencardiganskisnowboard', '1', 749),
	(3244, 'menshirtsskisnowboard', 'menshirtsskisnowboard', '1', 750),
	(3245, 'womenshirtsskisnowboard', 'womenshirtsskisnowboard', '1', 751),
	(3246, 'rb3523-sunglasses', 'rb3523-sunglasses', '2', 2470),
	(3247, 'rb8313m-s-ferrari-coll-polarized-sunglass', 'rb8313m-s-ferrari-coll-polarized-sunglass', '2', 2471),
	(3248, 'original-classic-basic-sunglass', 'original-classic-basic-sunglass', '2', 2472),
	(3249, 'rb3449-classic-sunglass', 'rb3449-classic-sunglass', '2', 2473),
	(3250, 'aviator-classic-sunglass', 'aviator-classic-sunglass', '2', 2474),
	(3251, 'rb8317-chromance-polarized-sunglass', 'rb8317-chromance-polarized-sunglass', '2', 2475),
	(3252, 'original-wayfarer-classic-sunglass', 'original-wayfarer-classic-sunglass', '2', 2476),
	(3253, 'rb8059-classic-sunglass', 'rb8059-classic-sunglass', '2', 2477),
	(3254, 'rb3558-sunglass', 'rb3558-sunglass', '2', 2478),
	(3255, 'aviator-flash-lenses-classic-sunglass', 'aviator-flash-lenses-classic-sunglass', '2', 2479),
	(3256, 'wayfarer-ease-polarized-sunglass', 'wayfarer-ease-polarized-sunglass', '2', 2480),
	(3257, 'wayfarer-with-alcantara-sunglass', 'wayfarer-with-alcantara-sunglass', '2', 2481),
	(3258, 'rb3386-sunglass', 'rb3386-sunglass', '2', 2482),
	(3259, 'elena', 'elena', '2', 2483),
	(3260, 'wayfarer-folding-classic-sunglass', 'wayfarer-folding-classic-sunglass', '2', 2484),
	(3261, 'wayfarer-bicolor-classic-sunglass', 'wayfarer-bicolor-classic-sunglass', '2', 2485),
	(3263, 'rb3526-sunglass', 'rb3526-sunglass', '2', 2487),
	(3264, 'aviator-gradient-sunglass', 'aviator-gradient-sunglass', '2', 2488),
	(3265, 'scuderia-ferrari-collection-sunglass', 'scuderia-ferrari-collection-sunglass', '2', 2489),
	(3266, 'rb3509-sunglass', 'rb3509-sunglass', '2', 2490),
	(3267, 'new-wayfarer-collection-classic-sunglass', 'new-wayfarer-collection-classic-sunglass', '2', 2491),
	(3268, 'aviator-collection-sunglass', 'aviator-collection-sunglass', '2', 2492),
	(3269, 'aviator-full-color-sunglass', 'aviator-full-color-sunglass', '2', 2493),
	(3270, 'round-flash-lenses-sunglass', 'round-flash-lenses-sunglass', '2', 2494),
	(3271, 'wayfarer-leather-sunglass', 'wayfarer-leather-sunglass', '2', 2495),
	(3272, 'clubmaster-classic-polarized-sunglass', 'clubmaster-classic-polarized-sunglass', '2', 2496),
	(3273, 'kristin-boot', 'kristin-boot', '2', 2497),
	(3274, 'clubround-mineral-flash-lenses-sunglass', 'clubround-mineral-flash-lenses-sunglass', '2', 2498),
	(3275, 'clubround-coll-sunglass', 'clubround-coll-sunglass', '2', 2499),
	(3276, 'hexagonal-flat-lenses-sunglass', 'hexagonal-flat-lenses-sunglass', '2', 2500),
	(3277, 'rb3519-polarized-sunglass', 'rb3519-polarized-sunglass', '2', 2501),
	(3278, 'rb3447n-sunglass', 'rb3447n-sunglass', '2', 2502),
	(3279, 'clubmaster-mineral-sunglass', 'clubmaster-mineral-sunglass', '2', 2503),
	(3280, 'outdoorsman-sunglass', 'outdoorsman-sunglass', '2', 2504),
	(3281, 'rb3549-sunglass', 'rb3549-sunglass', '2', 2505),
	(3282, 'abela-sandal', 'abela-sandal', '2', 2506),
	(3283, 'clubmaster-fleck-sunglass', 'clubmaster-fleck-sunglass', '2', 2507),
	(3284, 'original-wayfarer-coll-sunglass', 'original-wayfarer-coll-sunglass', '2', 2508),
	(3285, 'clubmaster-aluminum-polarized-sunglass', 'clubmaster-aluminum-polarized-sunglass', '2', 2509),
	(3286, 'rb4278-sunglass', 'rb4278-sunglass', '2', 2510),
	(3288, 'rb4224-sunglass', 'rb4224-sunglass', '2', 2512),
	(3289, 'aira-knit-slipper', 'aira-knit-slipper', '2', 2513),
	(3290, 'clubmaster-aluminum-gradient-sunglass', 'clubmaster-aluminum-gradient-sunglass', '2', 2514),
	(3291, 'rb4259-classic-sunglass', 'rb4259-classic-sunglass', '2', 2515),
	(3292, 'aviator-coll-classic-sunglass', 'aviator-coll-classic-sunglass', '2', 2516),
	(3293, 'rb3538-polarized-sunglass', 'rb3538-polarized-sunglass', '2', 2517),
	(3294, 'clubmaster-flash-lenses-sunglass', 'clubmaster-flash-lenses-sunglass', '2', 2518),
	(3295, 'erika-classic-gradient-sunglass', 'erika-classic-gradient-sunglass', '2', 2519),
	(3296, 'clubmaster-fl-gradient-sunglass', 'clubmaster-fl-gradient-sunglass', '2', 2520),
	(3297, 'rb4147-polarized-sunglass', 'rb4147-polarized-sunglass', '2', 2521),
	(3298, 'blaze-aviator-sunglass', 'blaze-aviator-sunglass', '2', 2522),
	(3299, 'aviator-junior-classic-sunglass', 'aviator-junior-classic-sunglass', '2', 2523),
	(3300, 'rb4181-polarized-sunglass', 'rb4181-polarized-sunglass', '2', 2524),
	(3301, 'rb3588-sunglass', 'rb3588-sunglass', '2', 2525),
	(3302, 'general-classic-sunglass', 'general-classic-sunglass', '2', 2526),
	(3303, 'aviator-evolve-sunglass', 'aviator-evolve-sunglass', '2', 2527),
	(3304, 'rb4265-chromance-sunglass', 'rb4265-chromance-sunglass', '2', 2528),
	(3305, 'scuderia-ferrari-collection-sunglass', 'scuderia-ferrari-collection-sunglass', '2', 2529),
	(3306, 'caravan-sunglass', 'caravan-sunglass', '2', 2530),
	(3307, 'rb2447nm-scuderia-ferrari-collection-sunglass', 'rb2447nm-scuderia-ferrari-collection-sunglass', '2', 2531),
	(3308, 'original-wayfarer-color-mix-sunglass', 'original-wayfarer-color-mix-sunglass', '2', 2532),
	(3309, 'original-wayfarer-ice-pops-sunglass', 'original-wayfarer-ice-pops-sunglass', '2', 2533),
	(3310, 'rj9063s-sunglass', 'rj9063s-sunglass', '2', 2534),
	(3311, 'original-wayfarer-rare-prints-sunglass', 'original-wayfarer-rare-prints-sunglass', '2', 2535),
	(3312, 'folding-flash-lenses-sunglass', 'folding-flash-lenses-sunglass', '2', 2536),
	(3313, 'rj9539s-sunglass', 'rj9539s-sunglass', '2', 2537),
	(3314, 'rb4195m-s-ferrari-sunglass', 'rb4195m-s-ferrari-sunglass', '2', 2538),
	(3315, 'signet-junior-sunglass', 'signet-junior-sunglass', '2', 2539),
	(3360, 'caravan-coll-gradient-sunglass', 'caravan-coll-gradient-sunglass', '2', 2584),
	(3361, 'hexagonal-junior-sunglass', 'hexagonal-junior-sunglass', '2', 2585),
	(3362, 'rb3543-chromance-polarized-sunglass', 'rb3543-chromance-polarized-sunglass', '2', 2586),
	(3363, 'wayfarer-liteforce-sunglass', 'wayfarer-liteforce-sunglass', '2', 2587),
	(3364, 'signet-classic-sunglass', 'signet-classic-sunglass', '2', 2588),
	(3365, 'rb8318-chromance-sunglass', 'rb8318-chromance-sunglass', '2', 2589),
	(3366, 'wayfarer-flat-metal-sunglass', 'wayfarer-flat-metal-sunglass', '2', 2590),
	(3367, 'rb2448n-gradient-sunglass', 'rb2448n-gradient-sunglass', '2', 2591),
	(3368, 'rb3557-sunglass', 'rb3557-sunglass', '2', 2592),
	(3369, 'rb8305m-s-ferrari-coll-sunglass', 'rb8305m-s-ferrari-coll-sunglass', '2', 2593),
	(3370, 'rb4179-sunglass', 'rb4179-sunglass', '2', 2594),
	(3371, 'rb4213-sunglass', 'rb4213-sunglass', '2', 2595),
	(3372, 'rb3589-sunglass', 'rb3589-sunglass', '2', 2596),
	(3373, 'rb8316-sunglass-polarized', 'rb8316-sunglass-polarized', '2', 2597),
	(3374, 'rj9063s-sunglass', 'rj9063s-sunglass', '2', 2598),
	(3375, 'rb3587-chromance-polarized-sunglass', 'rb3587-chromance-polarized-sunglass', '2', 2599),
	(3376, 'rb4291-sunglass', 'rb4291-sunglass', '2', 2600),
	(3377, 'rb4263-chromance-polarized-sunglass', 'rb4263-chromance-polarized-sunglass', '2', 2601),
	(3378, 'rb8312-sunglass', 'rb8312-sunglass', '2', 2602),
	(3379, 'rj9062s-classic-sunglass', 'rj9062s-classic-sunglass', '2', 2603),
	(3380, 'rb4290-classic-sunglass', 'rb4290-classic-sunglass', '2', 2604),
	(3381, 'rb3569-sunglass', 'rb3569-sunglass', '2', 2605),
	(3382, 'rb4264-chromance-polarized-sunglass', 'rb4264-chromance-polarized-sunglass', '2', 2606),
	(3383, 'rb4275-chromance-polarized-sunglass', 'rb4275-chromance-polarized-sunglass', '2', 2607),
	(3384, 'rb2448nm-s-ferrari-classic-sunglass', 'rb2448nm-s-ferrari-classic-sunglass', '2', 2608),
	(3385, 'rb4231-sunglass', 'rb4231-sunglass', '2', 2609),
	(3386, 'andy-polarized-sunglass', 'andy-polarized-sunglass', '2', 2610),
	(3392, 'rb4231-sungass', 'rb4231-sungass', '2', 2612),
	(3393, 'aviator-mirror-sunglass', 'aviator-mirror-sunglass', '2', 2613),
	(3394, 'rb3541-sunglass', 'rb3541-sunglass', '2', 2614),
	(3395, 'rb3183-polarized-sunglass', 'rb3183-polarized-sunglass', '2', 2615),
	(3396, 'rb3183-classic-sunglass', 'rb3183-classic-sunglass', '2', 2616),
	(3397, 'rb3498-polarized-sunglass', 'rb3498-polarized-sunglass', '2', 2617),
	(3398, 'rb3498-classic-sunglass', 'rb3498-classic-sunglass', '2', 2618),
	(3399, 'rb3542-chromance-polarized-sunglass', 'rb3542-chromance-polarized-sunglass', '2', 2619),
	(3400, 'rb4228m-s-ferrari-classic-sunglass', 'rb4228m-s-ferrari-classic-sunglass', '2', 2620),
	(3401, 'rb4228m-s-ferrari-polarized-sunglass', 'rb4228m-s-ferrari-polarized-sunglass', '2', 2621),
	(3402, 'rb4228m-s-ferrari-classic-sunglass', 'rb4228m-s-ferrari-classic-sunglass', '2', 2622),
	(3403, 'blaze-shooter-classic-sunglass', 'blaze-shooter-classic-sunglass', '2', 2623),
	(3405, 'blaze-shooter-sunglass', 'blaze-shooter-sunglass', '2', 2625),
	(3406, 'rb4242-polarised-sunglass', 'rb4242-polarised-sunglass', '2', 2626),
	(3407, 'rb3544-chromance-polarized-sunglass', 'rb3544-chromance-polarized-sunglass', '2', 2627),
	(3408, 'rb4254-chromance-polarized-sunglass', 'rb4254-chromance-polarized-sunglass', '2', 2628),
	(3409, 'justin-sunglass', 'justin-sunglass', '2', 2629),
	(3410, 'rb4242-gradient-sunglass', 'rb4242-gradient-sunglass', '2', 2630),
	(3411, 'rb4242-classic-sunglass', 'rb4242-classic-sunglass', '2', 2631),
	(3412, 'new-wayfarer-polarized-sunglass', 'new-wayfarer-polarized-sunglass', '2', 2632),
	(3413, 'nw-classic-sunglass', 'nw-classic-sunglass', '2', 2633),
	(3414, 'rb2132-710-nw-sunglass', 'rb2132-710-nw-sunglass', '2', 2634),
	(3415, 'nw-color-mix-sunglass', 'nw-color-mix-sunglass', '2', 2635),
	(3416, 'rb4255-chromance-polarized-sunglass', 'rb4255-chromance-polarized-sunglass', '2', 2636),
	(3417, 'rb3445-classic-sunglass', 'rb3445-classic-sunglass', '2', 2637),
	(3418, 'rb3445-sunglass', 'rb3445-sunglass', '2', 2638),
	(3419, 'rb3445-polarized-sunglass', 'rb3445-polarized-sunglass', '2', 2639),
	(3420, 'rb3379-polarized-sunglass', 'rb3379-polarized-sunglass', '2', 2640),
	(3421, 'izzy-classic-sunglass', 'izzy-classic-sunglass', '2', 2641),
	(3422, 'nw-color-mix-classic-sunglass', 'nw-color-mix-classic-sunglass', '2', 2642),
	(3423, 'izzy-sunglass', 'izzy-sunglass', '2', 2643),
	(3424, 'new-wayfarer-flash-sunglass', 'new-wayfarer-flash-sunglass', '2', 2644),
	(3425, 'new-wayfarer-junior-sunglass', 'new-wayfarer-junior-sunglass', '2', 2645),
	(3426, 'nw-junior-classic-sunglass', 'nw-junior-classic-sunglass', '2', 2646),
	(3427, 'wayfarer-junior-sunglass', 'wayfarer-junior-sunglass', '2', 2647),
	(3428, 'chris-junior-sunglass', 'chris-junior-sunglass', '2', 2648),
	(3429, 'chris-junior-classic-sunglass', 'chris-junior-classic-sunglass', '2', 2649),
	(3430, 'rb3566-chromance-polarized-sunglass', 'rb3566-chromance-polarized-sunglass', '2', 2650),
	(3431, 'rb4283-chromance-polarized-sunglass', 'rb4283-chromance-polarized-sunglass', '2', 2651),
	(3432, 'rb8319-chromance-sunglass', 'rb8319-chromance-sunglass', '2', 2652),
	(3433, 'predator-2-polarized-sunglass', 'predator-2-polarized-sunglass', '2', 2653),
	(3434, 'rb4258-classic-sunglass', 'rb4258-classic-sunglass', '2', 2654),
	(3435, 'rb4258-sunglass', 'rb4258-sunglass', '2', 2655),
	(3436, 'rb4242-gradient-sunglass', 'rb4242-gradient-sunglass', '2', 2656),
	(3437, 'olympian-sunglass', 'olympian-sunglass', '2', 2657),
	(3439, 'nw-color-splash-sunglass', 'nw-color-splash-sunglass', '2', 2659),
	(3440, 'liteforce-classic-sunglass', 'liteforce-classic-sunglass', '2', 2660),
	(3442, 'rb4283-chromance-polarized-sunglass', 'rb4283-chromance-polarized-sunglass', '2', 2662),
	(3443, 'rb8319-chromance-polarized-sunglass', 'rb8319-chromance-polarized-sunglass', '2', 2663),
	(3444, 'justin-classic-polarized-sunglass', 'justin-classic-polarized-sunglass', '2', 2664),
	(3445, 'blaze-double-bridge-classic-sunglass', 'blaze-double-bridge-classic-sunglass', '2', 2665),
	(3446, 'justin-classic-sunglass', 'justin-classic-sunglass', '2', 2666),
	(3447, 'blaze-double-bridge-gradient-sunglass', 'blaze-double-bridge-gradient-sunglass', '2', 2667),
	(3448, 'justin-color-mix-sunglass', 'justin-color-mix-sunglass', '2', 2668),
	(3449, 'blaze-double-bridge-sunglass', 'blaze-double-bridge-sunglass', '2', 2669),
	(3450, 'rb3545-classic-sunglass', 'rb3545-classic-sunglass', '2', 2670),
	(3451, 'clubmaster-oversized-classic-sunglass', 'clubmaster-oversized-classic-sunglass', '2', 2671),
	(3452, 'clubmaster-oversized-sunglass', 'clubmaster-oversized-sunglass', '2', 2672),
	(3453, 'rj9542s-sunglass', 'rj9542s-sunglass', '2', 2673),
	(3454, 'rj9065s-classique-sunglass', 'rj9065s-classique-sunglass', '2', 2674),
	(3455, 'rb3545-sunglass', 'rb3545-sunglass', '2', 2675),
	(3456, 'clubmaster-oversized-polarized-sunglass', 'clubmaster-oversized-polarized-sunglass', '2', 2676),
	(3457, 'rb3545-polarised-sunglass', 'rb3545-polarised-sunglass', '2', 2677),
	(3460, 'rb3540-sunglass', 'rb3540-sunglass', '2', 2680),
	(3461, 'rb2183-polarized-sunglass', 'rb2183-polarized-sunglass', '2', 2681),
	(3462, 'rb3546-sunglass', 'rb3546-sunglass', '2', 2682),
	(3464, 'blaze-round-sunglass', 'blaze-round-sunglass', '2', 2684),
	(3465, 'blaze-round-classic-sunglass', 'blaze-round-classic-sunglass', '2', 2685),
	(3466, 'blaze-hexagonal-sunglass', 'blaze-hexagonal-sunglass', '2', 2686),
	(3467, 'rb4279-classic-sunglass', 'rb4279-classic-sunglass', '2', 2687),
	(3469, 'rb4279-sunglass', 'rb4279-sunglass', '2', 2689),
	(3470, 'rb4279-polarized-sunglass', 'rb4279-polarized-sunglass', '2', 2690),
	(3471, 'erika-classic-polarized-sunglass', 'erika-classic-polarized-sunglass', '2', 2691),
	(3472, 'rb4203-sunglass', 'rb4203-sunglass', '2', 2692),
	(3473, 'erika-classic-gradient-sunglass', 'erika-classic-gradient-sunglass', '2', 2693),
	(3474, 'rb3578-classic-sunglass', 'rb3578-classic-sunglass', '2', 2694),
	(3475, 'rb3536-sunglass', 'rb3536-sunglass', '2', 2695),
	(3476, 'rb3578-sunglass', 'rb3578-sunglass', '2', 2696),
	(3477, 'rb3546-polarized-sunglass', 'rb3546-polarized-sunglass', '2', 2697),
	(3478, 'rb3546-classic-sunglass', 'rb3546-classic-sunglass', '2', 2698),
	(3479, 'rb3546-polarized-sunglass', 'rb3546-polarized-sunglass', '2', 2699),
	(3480, 'rb3546-gradient-sunglass', 'rb3546-gradient-sunglass', '2', 2700),
	(3481, 'wayfarer-flat-metal-sunglass', 'wayfarer-flat-metal-sunglass', '2', 2701),
	(3482, 'rb4285-classic-sunglass', 'rb4285-classic-sunglass', '2', 2702),
	(3483, 'nw-collection-classic-sunglass', 'nw-collection-classic-sunglass', '2', 2703),
	(3484, 'rb4285-sunglass', 'rb4285-sunglass', '2', 2704),
	(3485, 'rb4285-polarized-sunglass', 'rb4285-polarized-sunglass', '2', 2705),
	(3486, 'rb4287-classic-sunglass', 'rb4287-classic-sunglass', '2', 2706),
	(3487, 'original-wayfarer-classic-sunglass', 'original-wayfarer-classic-sunglass', '2', 2707),
	(3488, 'rb4287-sunglass', 'rb4287-sunglass', '2', 2708),
	(3489, 'rb8316-classic-sunglass', 'rb8316-classic-sunglass', '2', 2709),
	(3490, 'rb4287-polarized-sunglass', 'rb4287-polarized-sunglass', '2', 2710),
	(3491, 'nw-collection-sunglass', 'nw-collection-sunglass', '2', 2711),
	(3492, 'original-wayfarer-polarized-sunglass', 'original-wayfarer-polarized-sunglass', '2', 2712),
	(3493, 'round-liteforce-striped-sunglass', 'round-liteforce-striped-sunglass', '2', 2713),
	(3495, 'round-liteforce-sunglass', 'round-liteforce-sunglass', '2', 2715),
	(3496, 'round-junior-classic-sunglass', 'round-junior-classic-sunglass', '2', 2716),
	(3497, 'round-junior-sunglass', 'round-junior-sunglass', '2', 2717),
	(3498, 'rb4282-chromance-polarized-sunglass', 'rb4282-chromance-polarized-sunglass', '2', 2718),
	(3499, 'rj9064s-sunglass', 'rj9064s-sunglass', '2', 2719),
	(3500, 'rb4280-polarized-sunglass', 'rb4280-polarized-sunglass', '2', 2720),
	(3501, 'rb4266-classic-sunglass', 'rb4266-classic-sunglass', '2', 2721),
	(3502, 'rb4266-sunglass', 'rb4266-sunglass', '2', 2722),
	(3503, 'original-wayfarer-coll-sunglass', 'original-wayfarer-coll-sunglass', '2', 2723),
	(3504, 'original-wayfarer-gradient-sunglass', 'original-wayfarer-gradient-sunglass', '2', 2724),
	(3505, 'rb4280-sunglass', 'rb4280-sunglass', '2', 2725),
	(3506, 'caravan-collection-classic-sunglass', 'caravan-collection-classic-sunglass', '2', 2726),
	(3507, 'wayfarer-ease-classic-sunglass', 'wayfarer-ease-classic-sunglass', '2', 2727),
	(3508, 'rb2448n-classic-sunglass', 'rb2448n-classic-sunglass', '2', 2728),
	(3509, 'blaze-clubmaster-sunglass', 'blaze-clubmaster-sunglass', '2', 2729),
	(3510, 'rb4266-collection-sunglass', 'rb4266-collection-sunglass', '2', 2730),
	(3511, 'signet-sunglass', 'signet-sunglass', '2', 2731),
	(3512, 'wayfarer-ease-sunglass', 'wayfarer-ease-sunglass', '2', 2732),
	(3513, 'signet-gradient-sunglass', 'signet-gradient-sunglass', '2', 2733),
	(3514, 'rb4274-classic-sunglass', 'rb4274-classic-sunglass', '2', 2734),
	(3515, 'wayfarer-ease-gradient-sunglass', 'wayfarer-ease-gradient-sunglass', '2', 2735),
	(3517, 'rb4214-classic-sunglass', 'rb4214-classic-sunglass', '2', 2737),
	(3518, 'nw-color-mix-sunglass', 'nw-color-mix-sunglass', '2', 2738),
	(3519, 'rb8059-sunglass', 'rb8059-sunglass', '2', 2739),
	(3520, 'rb8059-polarized-sunglass', 'rb8059-polarized-sunglass', '2', 2740),
	(3521, 'rb4214-sunglass', 'rb4214-sunglass', '2', 2741),
	(3522, 'wayfarer-folding-classic-basic-sunglass', 'wayfarer-folding-classic-basic-sunglass', '2', 2742),
	(3523, 'blaze-aviator-classic-sunglass', 'blaze-aviator-classic-sunglass', '2', 2743),
	(3524, 'rb4195m-s-ferrari-p-sunglass', 'rb4195m-s-ferrari-p-sunglass', '2', 2744),
	(3525, 'rj9062s-sunglass', 'rj9062s-sunglass', '2', 2745),
	(3526, 'rb3386-classic-sunglass', 'rb3386-classic-sunglass', '2', 2746),
	(3527, 'rb3549-polarized-sunglass', 'rb3549-polarized-sunglass', '2', 2747),
	(3528, 'rb8301-polarized-sunglass', 'rb8301-polarized-sunglass', '2', 2748),
	(3529, 'erika-classic-polarized-sunglass', 'erika-classic-polarized-sunglass', '2', 2749),
	(3530, 'rb4253-classic-sunglass', 'rb4253-classic-sunglass', '2', 2750),
	(3531, 'original-wayfarer-collection-sunglass', 'original-wayfarer-collection-sunglass', '2', 2751),
	(3532, 'rb4253-gradient-sunglass', 'rb4253-gradient-sunglass', '2', 2752),
	(3533, 'rb4179-polarized-sunglass', 'rb4179-polarized-sunglass', '2', 2753),
	(3534, 'rb8058-classic-sunglass', 'rb8058-classic-sunglass', '2', 2754),
	(3535, 'rb8305m-s-ferrari-coll-p-sunglass', 'rb8305m-s-ferrari-coll-p-sunglass', '2', 2755),
	(3536, 'rb2183-gradient-sunglass', 'rb2183-gradient-sunglass', '2', 2756),
	(3537, 'rb2448nm-s-ferrari-coll-gradient-sunglass', 'rb2448nm-s-ferrari-coll-gradient-sunglass', '2', 2757),
	(3538, 'rb2183-sunglass', 'rb2183-sunglass', '2', 2758),
	(3539, 'rb4195m-s-ferrari-coll-sunglass', 'rb4195m-s-ferrari-coll-sunglass', '2', 2759),
	(3540, 'rb4290-nonpolarized-sunglass', 'rb4290-nonpolarized-sunglass', '2', 2760),
	(3541, 'rb4290-polarized-sunglass', 'rb4290-polarized-sunglass', '2', 2761),
	(3542, 'rb4290-sunglass', 'rb4290-sunglass', '2', 2762),
	(3543, 'rb4291-classic-sunglass', 'rb4291-classic-sunglass', '2', 2763),
	(3544, 'rb8059-sunglass', 'rb8059-sunglass', '2', 2764),
	(3545, 'rb8059-polarized-sunglass', 'rb8059-polarized-sunglass', '2', 2765),
	(3546, 'aviator-junior-sunglass', 'aviator-junior-sunglass', '2', 2766),
	(3547, 'rb8313m-s-ferrari-coll-classic-sunglass', 'rb8313m-s-ferrari-coll-classic-sunglass', '2', 2767),
	(3548, 'rb8313m-s-ferrari-coll-sunglass', 'rb8313m-s-ferrari-coll-sunglass', '2', 2768),
	(3550, 'clubmaster-classic-sunglass', 'clubmaster-classic-sunglass', '2', 2770),
	(3551, 'aviator-coll-sunglass', 'aviator-coll-sunglass', '2', 2771),
	(3552, 'rb4147-sunglass', 'rb4147-sunglass', '2', 2772),
	(3553, 'rb4147-gradient-sunglass', 'rb4147-gradient-sunglass', '2', 2773),
	(3554, 'rb4147-classic-sunglass', 'rb4147-classic-sunglass', '2', 2774),
	(3555, 'clubmaster-aluminum-sunglass', 'clubmaster-aluminum-sunglass', '2', 2775),
	(3556, 'rb3449-sunglass', 'rb3449-sunglass', '2', 2776),
	(3557, 'rb3526-classic-sunglass', 'rb3526-classic-sunglass', '2', 2777),
	(3558, 'general-polarized-sunglass', 'general-polarized-sunglass', '2', 2778),
	(3559, 'general-sunglass', 'general-sunglass', '2', 2779),
	(3560, 'general-gradient-sunglass', 'general-gradient-sunglass', '2', 2780),
	(3561, 'rb4274-classic-sunglass', 'rb4274-classic-sunglass', '2', 2781),
	(3562, 'rb4274-sunglass', 'rb4274-sunglass', '2', 2782),
	(3563, 'rb3538-sunglass', 'rb3538-sunglass', '2', 2783),
	(3564, 'original-wayfarer-coll-classic-sunglass', 'original-wayfarer-coll-classic-sunglass', '2', 2784),
	(3565, 'rb4259-gradient-sunglass', 'rb4259-gradient-sunglass', '2', 2785),
	(3566, 'original-wayfarer-coll-gradient-sunglass', 'original-wayfarer-coll-gradient-sunglass', '2', 2786),
	(3567, 'erika-coll-polarized-sunglass', 'erika-coll-polarized-sunglass', '2', 2787),
	(3568, '1six8-mesh-shoe', '1six8-mesh-shoe', '2', 2788),
	(3569, 'chateau-mid-lace-polar-boot', 'chateau-mid-lace-polar-boot', '2', 2789),
	(3570, 'siren-sport-q2-shoe', 'siren-sport-q2-shoe', '2', 2790),
	(3571, 'chateau-tall-zip-polar-boot', 'chateau-tall-zip-polar-boot', '2', 2791),
	(3572, 'agility-peak-flex-shoe', 'agility-peak-flex-shoe', '2', 2792),
	(3573, 'siren-strap-q2-sandal', 'siren-strap-q2-sandal', '2', 2793),
	(3574, 'siren-wrap-q2-sandal', 'siren-wrap-q2-sandal', '2', 2794),
	(3575, 'tremblant-mid-polar-boot', 'tremblant-mid-polar-boot', '2', 2795),
	(3576, 'around-town-antara-lace-shoe', 'around-town-antara-lace-shoe', '2', 2796),
	(3577, 'solstice-slice-sandal', 'solstice-slice-sandal', '2', 2797),
	(3578, 'thermo-shiver-8-boot', 'thermo-shiver-8-boot', '2', 2798),
	(3580, 'at-buckle-slide-print-shoe', 'at-buckle-slide-print-shoe', '2', 2800),
	(3581, 'terran-lattice-ii-sandal', 'terran-lattice-ii-sandal', '2', 2801),
	(3582, 'snow-quest-lite-boot', 'snow-quest-lite-boot', '2', 2802),
	(3583, 'around-town-lace-air-shoe', 'around-town-lace-air-shoe', '2', 2803),
	(3584, 'coldpack-ice-mid-polar-boot', 'coldpack-ice-mid-polar-boot', '2', 2804),
	(3585, 'chameleon-7-mid-shoe', 'chameleon-7-mid-shoe', '2', 2805),
	(3586, 'siren-sport-q2-mid-shoe', 'siren-sport-q2-mid-shoe', '2', 2806),
	(3587, 'aurora-6-ice-boot', 'aurora-6-ice-boot', '2', 2807),
	(3588, 'shiver-moc-2-loafer', 'shiver-moc-2-loafer', '2', 2808),
	(3589, 'freewheel-moc-shoe', 'freewheel-moc-shoe', '2', 2809),
	(3590, 'aurora-tall-ice-boot', 'aurora-tall-ice-boot', '2', 2810),
	(3591, 'jungle-moc-shoe', 'jungle-moc-shoe', '2', 2811),
	(3593, 'bare-access-flex-shoe', 'bare-access-flex-shoe', '2', 2813),
	(3595, 'berner-moc-shoe', 'berner-moc-shoe', '2', 2815),
	(3596, 'berner-lace-shoe', 'berner-lace-shoe', '2', 2816),
	(3597, 'adhera-slide-sandal', 'adhera-slide-sandal', '2', 2817),
	(3598, '1six8-shoe', '1six8-shoe', '2', 2818),
	(3599, 'chameleon-7-w-shoe', 'chameleon-7-w-shoe', '2', 2819),
	(3600, 'terran-post-ii-sandal', 'terran-post-ii-sandal', '2', 2820),
	(3601, 'capra-bolt-mid-shoe', 'capra-bolt-mid-shoe', '2', 2821),
	(3602, 'chameleon-7-mid-shoe', 'chameleon-7-mid-shoe', '2', 2822),
	(3603, 'capra-glacial-ice-mid-w-shoe', 'capra-glacial-ice-mid-w-shoe', '2', 2823),
	(3604, 'sugarbush-boot', 'sugarbush-boot', '2', 2824),
	(3605, 'moab-adventure-lace-shoe', 'moab-adventure-lace-shoe', '2', 2825),
	(3606, 'chameleon-7-m-shoe', 'chameleon-7-m-shoe', '2', 2826),
	(3607, 'snow-bank-20-boot', 'snow-bank-20-boot', '2', 2827),
	(3608, 'bare-access-flex-w-shoe', 'bare-access-flex-w-shoe', '2', 2828),
	(3609, 'snow-bank-20-boot-little-kid', 'snow-bank-20-boot-little-kid', '2', 2829),
	(3611, 'moab-fst-ice-shoe', 'moab-fst-ice-shoe', '2', 2831),
	(3612, 'thermo-vortex-8-boot', 'thermo-vortex-8-boot', '2', 2832),
	(3613, 'salida-trekker-shoes', 'salida-trekker-shoes', '2', 2833),
	(3614, 'coldpack-ice-moc-w-shoe', 'coldpack-ice-moc-w-shoe', '2', 2834),
	(3615, 'pulsate-ventilator-shoes', 'pulsate-ventilator-shoes', '2', 2835),
	(3616, 'coldpack-ice-moc-m-shoe', 'coldpack-ice-moc-m-shoe', '2', 2836),
	(3617, 'crestbound-goretex-boot', 'crestbound-goretex-boot', '2', 2837),
	(3618, 'moab-edge-shoe', 'moab-edge-shoe', '2', 2838),
	(3619, 'all-out-blaze-2-mid-shoe', 'all-out-blaze-2-mid-shoe', '2', 2839),
	(3620, 'chateau-mid-pull-boot', 'chateau-mid-pull-boot', '2', 2840),
	(3621, 'moab-fst-shoe', 'moab-fst-shoe', '2', 2841),
	(3622, 'freewheel-lace-shoe', 'freewheel-lace-shoe', '2', 2842),
	(3623, 'snow-quest-lite-boot-little-kid', 'snow-quest-lite-boot-little-kid', '2', 2843),
	(3624, 'agility-peak-flex-sneaker', 'agility-peak-flex-sneaker', '2', 2844),
	(3626, 'capra-bolt-air-shoe', 'capra-bolt-air-shoe', '2', 2846),
	(3628, 'capra-glacial-ice-mid-m-shoe', 'capra-glacial-ice-mid-m-shoe', '2', 2848),
	(3629, 'getaway-lace-shoes', 'getaway-lace-shoes', '2', 2849),
	(3630, 'aurora-tall-ice-boot', 'aurora-tall-ice-boot', '2', 2850),
	(3631, 'siren-edge-shoe', 'siren-edge-shoe', '2', 2851),
	(3632, 'moab-fst-w-shoe', 'moab-fst-w-shoe', '2', 2852),
	(3633, 'norsehund-omega-mid-shoes', 'norsehund-omega-mid-shoes', '2', 2853),
	(3634, 'getaway-shakra-lace-shoe', 'getaway-shakra-lace-shoe', '2', 2854),
	(3635, 'burnt-rock-mid-shoe', 'burnt-rock-mid-shoe', '2', 2855),
	(3636, 'tremblant-tall-polar-boot', 'tremblant-tall-polar-boot', '2', 2856),
	(3637, 'sugarbush-boot', 'sugarbush-boot', '2', 2857),
	(3638, 'tremblant-mid-polar-boot', 'tremblant-mid-polar-boot', '2', 2858),
	(3639, 'overlook-6-ice-shoes', 'overlook-6-ice-shoes', '2', 2859),
	(3640, 'moab-fst-leather-shoe', 'moab-fst-leather-shoe', '2', 2860),
	(3641, 'trail-glove-4-shoe', 'trail-glove-4-shoe', '2', 2861),
	(3642, 'thermo-vortex-8-boot', 'thermo-vortex-8-boot', '2', 2862),
	(3643, 'murren-strap-boot', 'murren-strap-boot', '2', 2863),
	(3644, 'pulsate-shoes', 'pulsate-shoes', '2', 2864),
	(3645, 'thermo-arc-8-boot', 'thermo-arc-8-boot', '2', 2865),
	(3646, 'moab-fst-mid-shoe', 'moab-fst-mid-shoe', '2', 2866),
	(3647, 'moab-2-mid-boot', 'moab-2-mid-boot', '2', 2867),
	(3648, 'murren-mid-boot', 'murren-mid-boot', '2', 2868),
	(3649, 'murren-moc-shoe', 'murren-moc-shoe', '2', 2869),
	(3650, 'moab-2-ventilator-wide-width-boot', 'moab-2-ventilator-wide-width-boot', '2', 2870),
	(3651, 'rb4203-gradient-sunglass', 'rb4203-gradient-sunglass', '2', 2871),
	(3652, 'rb4242-classic-sunglass', 'rb4242-classic-sunglass', '2', 2872),
	(3653, 'rb4203-classic-sunglass', 'rb4203-classic-sunglass', '2', 2873),
	(3654, 'erika-color-mix-classic-sunglass', 'erika-color-mix-classic-sunglass', '2', 2874),
	(3655, 'rb4242-sunglass', 'rb4242-sunglass', '2', 2875),
	(3656, 'rb4242-polarized-sunglass', 'rb4242-polarized-sunglass', '2', 2876),
	(3658, 'liteforce-sunglass', 'liteforce-sunglass', '2', 2878),
	(3659, 'rb4274-polarized-sunglass', 'rb4274-polarized-sunglass', '2', 2879),
	(3660, 'aviator-flash-lenses-p-sunglass', 'aviator-flash-lenses-p-sunglass', '2', 2880),
	(3661, 'rb4274-gradient-sunglass', 'rb4274-gradient-sunglass', '2', 2881),
	(3662, 'blaze-clubmaster-classic-sunglass', 'blaze-clubmaster-classic-sunglass', '2', 2882),
	(3663, 'trail-glove-4-m-shoe', 'trail-glove-4-m-shoe', '2', 2883),
	(3664, 'hexagonal-junior-classic-sunglass', 'hexagonal-junior-classic-sunglass', '2', 2884),
	(3665, 'moab-fst-ice-thermo-shoe', 'moab-fst-ice-thermo-shoe', '2', 2885),
	(3666, 'all-out-blaze-sieve-shoe', 'all-out-blaze-sieve-shoe', '2', 2886),
	(3668, 'annex-trak-mid-boot', 'annex-trak-mid-boot', '2', 2888),
	(3669, 'sylva-mid-buckle-boot', 'sylva-mid-buckle-boot', '2', 2889),
	(3670, 'around-town-buckle-slide-print', 'around-town-buckle-slide-print', '2', 2890),
	(3671, 'trail-crusher-shoe', 'trail-crusher-shoe', '2', 2891),
	(3672, 'encore-q2-ice-shoe', 'encore-q2-ice-shoe', '2', 2892),
	(3673, 'thermo-shiver-8-boot', 'thermo-shiver-8-boot', '2', 2893),
	(3674, 'terran-strap-ii-sandal', 'terran-strap-ii-sandal', '2', 2894),
	(3675, 'around-town-mid-lace-shoe', 'around-town-mid-lace-shoe', '2', 2895),
	(3676, 'all-out-crush-shoe', 'all-out-crush-shoe', '2', 2896),
	(3677, 'around-town-thong-buckle-slide', 'around-town-thong-buckle-slide', '2', 2897),
	(3678, 'around-town-moc-shoe', 'around-town-moc-shoe', '2', 2898),
	(3680, 'sandspur-oak-sandal', 'sandspur-oak-sandal', '2', 2900),
	(3681, 'berner-shift-lace-shoe', 'berner-shift-lace-shoe', '2', 2901),
	(3682, 'bare-access-arc-4-shoe', 'bare-access-arc-4-shoe', '2', 2902),
	(3683, 'mimix-daze-shoe', 'mimix-daze-shoe', '2', 2903),
	(3684, 'jungle-moc-ice-shoe', 'jungle-moc-ice-shoe', '2', 2904),
	(3685, 'summertide-knotty-slide', 'summertide-knotty-slide', '2', 2905),
	(3686, 'hydro-hiker-sandal', 'hydro-hiker-sandal', '2', 2906),
	(3687, 'terrant-strap-slide', 'terrant-strap-slide', '2', 2907),
	(3688, 'crestbound-goretex-shoe', 'crestbound-goretex-shoe', '2', 2908),
	(3689, 'sugarbush-tall-boot', 'sugarbush-tall-boot', '2', 2909),
	(3690, 'encore-bypass-shoe', 'encore-bypass-shoe', '2', 2910),
	(3691, 'getaway-locksley-shoe', 'getaway-locksley-shoe', '2', 2911),
	(3692, 'thermo-arc-8-boot', 'thermo-arc-8-boot', '2', 2912),
	(3693, 'telluride-slide-sandal', 'telluride-slide-sandal', '2', 2913),
	(3694, 'adhera-three-strap-ii-sandals', 'adhera-three-strap-ii-sandals', '2', 2914),
	(3695, 'albury-tall-polar-boot', 'albury-tall-polar-boot', '2', 2915),
	(3696, 'murren-strap-boot', 'murren-strap-boot', '2', 2916),
	(3697, 'vesper-thong-sandals', 'vesper-thong-sandals', '2', 2917),
	(3698, 'summertide-knotty-sandals', 'summertide-knotty-sandals', '2', 2918),
	(3699, 'moab-shoe', 'moab-shoe', '2', 2919),
	(3700, 'jungle-moc-bk-shoe', 'jungle-moc-bk-shoe', '2', 2920),
	(3701, 'speed-logo-tech-tee-20', 'speed-logo-tech-tee-20', '2', 2921),
	(3702, 'norsehund-omega-mid-boot', 'norsehund-omega-mid-boot', '2', 2922),
	(3703, 'moab-polar-mid-boot', 'moab-polar-mid-boot', '2', 2923),
	(3704, 'hilltop-mid-quickclose-shoe', 'hilltop-mid-quickclose-shoe', '2', 2924),
	(3705, 'geotex-full-zip-hoodie', 'geotex-full-zip-hoodie', '2', 2925),
	(3706, 'capra-boot', 'capra-boot', '2', 2926),
	(3707, 'fallon-jacket-30', 'fallon-jacket-30', '2', 2927),
	(3708, 'jungle-moc-leather-shoe', 'jungle-moc-leather-shoe', '2', 2928),
	(3709, 'freetime-tech-tee', 'freetime-tech-tee', '2', 2929),
	(3710, 'hilltop-mid-quickclose-waterproof-shoe', 'hilltop-mid-quickclose-waterproof-shoe', '2', 2930),
	(3711, 'hilltop-mid-quickclose-lk-shoe', 'hilltop-mid-quickclose-lk-shoe', '2', 2931),
	(3712, 'torrent-windbreaker-hooded-jacket', 'torrent-windbreaker-hooded-jacket', '2', 2932),
	(3713, 'moab-mid-waterproof-boot', 'moab-mid-waterproof-boot', '2', 2933),
	(3714, 'chillgard-full-zip-fleece-jacket', 'chillgard-full-zip-fleece-jacket', '2', 2934),
	(3715, 'trail-chaser-shoe', 'trail-chaser-shoe', '2', 2935),
	(3716, 'murren-hybrid-hoodie', 'murren-hybrid-hoodie', '2', 2936),
	(3717, 'charlotte-tote-bag', 'charlotte-tote-bag', '2', 2937),
	(3718, 'ferris-plaid-shirt', 'ferris-plaid-shirt', '2', 2938),
	(3719, 'moab-polar-mid-waterproof-boot', 'moab-polar-mid-waterproof-boot', '2', 2939),
	(3720, 'myers-20-bagpack', 'myers-20-bagpack', '2', 2940),
	(3721, 'resister-short', 'resister-short', '2', 2941),
	(3722, 'hydro-drift-sandal', 'hydro-drift-sandal', '2', 2942),
	(3723, 'milton-backpack', 'milton-backpack', '2', 2943),
	(3724, 'torrent-short', 'torrent-short', '2', 2944),
	(3725, 'alpine-boot', 'alpine-boot', '2', 2945),
	(3726, 'discover-backpack', 'discover-backpack', '2', 2946),
	(3727, 'glacial-featherless-jacket', 'glacial-featherless-jacket', '2', 2947),
	(3728, 'austin-bagpack', 'austin-bagpack', '2', 2948),
	(3729, 'fitted-corduroy-pant', 'fitted-corduroy-pant', '2', 2949),
	(3730, 'insul-snowbelle-pant-reg', 'insul-snowbelle-pant-reg', '2', 2950),
	(3731, 'reversible-puffball-pants', 'reversible-puffball-pants', '2', 2951),
	(3732, 'ws-insul-snowbelle-jacket', 'ws-insul-snowbelle-jacket', '2', 2952),
	(3733, 'jackson-glacier-parka', 'jackson-glacier-parka', '2', 2953),
	(3734, 'fitz-roy-crest-tshirt', 'fitz-roy-crest-tshirt', '2', 2954),
	(3735, '3in1-parka', '3in1-parka', '2', 2955),
	(3736, 'ws-untracked-jacket', 'ws-untracked-jacket', '2', 2956),
	(3737, 'reversible-down-sweater-hoody', 'reversible-down-sweater-hoody', '2', 2957),
	(3738, 'micro-d-snapt-fleece-jacket', 'micro-d-snapt-fleece-jacket', '2', 2958),
	(3739, 'snow-cycle-responsibilitee', 'snow-cycle-responsibilitee', '2', 2959),
	(3740, 'ms-topley-jacket', 'ms-topley-jacket', '2', 2960),
	(3741, 'ws-stormdrift-parka', 'ws-stormdrift-parka', '2', 2961),
	(3742, 'synchilla-fleece-bootie', 'synchilla-fleece-bootie', '2', 2962),
	(3743, 'snow-pile-jacket', 'snow-pile-jacket', '2', 2963),
	(3744, 'ws-untracked-pant', 'ws-untracked-pant', '2', 2964),
	(3745, 'refugio-backpack-28l', 'refugio-backpack-28l', '2', 2965),
	(3746, 'ws-pipe-down-jacket', 'ws-pipe-down-jacket', '2', 2966),
	(3747, 'ms-jackson-glacier-jacket', 'ms-jackson-glacier-jacket', '2', 2967),
	(3748, 'snow-pile-bibs', 'snow-pile-bibs', '2', 2968),
	(3749, 'down-for-fun-coat', 'down-for-fun-coat', '2', 2969),
	(3750, 'maple-grove-canvas-jacket', 'maple-grove-canvas-jacket', '2', 2970),
	(3751, 'ms-snowshot-jacket', 'ms-snowshot-jacket', '2', 2971),
	(3752, 'micro-d-fleece-crew-sweater', 'micro-d-fleece-crew-sweater', '2', 2972),
	(3753, 'hyper-puff-jacket', 'hyper-puff-jacket', '2', 2973),
	(3754, 'crosstrek-fleece-bottoms', 'crosstrek-fleece-bottoms', '2', 2974),
	(3755, 'insulated-prairie-dawn-parka', 'insulated-prairie-dawn-parka', '2', 2975),
	(3756, 'micro-d-fleece-bottoms-pant', 'micro-d-fleece-bottoms-pant', '2', 2976),
	(3757, 'headway-brief-22l-briefcase', 'headway-brief-22l-briefcase', '2', 2977),
	(3758, 'hyper-puff-hoodie', 'hyper-puff-hoodie', '2', 2978),
	(3759, 'crosstrek-fleece-14zip-sweater', 'crosstrek-fleece-14zip-sweater', '2', 2979),
	(3760, 'vanilla-beanie', 'vanilla-beanie', '2', 2980),
	(3761, 'powslayer-jacket', 'powslayer-jacket', '2', 2981),
	(3762, 'atom-sling-8l-backpack', 'atom-sling-8l-backpack', '2', 2982),
	(3763, 'tough-puff-hoodie', 'tough-puff-hoodie', '2', 2983),
	(3764, 'hole-30l-backpack', 'hole-30l-backpack', '2', 2984),
	(3765, 'performance-twill-jeans', 'performance-twill-jeans', '2', 2985),
	(3766, 'down-sweater-jacket', 'down-sweater-jacket', '2', 2986),
	(3767, 'fresh-tracks-jacket', 'fresh-tracks-jacket', '2', 2987),
	(3768, 'synchilla-snapt-pant', 'synchilla-snapt-pant', '2', 2988),
	(3769, 'refugio-backpack-26l', 'refugio-backpack-26l', '2', 2989),
	(3770, 'fjord-flannel-shirt', 'fjord-flannel-shirt', '2', 2990),
	(3771, 'synchilla-snapt-hoodie', 'synchilla-snapt-hoodie', '2', 2991),
	(3772, 'hole-cube-10l-handbag', 'hole-cube-10l-handbag', '2', 2992),
	(3773, 'capilene-tight', 'capilene-tight', '2', 2993),
	(3774, 'performance-straight-fit-jean', 'performance-straight-fit-jean', '2', 2994),
	(3775, 'beatrice-beanie', 'beatrice-beanie', '2', 2995),
	(3776, 'nanoair-hybrid-jacket', 'nanoair-hybrid-jacket', '2', 2996),
	(3777, 'venga-rock-pant', 'venga-rock-pant', '2', 2997),
	(3778, 'active-mesh-bra', 'active-mesh-bra', '2', 2998),
	(3779, 'descensionist-pant', 'descensionist-pant', '2', 2999),
	(3780, 'down-sweater-hoodie', 'down-sweater-hoodie', '2', 3000),
	(3781, 'powslayer-bibs-pant', 'powslayer-bibs-pant', '2', 3001),
	(3782, 'lightweight-fjord-flannel-shirt', 'lightweight-fjord-flannel-shirt', '2', 3002),
	(3783, 'nano-puff-bivy-pullover', 'nano-puff-bivy-pullover', '2', 3003),
	(3784, 'cloud-ridge-jacket', 'cloud-ridge-jacket', '2', 3004),
	(3785, 'primo-down-jacket', 'primo-down-jacket', '2', 3005),
	(3786, 'hole-backpack-32l', 'hole-backpack-32l', '2', 3006),
	(3787, 'synchilla-snapt-fleece-pullover', 'synchilla-snapt-fleece-pullover', '2', 3007),
	(3788, 'bluffside-shirt', 'bluffside-shirt', '2', 3008),
	(3789, 'ms-untracked-pant', 'ms-untracked-pant', '2', 3009),
	(3790, 'quandary-pant', 'quandary-pant', '2', 3010),
	(3791, 'solid-sunamee-bikini-bottoms', 'solid-sunamee-bikini-bottoms', '2', 3011),
	(3792, 'ms-untracked-jacket', 'ms-untracked-jacket', '2', 3012),
	(3793, 'stretch-rainshadow-jacket', 'stretch-rainshadow-jacket', '2', 3013),
	(3794, 'nano-puff-jacket', 'nano-puff-jacket', '2', 3014),
	(3795, 'active-hipster-bikini', 'active-hipster-bikini', '2', 3015),
	(3796, 'beanie-hat', 'beanie-hat', '2', 3016),
	(3797, 'stretch-allwear-4-short', 'stretch-allwear-4-short', '2', 3017),
	(3798, 'triolet-jacket', 'triolet-jacket', '2', 3018),
	(3799, 'happy-hike-pant', 'happy-hike-pant', '2', 3019),
	(3800, 'trout-fitz-roy-polo', 'trout-fitz-roy-polo', '2', 3020),
	(3801, 'ws-down-sweater-jacket', 'ws-down-sweater-jacket', '2', 3021),
	(3802, 'bivy-down-jacket', 'bivy-down-jacket', '2', 3022),
	(3803, 'refugitive-jacket', 'refugitive-jacket', '2', 3023),
	(3804, 'splitter-script-rec-responsibilitee', 'splitter-script-rec-responsibilitee', '2', 3024),
	(3805, 'stretch-nano-storm-jacket', 'stretch-nano-storm-jacket', '2', 3025),
	(3806, 'torrentshell-pant', 'torrentshell-pant', '2', 3026),
	(3807, 'insulated-fjord-flannel-jacket', 'insulated-fjord-flannel-jacket', '2', 3027),
	(3808, 'windsweep-down-hoody', 'windsweep-down-hoody', '2', 3028),
	(3809, 'better-sweater-14zip-pullover', 'better-sweater-14zip-pullover', '2', 3029),
	(3810, 'snowdrifter-pant', 'snowdrifter-pant', '2', 3030),
	(3811, 'nanoair-hoodie', 'nanoair-hoodie', '2', 3031),
	(3812, 'nanoair-light-hybrid-jacket', 'nanoair-light-hybrid-jacket', '2', 3032),
	(3813, 'atom-backpack-18l', 'atom-backpack-18l', '2', 3033),
	(3814, 'ms-better-sweater-fleece-jacket', 'ms-better-sweater-fleece-jacket', '2', 3034),
	(3815, 'hiloft-down-sweater', 'hiloft-down-sweater', '2', 3035),
	(3816, 'performance-straight-fit-jean', 'performance-straight-fit-jean', '2', 3036),
	(3817, 'centered-tight-27', 'centered-tight-27', '2', 3037),
	(3818, 'quilt-snapt-pullover', 'quilt-snapt-pullover', '2', 3038),
	(3819, 'capilene-zipneck-pullover', 'capilene-zipneck-pullover', '2', 3039),
	(3820, 'headway-mlc-45l-bag', 'headway-mlc-45l-bag', '2', 3040),
	(3821, 'misty-meadow-tunic', 'misty-meadow-tunic', '2', 3041),
	(3822, 'nano-puff-vest', 'nano-puff-vest', '2', 3042),
	(3823, 'ws-triolet-pant', 'ws-triolet-pant', '2', 3043),
	(3824, 'tropic-comfort-crew-tee', 'tropic-comfort-crew-tee', '2', 3044),
	(3825, 'aspen-forest-tunic', 'aspen-forest-tunic', '2', 3045),
	(3826, 'ms-triolet-pant', 'ms-triolet-pant', '2', 3046),
	(3827, 'ws-nano-puff-jacket', 'ws-nano-puff-jacket', '2', 3047),
	(3828, 'cloud-ridge-jacket', 'cloud-ridge-jacket', '2', 3048),
	(3829, 'ws-hyper-puff-hoodie', 'ws-hyper-puff-hoodie', '2', 3049),
	(3830, 'better-sweater-fleece-vest', 'better-sweater-fleece-vest', '2', 3050),
	(3831, 'back-step-short-10', 'back-step-short-10', '2', 3051),
	(3832, 'ws-nanoair-hoodie', 'ws-nanoair-hoodie', '2', 3052),
	(3833, 'ms-capilene-tw-crew-sweater', 'ms-capilene-tw-crew-sweater', '2', 3053),
	(3834, 'ws-better-sweater-fleece-jacket', 'ws-better-sweater-fleece-jacket', '2', 3054),
	(3835, 'aspen-grove-jacket', 'aspen-grove-jacket', '2', 3055),
	(3836, 'ws-tough-puff-hoodie', 'ws-tough-puff-hoodie', '2', 3056),
	(3837, 'ws-capilene-tw-crew-sweater', 'ws-capilene-tw-crew-sweater', '2', 3057),
	(3838, 'ms-better-sweater-14zip-fleece-pullover', 'ms-better-sweater-14zip-fleece-pullover', '2', 3058),
	(3839, 'pinyon-pines-pant', 'pinyon-pines-pant', '2', 3059),
	(3840, 'sunshade-hooded-tee', 'sunshade-hooded-tee', '2', 3060),
	(3841, 'rps-rock-pants', 'rps-rock-pants', '2', 3061),
	(3842, 'ms-down-snapt-pullover', 'ms-down-snapt-pullover', '2', 3062),
	(3843, 'capilene-bootlength-tight', 'capilene-bootlength-tight', '2', 3063),
	(3844, 'island-hopper-ii-shirt', 'island-hopper-ii-shirt', '2', 3064),
	(3845, 'pita-pocket-mittens-glove', 'pita-pocket-mittens-glove', '2', 3065),
	(3846, 'snapt-fleece-pant', 'snapt-fleece-pant', '2', 3066),
	(3847, 'simul-alpine-pants', 'simul-alpine-pants', '2', 3067),
	(3848, 'baby-pita-pocket-mittens-glove', 'baby-pita-pocket-mittens-glove', '2', 3068),
	(3849, 'insulated-powder-bowl-jacket', 'insulated-powder-bowl-jacket', '2', 3069),
	(3850, 'stretch-rainshadow-ws-jacket', 'stretch-rainshadow-ws-jacket', '2', 3070),
	(3851, 'hole-cinch-backpack-20l', 'hole-cinch-backpack-20l', '2', 3071),
	(3852, 'capilene-tw-bottoms-tight', 'capilene-tw-bottoms-tight', '2', 3072),
	(3853, 'ms-powder-bowl-jacket', 'ms-powder-bowl-jacket', '2', 3073),
	(3854, 'triolet-ws-jacket', 'triolet-ws-jacket', '2', 3074),
	(3855, 'wavefarer-bucket-hat', 'wavefarer-bucket-hat', '2', 3075),
	(3856, 'ws-down-sweater-vest', 'ws-down-sweater-vest', '2', 3076),
	(3857, '3in1-snowshot-jacket', '3in1-snowshot-jacket', '2', 3077),
	(3858, 'capilene-thermal-ws-hoodie', 'capilene-thermal-ws-hoodie', '2', 3078),
	(3859, 'retool-snapt-fleece-pullover', 'retool-snapt-fleece-pullover', '2', 3079),
	(3860, 'ms-insulated-powder-bowl-jacket', 'ms-insulated-powder-bowl-jacket', '2', 3080),
	(3861, 'ms-synchilla-snapt-fleece-pullover', 'ms-synchilla-snapt-fleece-pullover', '2', 3081),
	(3862, 'fjord-flannel-ws-shirt', 'fjord-flannel-ws-shirt', '2', 3082),
	(3863, 'brodeo-beanie', 'brodeo-beanie', '2', 3083),
	(3864, 'capilene-midweight-crew-tee', 'capilene-midweight-crew-tee', '2', 3084),
	(3865, 'hole-duffel-bag-60l', 'hole-duffel-bag-60l', '2', 3085),
	(3866, 'tres-backpack-25l', 'tres-backpack-25l', '2', 3086),
	(3867, 'lash-point-parka', 'lash-point-parka', '2', 3087),
	(3868, 'insulated-powder-bowl-pant', 'insulated-powder-bowl-pant', '2', 3088),
	(3869, 'barely-bra', 'barely-bra', '2', 3089),
	(3870, 'hole-mini-messenger-12l-bag', 'hole-mini-messenger-12l-bag', '2', 3090),
	(3871, 'venga-rock-pant', 'venga-rock-pant', '2', 3091),
	(3872, 'ms-torrentshell-jacket', 'ms-torrentshell-jacket', '2', 3092),
	(3873, 'snow-pile-onepiece', 'snow-pile-onepiece', '2', 3093),
	(3874, 'capilene-tw-onepiece-suit', 'capilene-tw-onepiece-suit', '2', 3094),
	(3875, 'down-sweater', 'down-sweater', '2', 3095),
	(3876, 'powder-bowl-pant', 'powder-bowl-pant', '2', 3096),
	(3877, 'hole-duffel-bag-90l', 'hole-duffel-bag-90l', '2', 3097),
	(3878, 'torrentshell-jacket', 'torrentshell-jacket', '2', 3098),
	(3879, 'puffball-bunting', 'puffball-bunting', '2', 3099),
	(3880, 'reversible-puffball-jacket', 'reversible-puffball-jacket', '2', 3100),
	(3881, 'crosstrek-fleece-14zip', 'crosstrek-fleece-14zip', '2', 3101),
	(3882, 'hiloft-down-sweater-hoodie', 'hiloft-down-sweater-hoodie', '2', 3102),
	(3883, 'rocky-peak-shirt-dress', 'rocky-peak-shirt-dress', '2', 3103),
	(3884, 'infant-capilene-set', 'infant-capilene-set', '2', 3104),
	(3885, 'better-sweater-fleece-scarf', 'better-sweater-fleece-scarf', '2', 3105),
	(3886, 'hiloft-down-sweater-bunting', 'hiloft-down-sweater-bunting', '2', 3106),
	(3887, 'rev-bivy-down-vest', 'rev-bivy-down-vest', '2', 3107),
	(3888, 'slopestyle-beanie', 'slopestyle-beanie', '2', 3108),
	(3889, 'black-hole-duffel-bag-120l', 'black-hole-duffel-bag-120l', '2', 3109),
	(3890, 'arbor-backpack-26l', 'arbor-backpack-26l', '2', 3110),
	(3891, 'lined-knit-headband', 'lined-knit-headband', '2', 3111),
	(3892, 'glade-beanie', 'glade-beanie', '2', 3112),
	(3893, 'cable-beanie', 'cable-beanie', '2', 3113),
	(3894, 'powder-town-beanie', 'powder-town-beanie', '2', 3114),
	(3895, 'furry-friends-hat', 'furry-friends-hat', '2', 3115),
	(3896, 'free-thinker-jacket', 'free-thinker-jacket', '2', 3116),
	(3897, 'chakal-jacket', 'chakal-jacket', '2', 3117),
	(3898, 'mcmurdo-parka-iii', 'mcmurdo-parka-iii', '2', 3118),
	(3899, 'l5-fuseform-goretex-cknit-jacket', 'l5-fuseform-goretex-cknit-jacket', '2', 3119),
	(3900, 'evo-chukka-boot', 'evo-chukka-boot', '2', 3120),
	(3901, 'metropolis-parka-ii', 'metropolis-parka-ii', '2', 3121),
	(3902, 'ws-l6-summit-parka', 'ws-l6-summit-parka', '2', 3122),
	(3903, 'montana-goretex-sg-glove', 'montana-goretex-sg-glove', '2', 3123),
	(3904, 'proprius-summit-l4-softshell-pants', 'proprius-summit-l4-softshell-pants', '2', 3124),
	(3905, 'ms-summit-l6-parka', 'ms-summit-l6-parka', '2', 3125),
	(3906, 'montana-goretex-glove', 'montana-goretex-glove', '2', 3126),
	(3907, 'chilkat-evo-boot', 'chilkat-evo-boot', '2', 3127),
	(3908, 'venture-2-jacket', 'venture-2-jacket', '2', 3128),
	(3909, 'patrol-glove', 'patrol-glove', '2', 3129),
	(3910, 'ws-montana-goretex-glove', 'ws-montana-goretex-glove', '2', 3130),
	(3911, 'cozy-chunky-beanie', 'cozy-chunky-beanie', '2', 3131),
	(3912, 'shellista-iii-tall-winter-boot', 'shellista-iii-tall-winter-boot', '2', 3132),
	(3913, 'mossbud-swirl-jacket', 'mossbud-swirl-jacket', '2', 3133),
	(3914, 'venture-2-jacket', 'venture-2-jacket', '2', 3134),
	(3915, 'descendit-jacket', 'descendit-jacket', '2', 3135),
	(3916, 'mountain-25-tent', 'mountain-25-tent', '2', 3136),
	(3917, 'alpenglow-iv-boot', 'alpenglow-iv-boot', '2', 3137),
	(3918, 'nuptse-purna-ii-winter-boot', 'nuptse-purna-ii-winter-boot', '2', 3138),
	(3919, 'thermal-tent-mules-ii-slipper', 'thermal-tent-mules-ii-slipper', '2', 3139),
	(3920, 'etip-glove', 'etip-glove', '2', 3140),
	(3921, 'ms-ampere-pant', 'ms-ampere-pant', '2', 3141),
	(3922, 'apex-etip-glove', 'apex-etip-glove', '2', 3142),
	(3923, 'gs-thermoball-hoodie', 'gs-thermoball-hoodie', '2', 3143),
	(3924, 'nuptse-ridge-parka', 'nuptse-ridge-parka', '2', 3144),
	(3925, 'superhike-pants', 'superhike-pants', '2', 3145),
	(3926, 'anders-beanie', 'anders-beanie', '2', 3146),
	(3927, 'flux-2-power-stretch-14-zip', 'flux-2-power-stretch-14-zip', '2', 3147),
	(3928, 'shellistai-iii-pullon-winter-boot', 'shellistai-iii-pullon-winter-boot', '2', 3148),
	(3929, 'ms-nuptse-ridge-parka', 'ms-nuptse-ridge-parka', '2', 3149),
	(3930, 'gotham-parka-ii', 'gotham-parka-ii', '2', 3150),
	(3931, 'freedom-insulated-pant', 'freedom-insulated-pant', '2', 3151),
	(3932, 'ws-apex-etip-glove', 'ws-apex-etip-glove', '2', 3152),
	(3934, 'ms-apex-etip-glove', 'ms-apex-etip-glove', '2', 3154),
	(3935, 'ms-outer-boroughs-parka', 'ms-outer-boroughs-parka', '2', 3155),
	(3936, 'ws-tech-glacier-14-zip-sweater', 'ws-tech-glacier-14-zip-sweater', '2', 3156),
	(3937, 'freedom-pant', 'freedom-pant', '2', 3157),
	(3938, 'ventrix-hoodie', 'ventrix-hoodie', '2', 3158),
	(3939, 'ms-glacier-tech-14-zip-sweater', 'ms-glacier-tech-14-zip-sweater', '2', 3159),
	(3940, 'bedford-down-bomber', 'bedford-down-bomber', '2', 3160),
	(3941, 'pivoter-bagpack', 'pivoter-bagpack', '2', 3161),
	(3942, 'apex-flex-gtx-insulated-jacket', 'apex-flex-gtx-insulated-jacket', '2', 3162),
	(3943, 'the-narrows-pant', 'the-narrows-pant', '2', 3163),
	(3944, 'pseudio-glove', 'pseudio-glove', '2', 3164),
	(3945, 'wakerly-hoodie', 'wakerly-hoodie', '2', 3165),
	(3946, 'thermoball-buttonup-boot', 'thermoball-buttonup-boot', '2', 3166),
	(3947, 'recon-bagpack', 'recon-bagpack', '2', 3167),
	(3948, 'knit-stitch-fleece-pullover', 'knit-stitch-fleece-pullover', '2', 3168),
	(3949, 'ms-apex-flex-gtx-insulated-jacket', 'ms-apex-flex-gtx-insulated-jacket', '2', 3169),
	(3950, 'thermoball-lace-ii-boot', 'thermoball-lace-ii-boot', '2', 3170),
	(3951, 'thermoball-lifty-winter-boot', 'thermoball-lifty-winter-boot', '2', 3171),
	(3952, 'thermoball-full-zip-jacket', 'thermoball-full-zip-jacket', '2', 3172),
	(3954, 'thermoball-parka-ii', 'thermoball-parka-ii', '2', 3174),
	(3955, 'thermoball-hoodie', 'thermoball-hoodie', '2', 3175),
	(3956, 'thermoball-traction-mules-iv-shoe', 'thermoball-traction-mules-iv-shoe', '2', 3176),
	(3957, 'thermoball-traction-mules-iv-luxe-shoe', 'thermoball-traction-mules-iv-luxe-shoe', '2', 3177),
	(3958, 'ws-recon-bagpack', 'ws-recon-bagpack', '2', 3178),
	(3959, 'ws-resolve-2-jacket', 'ws-resolve-2-jacket', '2', 3179),
	(3960, 'thermoball-utility-mid-boot', 'thermoball-utility-mid-boot', '2', 3180),
	(3961, 'ms-resolve-2-jacket', 'ms-resolve-2-jacket', '2', 3181),
	(3962, 'ws-resolve-parka', 'ws-resolve-parka', '2', 3182),
	(3963, 'arctic-parka-ii', 'arctic-parka-ii', '2', 3183),
	(3964, 'ws-resolve-plus-jacket', 'ws-resolve-plus-jacket', '2', 3184),
	(3965, 'thermocore-shirt', 'thermocore-shirt', '2', 3185),
	(3966, 'around-town-beanie', 'around-town-beanie', '2', 3186),
	(3967, 'transit-jacket-ii', 'transit-jacket-ii', '2', 3187),
	(3968, 'flashdry-crew-tee', 'flashdry-crew-tee', '2', 3188),
	(3969, 'salty-dog-beanie', 'salty-dog-beanie', '2', 3189),
	(3970, 'ascent-active-beanie', 'ascent-active-beanie', '2', 3190),
	(3971, 'indi-2-jacket', 'indi-2-jacket', '2', 3191),
	(3972, 'shellista-ii-mid-boot', 'shellista-ii-mid-boot', '2', 3192),
	(3973, 'mezzaluna-hoodie', 'mezzaluna-hoodie', '2', 3193),
	(3974, 'backtoberkeley-redux-boot', 'backtoberkeley-redux-boot', '2', 3194),
	(3975, 'shellista-lace-novelty-ii-boot', 'shellista-lace-novelty-ii-boot', '2', 3195),
	(3976, 'arroyo-flannel-shirt', 'arroyo-flannel-shirt', '2', 3196),
	(3977, 'ballard-lace-ii-boot', 'ballard-lace-ii-boot', '2', 3197),
	(3978, 'traverse-rt-leather-shoe', 'traverse-rt-leather-shoe', '2', 3198),
	(3979, 'shinsky-beanie', 'shinsky-beanie', '2', 3199),
	(3980, 'buttonwood-shirt', 'buttonwood-shirt', '2', 3200),
	(3981, 'summit-l4-softshell-pant', 'summit-l4-softshell-pant', '2', 3201),
	(3982, 'reversible-tnf-banner-beanie', 'reversible-tnf-banner-beanie', '2', 3202),
	(3983, 'in-a-flash-henley-sweater', 'in-a-flash-henley-sweater', '2', 3203),
	(3984, 'hedgehog-fastpack-goretex-shoe', 'hedgehog-fastpack-goretex-shoe', '2', 3204),
	(3985, 'base-camp-flipflop-sandal', 'base-camp-flipflop-sandal', '2', 3205),
	(3986, 'pseudio-long-jacket', 'pseudio-long-jacket', '2', 3206),
	(3987, 'recoverup-jacket', 'recoverup-jacket', '2', 3207),
	(3988, 'ws-ventrix-jacket', 'ws-ventrix-jacket', '2', 3208),
	(3989, 'base-camp-duffel-medium-bags', 'base-camp-duffel-medium-bags', '2', 3209),
	(3990, 'tnf-terry-henley-sweater', 'tnf-terry-henley-sweater', '2', 3210),
	(3991, 'boyfriend-shirt', 'boyfriend-shirt', '2', 3211),
	(3992, 'bones-beanie', 'bones-beanie', '2', 3212),
	(3993, 'ms-ventrix-jacket', 'ms-ventrix-jacket', '2', 3213),
	(3994, 'woodland-sweater-tunic', 'woodland-sweater-tunic', '2', 3214),
	(3995, 'borealis-backpack', 'borealis-backpack', '2', 3215),
	(3996, 'mauna-kea-parka', 'mauna-kea-parka', '2', 3216),
	(3997, 'hayden-pass-shirt', 'hayden-pass-shirt', '2', 3217),
	(3998, 'brayden-insulated-jacket', 'brayden-insulated-jacket', '2', 3218),
	(3999, 'hybrid-hiker-tight', 'hybrid-hiker-tight', '2', 3219),
	(4000, 'litewave-flow-lace-shoe', 'litewave-flow-lace-shoe', '2', 3220),
	(4001, 'bs-brayden-insulated-jacket', 'bs-brayden-insulated-jacket', '2', 3221),
	(4002, 'tech-mezzaluna-hoodie', 'tech-mezzaluna-hoodie', '2', 3222),
	(4003, 'kabyte-backpack', 'kabyte-backpack', '2', 3223),
	(4004, 'aphrodite-20-pant', 'aphrodite-20-pant', '2', 3224),
	(4005, 'brooklyn-parka-ii', 'brooklyn-parka-ii', '2', 3225),
	(4006, 'jim-beanie', 'jim-beanie', '2', 3226),
	(4007, 'tong-base-camp-sandal', 'tong-base-camp-sandal', '2', 3227),
	(4008, 'tnf-terry-henley-sweater', 'tnf-terry-henley-sweater', '2', 3228),
	(4009, 'cable-minna-beanie', 'cable-minna-beanie', '2', 3229),
	(4010, 'ws-cable-minna-beanie', 'ws-cable-minna-beanie', '2', 3230),
	(4011, 'woodland-sweater-tunic', 'woodland-sweater-tunic', '2', 3231),
	(4012, 'knit-stitch-fleece-pullover', 'knit-stitch-fleece-pullover', '2', 3232),
	(4013, 'hayden-pass-shirt', 'hayden-pass-shirt', '2', 3233),
	(4014, 'canyonlands-12-zip-sweater', 'canyonlands-12-zip-sweater', '2', 3234),
	(4015, 'canyonlands-jacket', 'canyonlands-jacket', '2', 3235),
	(4016, 'hybrid-hiker-tight', 'hybrid-hiker-tight', '2', 3236),
	(4017, 'ms-apex-risor-jacket', 'ms-apex-risor-jacket', '2', 3237),
	(4018, 'fuseform-summit-l5-cknit-jacket', 'fuseform-summit-l5-cknit-jacket', '2', 3238),
	(4019, 'tech-mezzaluna-hoodie', 'tech-mezzaluna-hoodie', '2', 3239),
	(4021, 'summit-l5-gtx-pro-overalls', 'summit-l5-gtx-pro-overalls', '2', 3241),
	(4022, 'apex-risor-hoodie', 'apex-risor-hoodie', '2', 3242),
	(4023, 'aphrodite-20-pant', 'aphrodite-20-pant', '2', 3243),
	(4024, 'summit-l5-gtx-pro-jacket', 'summit-l5-gtx-pro-jacket', '2', 3244),
	(4025, 'free-thinker-jacket', 'free-thinker-jacket', '2', 3245),
	(4026, 'harway-insulated-parka', 'harway-insulated-parka', '2', 3246),
	(4027, 'motivation-14-zip-sweater', 'motivation-14-zip-sweater', '2', 3247),
	(4028, 'summit-l3-hooded-jacket', 'summit-l3-hooded-jacket', '2', 3248),
	(4029, 'freedom-insulated-pant', 'freedom-insulated-pant', '2', 3249),
	(4031, 'fresh-tracks-pants', 'fresh-tracks-pants', '2', 3251),
	(4032, 'reactor-hoodie', 'reactor-hoodie', '2', 3252),
	(4033, 'summit-l6-parka', 'summit-l6-parka', '2', 3253),
	(4034, 'ws-diameter-down-hybrid-jacket', 'ws-diameter-down-hybrid-jacket', '2', 3254),
	(4035, 'arctic-swirl-down-parka', 'arctic-swirl-down-parka', '2', 3255),
	(4036, 'denali-thermal-etip-glove', 'denali-thermal-etip-glove', '2', 3256),
	(4037, 'purist-triclimate-jacket', 'purist-triclimate-jacket', '2', 3257),
	(4038, 'leighli-insulated-jacket', 'leighli-insulated-jacket', '2', 3258),
	(4039, 'fuse-brigandine-jacket', 'fuse-brigandine-jacket', '2', 3259),
	(4040, 'fuse-brigandine-jacket', 'fuse-brigandine-jacket', '2', 3260),
	(4041, 'endeavor-thermoball-jacket', 'endeavor-thermoball-jacket', '2', 3261),
	(4042, 'himalayan-parka', 'himalayan-parka', '2', 3262),
	(4043, 'ms-powder-guide-jacket', 'ms-powder-guide-jacket', '2', 3263),
	(4044, 'barstol-aviator-jacket', 'barstol-aviator-jacket', '2', 3264),
	(4045, 'convertible-paramount-20-pant', 'convertible-paramount-20-pant', '2', 3265),
	(4046, 'ms-summit-l4-softshell-pant', 'ms-summit-l4-softshell-pant', '2', 3266),
	(4047, 's-l3-proprius-primaloft-hoodie', 's-l3-proprius-primaloft-hoodie', '2', 3267),
	(4048, 'crescent-jacket', 'crescent-jacket', '2', 3268),
	(4049, 'l1-top-pullover', 'l1-top-pullover', '2', 3269),
	(4050, 'endurus-hike-goretex-shoe', 'endurus-hike-goretex-shoe', '2', 3270),
	(4051, 's-l3-proprius-down-hoodie', 's-l3-proprius-down-hoodie', '2', 3271),
	(4052, 'furlander-mitt', 'furlander-mitt', '2', 3272),
	(4053, 'arcata-hoddie', 'arcata-hoddie', '2', 3273),
	(4054, 'brave-the-cold-clothes', 'brave-the-cold-clothes', '2', 3274),
	(4055, 'fuseform-s-l5-en-goretex-cknit-jacket', 'fuseform-s-l5-en-goretex-cknit-jacket', '2', 3275),
	(4056, 's-l4-proprius-softshell-pant', 's-l4-proprius-softshell-pant', '2', 3276),
	(4057, 'fort-point-insulated-jacket', 'fort-point-insulated-jacket', '2', 3277),
	(4058, 's-l5-proprius-gtx-active-jacket', 's-l5-proprius-gtx-active-jacket', '2', 3278),
	(4059, 'lostrail-jacket', 'lostrail-jacket', '2', 3279),
	(4060, 'purna-luxe-winter-boot', 'purna-luxe-winter-boot', '2', 3280),
	(4061, 'summit-l4-softshell-pant', 'summit-l4-softshell-pant', '2', 3281),
	(4062, 'rarig-bib', 'rarig-bib', '2', 3282),
	(4063, 'free-thinker-bib-overalls', 'free-thinker-bib-overalls', '2', 3283),
	(4064, 'brave-the-cold-pant', 'brave-the-cold-pant', '2', 3284),
	(4065, 'fuse-brigandine-bib-overalls', 'fuse-brigandine-bib-overalls', '2', 3285),
	(4066, 'premonition-jacket', 'premonition-jacket', '2', 3286),
	(4067, 'summit-l3-proprius-primaloft-hoodie', 'summit-l3-proprius-primaloft-hoodie', '2', 3287),
	(4068, 'summit-l3-proprius-hoodie', 'summit-l3-proprius-hoodie', '2', 3288),
	(4069, 'reactor-hoodie', 'reactor-hoodie', '2', 3289),
	(4070, 'l4-proprius-softshell-pant', 'l4-proprius-softshell-pant', '2', 3290),
	(4071, 'ampere-litho-pants', 'ampere-litho-pants', '2', 3291),
	(4072, 'l5-proprius-goretex-active-jacket', 'l5-proprius-goretex-active-jacket', '2', 3292),
	(4073, 'cryos-hikers-boot', 'cryos-hikers-boot', '2', 3293),
	(4074, 'flight-touji-jacket', 'flight-touji-jacket', '2', 3294),
	(4075, 'hikein-sherpa-shirt', 'hikein-sherpa-shirt', '2', 3295),
	(4076, 'winter-tight', 'winter-tight', '2', 3296),
	(4077, 'dock-worker-beanie', 'dock-worker-beanie', '2', 3297),
	(4078, 'purist-pant', 'purist-pant', '2', 3298),
	(4079, 'half-dome-hoodie', 'half-dome-hoodie', '2', 3299),
	(4080, 'surgent-half-dome-hoodie', 'surgent-half-dome-hoodie', '2', 3300),
	(4081, 'half-dome-fill-pullover', 'half-dome-fill-pullover', '2', 3301),
	(4082, 'half-dome-triblend-tshirt', 'half-dome-triblend-tshirt', '2', 3302),
	(4083, 'surgent-half-dome-full-zip-hoodie', 'surgent-half-dome-full-zip-hoodie', '2', 3303),
	(4084, 'hedgehog-fastpack-goretex-shoes', 'hedgehog-fastpack-goretex-shoes', '2', 3304),
	(4085, 'montana-en-goretex-sg-glove', 'montana-en-goretex-sg-glove', '2', 3305),
	(4086, 's-l2-fuseform-fleece-jacket', 's-l2-fuseform-fleece-jacket', '2', 3306),
	(4088, 'gatekeeper-jacket', 'gatekeeper-jacket', '2', 3308),
	(4089, 'gatekeeper-jacket', 'gatekeeper-jacket', '2', 3309),
	(4090, 's-l2-fuseform-fleece-12-zip-hoodie', 's-l2-fuseform-fleece-12-zip-hoodie', '2', 3310),
	(4091, 'ws-gatekeeper-jacket', 'ws-gatekeeper-jacket', '2', 3311),
	(4092, 'reactor-jacket', 'reactor-jacket', '2', 3312),
	(4093, 'gotham-jacket-iii', 'gotham-jacket-iii', '2', 3313),
	(4094, 'summit-l3-ventrix-hoodie', 'summit-l3-ventrix-hoodie', '2', 3314),
	(4095, 'backtoberkeley-redux-reflective-shoe', 'backtoberkeley-redux-reflective-shoe', '2', 3315),
	(4096, 'gotham-jacket', 'gotham-jacket', '2', 3316),
	(4097, 'fuseform-summit-l5-gtx-pant', 'fuseform-summit-l5-gtx-pant', '2', 3317),
	(4098, 'gotham-jacket-ii', 'gotham-jacket-ii', '2', 3318),
	(4099, 'active-thermoball-jacket', 'active-thermoball-jacket', '2', 3319),
	(4100, 'cryos-glove', 'cryos-glove', '2', 3320),
	(4101, 'powdance-pant', 'powdance-pant', '2', 3321),
	(4102, 'harway-hybrid-pullover', 'harway-hybrid-pullover', '2', 3322),
	(4103, 'free-thinker-jacket', 'free-thinker-jacket', '2', 3323),
	(4104, 'brianna-insulated-jacket', 'brianna-insulated-jacket', '2', 3324),
	(4105, 'fuseform-summit-l5-gtx-jacket', 'fuseform-summit-l5-gtx-jacket', '2', 3325),
	(4106, 'powder-guide-pant', 'powder-guide-pant', '2', 3326),
	(4107, 'thermoball-parka-ii', 'thermoball-parka-ii', '2', 3327),
	(4108, 'winter-training-tight', 'winter-training-tight', '2', 3328),
	(4109, 'heavenly-down-jacket', 'heavenly-down-jacket', '2', 3329),
	(4110, 'reversible-perito-jacket', 'reversible-perito-jacket', '2', 3330),
	(4111, 'thermoball-versa-boot', 'thermoball-versa-boot', '2', 3331),
	(4112, 'mcmurdo-parka-iii', 'mcmurdo-parka-iii', '2', 3332),
	(4113, 'stretch-down-jacket', 'stretch-down-jacket', '2', 3333),
	(4114, 'cuchillo-parka', 'cuchillo-parka', '2', 3334),
	(4115, 'cryos-cashmere-foldover-gloves', 'cryos-cashmere-foldover-gloves', '2', 3335),
	(4116, 'reversible-perrito-jacket', 'reversible-perrito-jacket', '2', 3336),
	(4117, 'beanie-denali-thermal', 'beanie-denali-thermal', '2', 3337),
	(4118, 'pendleton-nuptse-vest', 'pendleton-nuptse-vest', '2', 3338),
	(4119, 'poncho-slacker-sweater', 'poncho-slacker-sweater', '2', 3339),
	(4120, 'ms-diameter-down-hybrid-jacket', 'ms-diameter-down-hybrid-jacket', '2', 3340),
	(4121, 'mount-elbert-parka', 'mount-elbert-parka', '2', 3341),
	(4122, 'glacier-14-zip', 'glacier-14-zip', '2', 3342),
	(4123, 'crescent-full-zip-hoodie', 'crescent-full-zip-hoodie', '2', 3343),
	(4124, 'powdance-jacket', 'powdance-jacket', '2', 3344),
	(4125, 'nuptse-vest', 'nuptse-vest', '2', 3345),
	(4126, 'metropolis-parka-ii-new', 'metropolis-parka-ii-new', '2', 3346),
	(4127, 'ultra-endurance-goretex-shoe', 'ultra-endurance-goretex-shoe', '2', 3347),
	(4128, 'thermoball-snow-triclimate-jacket', 'thermoball-snow-triclimate-jacket', '2', 3348),
	(4129, 'inlux-insulated-jacket', 'inlux-insulated-jacket', '2', 3349),
	(4130, 'ws-fuse-brigandine-overalls', 'ws-fuse-brigandine-overalls', '2', 3350),
	(4131, 'fuzzy-earflap-beanie', 'fuzzy-earflap-beanie', '2', 3351),
	(4132, 'miss-metro-parka', 'miss-metro-parka', '2', 3352),
	(4133, 'thermoball-active-vest', 'thermoball-active-vest', '2', 3353),
	(4134, 'shellista-iii-pullon-boot', 'shellista-iii-pullon-boot', '2', 3354),
	(4135, 'nuptse-ridge-parka', 'nuptse-ridge-parka', '2', 3355),
	(4136, 'kira-triclimate-jacket', 'kira-triclimate-jacket', '2', 3356),
	(4137, 'aleutian-207-sleeping-bag', 'aleutian-207-sleeping-bag', '2', 3357),
	(4138, 'novelty-nuptse-vest', 'novelty-nuptse-vest', '2', 3358),
	(4139, 'half-dome-hoodie', 'half-dome-hoodie', '2', 3359),
	(4140, 'ms-chilkat-iii-boot', 'ms-chilkat-iii-boot', '2', 3360),
	(4141, 'transit-ii-jacket', 'transit-ii-jacket', '2', 3361),
	(4142, 'clement-triclimate-jacket', 'clement-triclimate-jacket', '2', 3362),
	(4143, 'summit-l2-fuseform-hoodie', 'summit-l2-fuseform-hoodie', '2', 3363),
	(4144, 'gotham-parka-ii', 'gotham-parka-ii', '2', 3364),
	(4145, 'inlux-jacket', 'inlux-jacket', '2', 3365),
	(4146, 'pendleton-wool-hat', 'pendleton-wool-hat', '2', 3366),
	(4147, 'slackpack-20', 'slackpack-20', '2', 3367),
	(4148, 'ws-chilkat-iii-boot', 'ws-chilkat-iii-boot', '2', 3368),
	(4149, 'snowsquall-mid-boot', 'snowsquall-mid-boot', '2', 3369),
	(4150, 'resolve-reflective-jacket', 'resolve-reflective-jacket', '2', 3370),
	(4151, 'versitas-tee', 'versitas-tee', '2', 3371),
	(4152, 'cali-roots-tank', 'cali-roots-tank', '2', 3372),
	(4153, 'ballard-ii-chukka-boot', 'ballard-ii-chukka-boot', '2', 3373),
	(4154, 'isotherm-hoodie', 'isotherm-hoodie', '2', 3374),
	(4155, 'pulse-leggings', 'pulse-leggings', '2', 3375),
	(4156, 'backtoberkeley-redux-sneaker', 'backtoberkeley-redux-sneaker', '2', 3376),
	(4157, 'ambition-tee', 'ambition-tee', '2', 3377),
	(4158, 'backpack-back-litus-22', 'backpack-back-litus-22', '2', 3378),
	(4159, 'venture-2-pants', 'venture-2-pants', '2', 3379),
	(4160, 'kilowatt-jacket', 'kilowatt-jacket', '2', 3380),
	(4161, 'litus-32-backpack', 'litus-32-backpack', '2', 3381),
	(4162, 'terra-40-backpack', 'terra-40-backpack', '2', 3382),
	(4163, 'kickin-it-hoodie', 'kickin-it-hoodie', '2', 3383),
	(4164, 'apex-bionic-2-jacket', 'apex-bionic-2-jacket', '2', 3384),
	(4165, 'banchee-35-backpack', 'banchee-35-backpack', '2', 3385),
	(4166, 'motion-pant', 'motion-pant', '2', 3386),
	(4167, 'terra-50-backpack', 'terra-50-backpack', '2', 3387),
	(4168, 'norris-jacket', 'norris-jacket', '2', 3388),
	(4169, 'hedgehog-fastpack-gtx-shoe', 'hedgehog-fastpack-gtx-shoe', '2', 3389),
	(4170, 'bs-kickin-it-hoodie', 'bs-kickin-it-hoodie', '2', 3390),
	(4171, 'plushee-bear-hoodie', 'plushee-bear-hoodie', '2', 3391),
	(4172, 'nse-bootie', 'nse-bootie', '2', 3392),
	(4173, 'insulated-tailout-one-piece', 'insulated-tailout-one-piece', '2', 3393),
	(4174, 'apex-risor-jacket', 'apex-risor-jacket', '2', 3394),
	(4175, 'pack-unstructured-cap', 'pack-unstructured-cap', '2', 3395),
	(4176, 'apex-risor-hooded-jacket', 'apex-risor-hooded-jacket', '2', 3396),
	(4177, 'reversible-mossbud-swirl-vest', 'reversible-mossbud-swirl-vest', '2', 3397),
	(4178, 'aphrodite-hd-deluxe-pant', 'aphrodite-hd-deluxe-pant', '2', 3398),
	(4179, 'reversible-true-or-false-jacket', 'reversible-true-or-false-jacket', '2', 3399),
	(4180, 'oso-hooded-jacket', 'oso-hooded-jacket', '2', 3400),
	(4181, 'horizon-ball-cap', 'horizon-ball-cap', '2', 3401),
	(4182, 'logowear-pullover-hoodie', 'logowear-pullover-hoodie', '2', 3402),
	(4183, 'gs-oso-hooded-jacket', 'gs-oso-hooded-jacket', '2', 3403),
	(4184, 'ampere-hoodie', 'ampere-hoodie', '2', 3404),
	(4186, 'dryzzle-jacket', 'dryzzle-jacket', '2', 3406),
	(4187, 'sherparazo-hooded-jacket', 'sherparazo-hooded-jacket', '2', 3407),
	(4188, 'better-than-naked-lh-7-short', 'better-than-naked-lh-7-short', '2', 3408),
	(4189, 'pseudio-vest', 'pseudio-vest', '2', 3409),
	(4190, 'test-produit', 'test-produit', '2', 3410),
	(4191, 'borod-jacket', 'borod-jacket', '2', 3411),
	(4192, 'breakaway-cap', 'breakaway-cap', '2', 3412),
	(4193, 'reaxion-amp-vneck-tee', 'reaxion-amp-vneck-tee', '2', 3413),
	(4194, 'borod-hoodie', 'borod-hoodie', '2', 3414),
	(4195, 'cryos-gtx-jacket', 'cryos-gtx-jacket', '2', 3415),
	(4196, '3l-triclimate-jacket', '3l-triclimate-jacket', '2', 3416),
	(4197, 'nashira-triclimate-jacket', 'nashira-triclimate-jacket', '2', 3417),
	(4199, 'repko-jacket', 'repko-jacket', '2', 3419),
	(4200, 'alligare-thermoball-triclimate-jacket', 'alligare-thermoball-triclimate-jacket', '2', 3420),
	(4201, 'unlimited-jacket', 'unlimited-jacket', '2', 3421),
	(4202, 'outer-boroughs-triclimate-jacket', 'outer-boroughs-triclimate-jacket', '2', 3422),
	(4203, 's-l3-ventrix-hoodie', 's-l3-ventrix-hoodie', '2', 3423),
	(4204, 'premonition-jacket', 'premonition-jacket', '2', 3424),
	(4205, 'harway-vest', 'harway-vest', '2', 3425),
	(4206, 'outer-boroughs-parka', 'outer-boroughs-parka', '2', 3426),
	(4207, 'bearitage-hoodie', 'bearitage-hoodie', '2', 3427),
	(4208, 'osilito-mitts', 'osilito-mitts', '2', 3428),
	(4209, 'slashback-cargo-pant', 'slashback-cargo-pant', '2', 3429),
	(4210, 'far-northern-parka', 'far-northern-parka', '2', 3430),
	(4211, 'reactor-crew-tee', 'reactor-crew-tee', '2', 3431),
	(4212, 'tech-sherpa-hoodie', 'tech-sherpa-hoodie', '2', 3432),
	(4213, 'summit-l5-goretex-pro-bib', 'summit-l5-goretex-pro-bib', '2', 3433),
	(4214, 'jr-base-camp-sandal', 'jr-base-camp-sandal', '2', 3434),
	(4215, 'il-solo-glove', 'il-solo-glove', '2', 3435),
	(4216, 'ambition-14-zip-sweater', 'ambition-14-zip-sweater', '2', 3436),
	(4217, 'novelty-gordon-lyons-sweater', 'novelty-gordon-lyons-sweater', '2', 3437),
	(4218, 'mountain-view-triblend-tee', 'mountain-view-triblend-tee', '2', 3438),
	(4219, 'cross-boroughs-triclimate-jacket', 'cross-boroughs-triclimate-jacket', '2', 3439),
	(4220, 'l1-top-sweater', 'l1-top-sweater', '2', 3440),
	(4221, 'rapido-jacket', 'rapido-jacket', '2', 3441),
	(4222, 'montana-gtx-mitt', 'montana-gtx-mitt', '2', 3442),
	(4223, 'aphrodite-motion-pant', 'aphrodite-motion-pant', '2', 3443),
	(4224, 'longhaul-travel-bag', 'longhaul-travel-bag', '2', 3444),
	(4225, 'shortsleeve-half-dome-baseball-tee', 'shortsleeve-half-dome-baseball-tee', '2', 3445),
	(4226, 'pamir-windstopper-etip-glove', 'pamir-windstopper-etip-glove', '2', 3446),
	(4227, 'guardian-etip-glove', 'guardian-etip-glove', '2', 3447),
	(4228, 'immaculator-parka', 'immaculator-parka', '2', 3448),
	(4229, 'gs-crescent-sweater', 'gs-crescent-sweater', '2', 3449),
	(4230, 'windwall-etip-glove', 'windwall-etip-glove', '2', 3450),
	(4231, 'triple-c-ii-parka', 'triple-c-ii-parka', '2', 3451),
	(4232, 'powder-guide-mid-layer-jacket', 'powder-guide-mid-layer-jacket', '2', 3452),
	(4233, 'reversible-mossbud-swirl-mitts-glove', 'reversible-mossbud-swirl-mitts-glove', '2', 3453),
	(4234, 'mount-chimborazo-hoodie', 'mount-chimborazo-hoodie', '2', 3454),
	(4235, 'proprix-summit-l2-hooded-jacket', 'proprix-summit-l2-hooded-jacket', '2', 3455),
	(4236, 'hitchline-shirt', 'hitchline-shirt', '2', 3456),
	(4237, 'lostrail-jacket', 'lostrail-jacket', '2', 3457),
	(4238, 'garner-triclimate-jacket', 'garner-triclimate-jacket', '2', 3458),
	(4239, 'shredromper-overalls', 'shredromper-overalls', '2', 3459),
	(4240, 'anonym-pants', 'anonym-pants', '2', 3460),
	(4241, 'ambition-14-zip-sweater', 'ambition-14-zip-sweater', '2', 3461),
	(4242, 'cryos-down-parka', 'cryos-down-parka', '2', 3462),
	(4243, 'powdance-pant', 'powdance-pant', '2', 3463),
	(4244, 'snomad-34-backpack', 'snomad-34-backpack', '2', 3464),
	(4245, 'aboutaday-pant', 'aboutaday-pant', '2', 3465),
	(4246, 'purist-triclimate-jacket', 'purist-triclimate-jacket', '2', 3466),
	(4247, 'half-dome-pant', 'half-dome-pant', '2', 3467),
	(4248, 'snomad-26-backpack', 'snomad-26-backpack', '2', 3468),
	(4249, 'outer-boroughs-jacket', 'outer-boroughs-jacket', '2', 3469),
	(4250, 'reversible-mossbud-swirl-hoodie', 'reversible-mossbud-swirl-hoodie', '2', 3470),
	(4251, 'snomad-26-backpack', 'snomad-26-backpack', '2', 3471),
	(4252, 'corefire-down-jacket', 'corefire-down-jacket', '2', 3472),
	(4253, 'maching-jacket', 'maching-jacket', '2', 3473),
	(4254, 'andes-down-jacket', 'andes-down-jacket', '2', 3474),
	(4255, 'niche-vest', 'niche-vest', '2', 3475),
	(4256, 'tnf-graphic-tee', 'tnf-graphic-tee', '2', 3476),
	(4257, 'shinsky-beanie', 'shinsky-beanie', '2', 3477),
	(4258, 'reflective-joggers-pant', 'reflective-joggers-pant', '2', 3478),
	(4259, 'ws-unlimited-jacket', 'ws-unlimited-jacket', '2', 3479),
	(4260, 'far-northern-hybrid-bomber', 'far-northern-hybrid-bomber', '2', 3480),
	(4261, 'reflective-pullover-hoodie', 'reflective-pullover-hoodie', '2', 3481),
	(4262, 'wicked-beanie', 'wicked-beanie', '2', 3482),
	(4263, 'ws-gatekeeper-jacket', 'ws-gatekeeper-jacket', '2', 3483),
	(4264, 'double-down-triclimate-jacket', 'double-down-triclimate-jacket', '2', 3484),
	(4265, 'furry-scarf', 'furry-scarf', '2', 3485),
	(4266, 'salty-dog-beanie', 'salty-dog-beanie', '2', 3486),
	(4267, 'east-ridge-triclimate-jacket', 'east-ridge-triclimate-jacket', '2', 3487),
	(4268, 'simply-the-best-earband', 'simply-the-best-earband', '2', 3488),
	(4269, 'ws-powder-guide-jacket', 'ws-powder-guide-jacket', '2', 3489),
	(4270, 'antlers-beanie', 'antlers-beanie', '2', 3490),
	(4271, 'apex-flex-gtx-disruptor-parka', 'apex-flex-gtx-disruptor-parka', '2', 3491),
	(4272, 'denali-jacket', 'denali-jacket', '2', 3492),
	(4273, 'powder-guide-pants', 'powder-guide-pants', '2', 3493),
	(4274, 'jim-beanie', 'jim-beanie', '2', 3494),
	(4275, 'purist-pants', 'purist-pants', '2', 3495),
	(4276, 'shellista-extreme-boot', 'shellista-extreme-boot', '2', 3496),
	(4277, 'montana-en-goretex-mitts', 'montana-en-goretex-mitts', '2', 3497),
	(4278, 'fovero-70-backpack', 'fovero-70-backpack', '2', 3498),
	(4279, 'espirator-34-zip-mid-layer-jacket', 'espirator-34-zip-mid-layer-jacket', '2', 3499),
	(4280, 'apex-bionic-jacket', 'apex-bionic-jacket', '2', 3500),
	(4281, 'cobra-60-bagpack', 'cobra-60-bagpack', '2', 3501),
	(4282, 'gatekeeper-pant', 'gatekeeper-pant', '2', 3502),
	(4283, 'surge-backpack', 'surge-backpack', '2', 3503),
	(4284, 'itinerant-backpack', 'itinerant-backpack', '2', 3504),
	(4285, 'inferno-sleeping-bag', 'inferno-sleeping-bag', '2', 3505),
	(4286, 'lucia-hybrid-down-jacket', 'lucia-hybrid-down-jacket', '2', 3506),
	(4287, 'minna-beanie', 'minna-beanie', '2', 3507),
	(4288, 'the-cold-wind-sweater', 'the-cold-wind-sweater', '2', 3508),
	(4289, 'chizzler-headband', 'chizzler-headband', '2', 3509),
	(4290, 'etip-glove', 'etip-glove', '2', 3510),
	(4291, 'cryos-jacket', 'cryos-jacket', '2', 3511),
	(4292, 'backpack-wavelength', 'backpack-wavelength', '2', 3512),
	(4293, 'alpenglow-extreme-ii-boot', 'alpenglow-extreme-ii-boot', '2', 3513),
	(4294, 'insulated-jenison-jacket', 'insulated-jenison-jacket', '2', 3514),
	(4295, 'brave-the-cold-tight', 'brave-the-cold-tight', '2', 3515),
	(4296, 'asher-bootie', 'asher-bootie', '2', 3516),
	(4297, 'kilowatt-thermoball-jacket', 'kilowatt-thermoball-jacket', '2', 3517),
	(4298, 'minna-mitt', 'minna-mitt', '2', 3518),
	(4299, 'campshire-vest', 'campshire-vest', '2', 3519),
	(4300, 'barstol-bomber', 'barstol-bomber', '2', 3520),
	(4301, 'salty-pup-beanie', 'salty-pup-beanie', '2', 3521),
	(4302, 'cryos-gtx-triclimate-jacket', 'cryos-gtx-triclimate-jacket', '2', 3522),
	(4303, 'cable-minna-scarf', 'cable-minna-scarf', '2', 3523),
	(4304, 'bs-bones-beanie', 'bs-bones-beanie', '2', 3524),
	(4305, 'cryos-bomber', 'cryos-bomber', '2', 3525),
	(4306, 'purrl-stitch-beanie', 'purrl-stitch-beanie', '2', 3526),
	(4307, 'ws-cryos-vest', 'ws-cryos-vest', '2', 3527),
	(4308, 'nanny-headband', 'nanny-headband', '2', 3528),
	(4309, 'cryos-expedition-gtx-parka', 'cryos-expedition-gtx-parka', '2', 3529),
	(4310, 'cryos-beanie', 'cryos-beanie', '2', 3530),
	(4311, 'cryos-cap', 'cryos-cap', '2', 3531),
	(4312, 'gordon-lyons-jacket', 'gordon-lyons-jacket', '2', 3532),
	(4313, 'recon-backpack-m', 'recon-backpack-m', '2', 3533),
	(4314, 'recon-backpack-w', 'recon-backpack-w', '2', 3534),
	(4315, 'cresting-knit-top', 'cresting-knit-top', '2', 3535),
	(4316, 'faroe-beanie', 'faroe-beanie', '2', 3536),
	(4317, 'denali-jacket', 'denali-jacket', '2', 3537),
	(4318, 'aleutian-018-sleeping-bag', 'aleutian-018-sleeping-bag', '2', 3538),
	(4319, 'snuggler-down-bunting-combination', 'snuggler-down-bunting-combination', '2', 3539),
	(4320, 'shelbe-raschel-hoodie', 'shelbe-raschel-hoodie', '2', 3540),
	(4321, 'elisa-down-parka', 'elisa-down-parka', '2', 3541),
	(4322, 'moondoggy-20-down-jacket', 'moondoggy-20-down-jacket', '2', 3542),
	(4323, 'greenland-down-parka', 'greenland-down-parka', '2', 3543),
	(4324, 'harway-vest', 'harway-vest', '2', 3544),
	(4325, 'banchee-65-backpacks', 'banchee-65-backpacks', '2', 3545),
	(4326, 'osolita-triclimate-jacket', 'osolita-triclimate-jacket', '2', 3546),
	(4327, 'gotham-20-down-jacket', 'gotham-20-down-jacket', '2', 3547),
	(4328, 'french-terry-pant', 'french-terry-pant', '2', 3548),
	(4329, 'gs-andes-down-jacket', 'gs-andes-down-jacket', '2', 3549),
	(4330, 'brave-the-cold-pullover', 'brave-the-cold-pullover', '2', 3550),
	(4331, 'plushee-pant', 'plushee-pant', '2', 3551),
	(4332, 'boundary-triclimate-jacket', 'boundary-triclimate-jacket', '2', 3552),
	(4333, 'wool-balaclava', 'wool-balaclava', '2', 3553),
	(4335, 'agave-jacket', 'agave-jacket', '2', 3555),
	(4336, 'motivation-printed-tight', 'motivation-printed-tight', '2', 3556),
	(4337, 'commutr-gloves', 'commutr-gloves', '2', 3557),
	(4338, 'cable-ear-gear', 'cable-ear-gear', '2', 3558),
	(4339, 'rolling-thunder-22-suitcase', 'rolling-thunder-22-suitcase', '2', 3559),
	(4340, 'furlander-scarf', 'furlander-scarf', '2', 3560),
	(4341, 'perrito-jacket', 'perrito-jacket', '2', 3561),
	(4342, 'purrl-stitch-scarf', 'purrl-stitch-scarf', '2', 3562),
	(4343, 'harway-jacket', 'harway-jacket', '2', 3563),
	(4344, 'base-camp-travel-canister', 'base-camp-travel-canister', '2', 3564),
	(4345, 'chunky-pom-beanie', 'chunky-pom-beanie', '2', 3565),
	(4346, 'french-terry-pullover-hoodie', 'french-terry-pullover-hoodie', '2', 3566),
	(4347, 'espadrille-mountain-shoe', 'espadrille-mountain-shoe', '2', 3567),
	(4348, 'denali-thermal-beanie', 'denali-thermal-beanie', '2', 3568),
	(4349, 'dolomite-207-sleeping-bag', 'dolomite-207-sleeping-bag', '2', 3569),
	(4350, 'ez-colorblocked-pullover', 'ez-colorblocked-pullover', '2', 3570),
	(4351, 'endurus-hike-gtex-shoe', 'endurus-hike-gtex-shoe', '2', 3571),
	(4352, 'graphic-tshirt', 'graphic-tshirt', '2', 3572),
	(4353, 'rolling-thunder-36-suitcase', 'rolling-thunder-36-suitcase', '2', 3573),
	(4354, 'woodland-sweater-wrap', 'woodland-sweater-wrap', '2', 3574),
	(4355, 'kaban-backpack', 'kaban-backpack', '2', 3575),
	(4356, 'motivation-psonic-vest', 'motivation-psonic-vest', '2', 3576),
	(4357, 'rolling-thunder-suitcase', 'rolling-thunder-suitcase', '2', 3577),
	(4358, 'sprout-backpack', 'sprout-backpack', '2', 3578),
	(4359, 'fresh-tracks-triclimate-jacket', 'fresh-tracks-triclimate-jacket', '2', 3579),
	(4360, 'crescent-parka', 'crescent-parka', '2', 3580),
	(4361, 'tube-chunky-scraf', 'tube-chunky-scraf', '2', 3581),
	(4362, 'rolling-thunder-19-suitcase', 'rolling-thunder-19-suitcase', '2', 3582),
	(4363, 'faroe-mitts', 'faroe-mitts', '2', 3583),
	(4364, 'motivation-tee', 'motivation-tee', '2', 3584),
	(4365, 'campshire-pullover-hoodie', 'campshire-pullover-hoodie', '2', 3585),
	(4366, 'homestead-roomy-2', 'homestead-roomy-2', '2', 3586),
	(4367, 'layered-neck-gaiter-beanie', 'layered-neck-gaiter-beanie', '2', 3587),
	(4368, 'texture-cap-rock-jacket', 'texture-cap-rock-jacket', '2', 3588),
	(4369, 'arctic-jumpsuit', 'arctic-jumpsuit', '2', 3589),
	(4370, 'trivert-pullover-hoodie', 'trivert-pullover-hoodie', '2', 3590),
	(4371, 'motivation-jacket', 'motivation-jacket', '2', 3591),
	(4372, 'flight-touji-tight', 'flight-touji-tight', '2', 3592),
	(4373, 'patrol-balaclava', 'patrol-balaclava', '2', 3593),
	(4374, 'kz-hike-pants', 'kz-hike-pants', '2', 3594),
	(4375, 'endurus-hike-mid-goretex', 'endurus-hike-mid-goretex', '2', 3595),
	(4376, 'banchee-50', 'banchee-50', '2', 3596),
	(4377, 'banchee-65', 'banchee-65', '2', 3597),
	(4378, 'test-de-produit-3', 'test-de-produit-3', '2', 99),
	(4379, 'test-produit-4', 'test-produit-4', '2', 100),
	(4380, 'test-produit-4', 'test-produit-4', '2', 101),
	(4381, 'test-add-page', 'test-add-page', '3', 12),
	(4382, 'page-de-test', 'page-de-test', '3', 13),
	(4383, 'bonjour-2', 'bonjour-2', '4', 7);
/*!40000 ALTER TABLE `sys_url_rewrite` ENABLE KEYS */;

-- Export de la structure de la table lafactorysem. ticketit
DROP TABLE IF EXISTS `ticketit`;
CREATE TABLE IF NOT EXISTS `ticketit` (
  `id` int(10) unsigned NOT NULL AUTO_INCREMENT,
  `type` varchar(191) COLLATE utf8mb4_unicode_ci NOT NULL,
  `subject` varchar(191) COLLATE utf8mb4_unicode_ci NOT NULL,
  `content` longtext COLLATE utf8mb4_unicode_ci NOT NULL,
  `status_id` int(11) DEFAULT NULL,
  `priority_id` int(11) DEFAULT NULL,
  `user_id` int(11) DEFAULT NULL,
  `name` varchar(191) COLLATE utf8mb4_unicode_ci NOT NULL,
  `category_id` int(10) unsigned NOT NULL,
  `email` varchar(191) COLLATE utf8mb4_unicode_ci NOT NULL,
  `created_at` timestamp NULL DEFAULT NULL,
  `updated_at` timestamp NULL DEFAULT NULL,
  PRIMARY KEY (`id`)
) ENGINE=InnoDB AUTO_INCREMENT=6 DEFAULT CHARSET=utf8mb4 COLLATE=utf8mb4_unicode_ci;

-- Export de données de la table lafactorysem.ticketit : ~3 rows (environ)
DELETE FROM `ticketit`;
/*!40000 ALTER TABLE `ticketit` DISABLE KEYS */;
INSERT INTO `ticketit` (`id`, `type`, `subject`, `content`, `status_id`, `priority_id`, `user_id`, `name`, `category_id`, `email`, `created_at`, `updated_at`) VALUES
	(3, 'Ticket', 'Sujet de test tickets', 'test ticket description', 2, 1, 39, 'Full Subscribe', 1, 'full@subscribe.com', '2018-08-16 10:33:07', '2018-08-16 10:37:18'),
	(4, 'Ticket', 'Comment déboucher le vin', 'Je ne sais pas comment déboucher le vin', 1, 1, 39, 'Full Subscribe 4', 2, 'full@subscribe.com', '2018-08-17 08:35:00', '2018-08-17 08:35:00'),
	(5, 'Ticket', 'Condition de lavage du rideau lin', 'Je voudrai savoir si on peut laver le rideau lin à l\'eau, et aussi à l\'eau chaude', 1, 1, 39, 'Full Subscribe 4', 2, 'full@subscribe.com', '2018-08-17 08:43:03', '2018-08-17 08:43:03');
/*!40000 ALTER TABLE `ticketit` ENABLE KEYS */;

-- Export de la structure de la table lafactorysem. ticketit_categories
DROP TABLE IF EXISTS `ticketit_categories`;
CREATE TABLE IF NOT EXISTS `ticketit_categories` (
  `id` int(10) unsigned NOT NULL AUTO_INCREMENT,
  `color` varchar(191) COLLATE utf8mb4_unicode_ci NOT NULL,
  `type` int(11) NOT NULL,
  PRIMARY KEY (`id`)
) ENGINE=InnoDB AUTO_INCREMENT=4 DEFAULT CHARSET=utf8mb4 COLLATE=utf8mb4_unicode_ci;

-- Export de données de la table lafactorysem.ticketit_categories : ~2 rows (environ)
DELETE FROM `ticketit_categories`;
/*!40000 ALTER TABLE `ticketit_categories` DISABLE KEYS */;
INSERT INTO `ticketit_categories` (`id`, `color`, `type`) VALUES
	(1, '#4a1773', 3),
	(2, 'rgba(171,64,64,0.76)', 3);
/*!40000 ALTER TABLE `ticketit_categories` ENABLE KEYS */;

-- Export de la structure de la table lafactorysem. ticketit_categories_translation
DROP TABLE IF EXISTS `ticketit_categories_translation`;
CREATE TABLE IF NOT EXISTS `ticketit_categories_translation` (
  `ticketit_categories_translation_id` int(10) unsigned NOT NULL AUTO_INCREMENT,
  `category_id` int(11) NOT NULL,
  `name` varchar(191) COLLATE utf8mb4_unicode_ci NOT NULL,
  `language_id` int(11) NOT NULL,
  PRIMARY KEY (`ticketit_categories_translation_id`)
) ENGINE=InnoDB AUTO_INCREMENT=7 DEFAULT CHARSET=utf8mb4 COLLATE=utf8mb4_unicode_ci;

-- Export de données de la table lafactorysem.ticketit_categories_translation : ~6 rows (environ)
DELETE FROM `ticketit_categories_translation`;
/*!40000 ALTER TABLE `ticketit_categories_translation` DISABLE KEYS */;
INSERT INTO `ticketit_categories_translation` (`ticketit_categories_translation_id`, `category_id`, `name`, `language_id`) VALUES
	(1, 1, 'Important', 1),
	(2, 1, 'Important', 2),
	(3, 2, 'test', 1),
	(4, 2, '.', 2),
	(5, 3, 'bonjour2', 1),
	(6, 3, '.', 2);
/*!40000 ALTER TABLE `ticketit_categories_translation` ENABLE KEYS */;

-- Export de la structure de la table lafactorysem. ticketit_comments
DROP TABLE IF EXISTS `ticketit_comments`;
CREATE TABLE IF NOT EXISTS `ticketit_comments` (
  `id` int(10) unsigned NOT NULL AUTO_INCREMENT,
  `content` text COLLATE utf8mb4_unicode_ci NOT NULL,
  `user_id` int(10) unsigned NOT NULL,
  `ticket_id` int(10) unsigned NOT NULL,
  `type_compte` int(10) unsigned NOT NULL,
  `created_at` timestamp NULL DEFAULT NULL,
  `updated_at` timestamp NULL DEFAULT NULL,
  PRIMARY KEY (`id`)
) ENGINE=InnoDB AUTO_INCREMENT=21 DEFAULT CHARSET=utf8mb4 COLLATE=utf8mb4_unicode_ci;

-- Export de données de la table lafactorysem.ticketit_comments : ~20 rows (environ)
DELETE FROM `ticketit_comments`;
/*!40000 ALTER TABLE `ticketit_comments` DISABLE KEYS */;
INSERT INTO `ticketit_comments` (`id`, `content`, `user_id`, `ticket_id`, `type_compte`, `created_at`, `updated_at`) VALUES
	(1, 'Bonjour tous le monde, je suis là maintenant', 31, 1, 1, '2018-04-30 09:09:14', '2018-04-30 09:09:14'),
	(2, 'Bous devez me repondez', 31, 1, 1, '2018-04-30 09:18:27', '2018-04-30 09:18:27'),
	(3, 'Vous devez repondre à mon tickets ', 31, 2, 1, '2018-05-01 20:09:25', '2018-05-01 20:09:25'),
	(4, 'Vous devez repondre à mon tickets ', 31, 2, 1, '2018-05-01 20:09:25', '2018-05-01 20:09:25'),
	(5, 'La tickets est envoyer 2 fois', 31, 2, 1, '2018-05-01 20:09:56', '2018-05-01 20:09:56'),
	(6, 'La tickets est envoyer 2 fois', 31, 2, 1, '2018-05-01 20:09:56', '2018-05-01 20:09:56'),
	(7, '3 ème commentaire de test', 31, 2, 1, '2018-05-01 20:21:07', '2018-05-01 20:21:07'),
	(8, '3 ème commentaire de test', 31, 2, 1, '2018-05-01 20:21:07', '2018-05-01 20:21:07'),
	(9, '4 ème test de commentaire', 31, 2, 1, '2018-05-01 20:24:41', '2018-05-01 20:24:41'),
	(10, '5 ème test de commentaire', 31, 2, 1, '2018-05-01 20:24:49', '2018-05-01 20:24:49'),
	(11, 'Une 6 ème test de commentaire', 31, 2, 1, '2018-05-01 20:27:06', '2018-05-01 20:27:06'),
	(12, 'Une 7ème test de commentaire', 31, 2, 1, '2018-05-01 20:27:34', '2018-05-01 20:27:34'),
	(13, 'Une 8 ème test de commentaire', 31, 2, 1, '2018-05-01 20:28:48', '2018-05-01 20:28:48'),
	(14, '', 31, 2, 1, '2018-05-01 20:28:53', '2018-05-01 20:28:53'),
	(15, '    dsdsdsdsds', 31, 2, 1, '2018-05-01 20:42:47', '2018-05-01 20:42:47'),
	(16, '<p><!-- Contenu du champs -->Tickets r&eacute;&ccedil;u</p>', 38, 3, 2, '2018-08-16 10:34:49', '2018-08-16 10:34:49'),
	(17, 'testetsets', 39, 3, 1, '2018-08-16 14:24:58', '2018-08-16 14:24:58'),
	(18, '<p><!-- Contenu du champs -->hehehe</p>', 38, 3, 2, '2018-08-16 14:28:40', '2018-08-16 14:28:40'),
	(19, 'aucune réponse?', 39, 4, 1, '2018-08-17 08:36:26', '2018-08-17 08:36:26'),
	(20, 'Pourquoi à l\'eau chaude?', 39, 5, 1, '2018-08-17 08:45:20', '2018-08-17 08:45:20');
/*!40000 ALTER TABLE `ticketit_comments` ENABLE KEYS */;

-- Export de la structure de la table lafactorysem. ticketit_priorities
DROP TABLE IF EXISTS `ticketit_priorities`;
CREATE TABLE IF NOT EXISTS `ticketit_priorities` (
  `id` int(10) unsigned NOT NULL AUTO_INCREMENT,
  `color` varchar(191) COLLATE utf8mb4_unicode_ci NOT NULL,
  PRIMARY KEY (`id`)
) ENGINE=InnoDB AUTO_INCREMENT=4 DEFAULT CHARSET=utf8mb4 COLLATE=utf8mb4_unicode_ci;

-- Export de données de la table lafactorysem.ticketit_priorities : ~2 rows (environ)
DELETE FROM `ticketit_priorities`;
/*!40000 ALTER TABLE `ticketit_priorities` DISABLE KEYS */;
INSERT INTO `ticketit_priorities` (`id`, `color`) VALUES
	(1, '#c72f53'),
	(2, 'rgba(14,162,209,0.77)');
/*!40000 ALTER TABLE `ticketit_priorities` ENABLE KEYS */;

-- Export de la structure de la table lafactorysem. ticketit_priorities_translation
DROP TABLE IF EXISTS `ticketit_priorities_translation`;
CREATE TABLE IF NOT EXISTS `ticketit_priorities_translation` (
  `ticketit_priorities_translation_id` int(10) unsigned NOT NULL AUTO_INCREMENT,
  `priority_id` int(11) NOT NULL,
  `name` varchar(191) COLLATE utf8mb4_unicode_ci NOT NULL,
  `language_id` int(11) NOT NULL,
  PRIMARY KEY (`ticketit_priorities_translation_id`)
) ENGINE=InnoDB AUTO_INCREMENT=7 DEFAULT CHARSET=utf8mb4 COLLATE=utf8mb4_unicode_ci;

-- Export de données de la table lafactorysem.ticketit_priorities_translation : ~6 rows (environ)
DELETE FROM `ticketit_priorities_translation`;
/*!40000 ALTER TABLE `ticketit_priorities_translation` DISABLE KEYS */;
INSERT INTO `ticketit_priorities_translation` (`ticketit_priorities_translation_id`, `priority_id`, `name`, `language_id`) VALUES
	(1, 1, 'Urgent', 1),
	(2, 1, 'Urgent', 2),
	(3, 2, 'Urgent urgent', 1),
	(4, 2, '.', 2),
	(5, 3, 'bonjour', 1),
	(6, 3, '.', 2);
/*!40000 ALTER TABLE `ticketit_priorities_translation` ENABLE KEYS */;

-- Export de la structure de la table lafactorysem. ticketit_statuses
DROP TABLE IF EXISTS `ticketit_statuses`;
CREATE TABLE IF NOT EXISTS `ticketit_statuses` (
  `id` int(10) unsigned NOT NULL AUTO_INCREMENT,
  `color` varchar(191) COLLATE utf8mb4_unicode_ci NOT NULL,
  `is_default` int(11) NOT NULL,
  PRIMARY KEY (`id`)
) ENGINE=InnoDB AUTO_INCREMENT=5 DEFAULT CHARSET=utf8mb4 COLLATE=utf8mb4_unicode_ci;

-- Export de données de la table lafactorysem.ticketit_statuses : ~3 rows (environ)
DELETE FROM `ticketit_statuses`;
/*!40000 ALTER TABLE `ticketit_statuses` DISABLE KEYS */;
INSERT INTO `ticketit_statuses` (`id`, `color`, `is_default`) VALUES
	(1, '#dbd9de', 1),
	(2, '#24ad43', 0),
	(3, 'rgba(97,61,61,0.68)', 0);
/*!40000 ALTER TABLE `ticketit_statuses` ENABLE KEYS */;

-- Export de la structure de la table lafactorysem. ticketit_statuses_translation
DROP TABLE IF EXISTS `ticketit_statuses_translation`;
CREATE TABLE IF NOT EXISTS `ticketit_statuses_translation` (
  `ticketit_statuses_translation_id` int(10) unsigned NOT NULL AUTO_INCREMENT,
  `status_id` int(11) NOT NULL,
  `name` varchar(191) COLLATE utf8mb4_unicode_ci NOT NULL,
  `language_id` int(11) NOT NULL,
  PRIMARY KEY (`ticketit_statuses_translation_id`)
) ENGINE=InnoDB AUTO_INCREMENT=9 DEFAULT CHARSET=utf8mb4 COLLATE=utf8mb4_unicode_ci;

-- Export de données de la table lafactorysem.ticketit_statuses_translation : ~8 rows (environ)
DELETE FROM `ticketit_statuses_translation`;
/*!40000 ALTER TABLE `ticketit_statuses_translation` DISABLE KEYS */;
INSERT INTO `ticketit_statuses_translation` (`ticketit_statuses_translation_id`, `status_id`, `name`, `language_id`) VALUES
	(1, 1, 'Waiting', 1),
	(2, 1, 'En attente', 2),
	(3, 2, 'Completed', 1),
	(4, 2, 'Corrigé', 2),
	(5, 3, 'fgdg', 1),
	(6, 3, '.', 2),
	(7, 4, 'bonjour2', 1),
	(8, 4, '.', 2);
/*!40000 ALTER TABLE `ticketit_statuses_translation` ENABLE KEYS */;

/*!40101 SET SQL_MODE=IFNULL(@OLD_SQL_MODE, '') */;
/*!40014 SET FOREIGN_KEY_CHECKS=IF(@OLD_FOREIGN_KEY_CHECKS IS NULL, 1, @OLD_FOREIGN_KEY_CHECKS) */;
/*!40101 SET CHARACTER_SET_CLIENT=@OLD_CHARACTER_SET_CLIENT */;
